[{
  "_id": {
    "$oid": "6536f0b5fbf92e44a767571b"
  },
  "name": "accel",
  "readAll": false,
  "writeAll": false,
  "tags": [
    {
      "_id": "6804a3ed-f471-4fd9-b486-4f09224d1a92",
      "name": "new-tag"
    },
    {
      "_id": "6922c8d3-bc43-40e2-8082-48d9a0d79d21",
      "name": "extra-new-tag"
    },
    {
      "_id": "69301e8a-8d56-4f6f-ab7c-9c1bb0db26bc",
      "name": "warning"
    }
  ],
  "shifts": [
    {
      "_id": "48f18dd9-d971-48fa-bd20-0508481f3ae0",
      "name": "Morning shift",
      "from": "14:00",
      "to": "18:59",
      "fromMinutesSinceMidnight": 840,
      "toMinutesSinceMidnight": 1139
    },
    {
      "_id": "d3bf2943-716d-4c96-8e90-427eb23a6cdd",
      "name": "Day shift",
      "from": "19:00",
      "to": "01:59",
      "fromMinutesSinceMidnight": 1140,
      "toMinutesSinceMidnight": 119
    },
    {
      "_id": "09864085-5471-4249-969a-d5f624f87893",
      "name": "Night shift",
      "from": "02:00",
      "to": "13:59",
      "fromMinutesSinceMidnight": 120,
      "toMinutesSinceMidnight": 839
    }
  ],
  "_class": "edu.stanford.slac.elog_plus.model.Logbook"
},
{
  "_id": {
    "$oid": "6536f0b5fbf92e44a767571c"
  },
  "name": "pep",
  "readAll": true,
  "writeAll": true,
  "tags": [
    {
      "_id": "13d9250a-7788-4c5e-a839-b36e1ccc2c86",
      "name": "facet"
    },
    {
      "_id": "e9982daa-cc8f-4946-84d3-6c45c79fecca",
      "name": "lcls"
    },
    {
      "_id": "d052e811-1191-42d5-9796-9a6d0f064f4d",
      "name": "warning"
    }
  ],
  "shifts": [
    {
      "_id": "a5db2783-1d8d-4fba-b7de-64e2ab8538a7",
      "name": "Owl Shift",
      "from": "07:00",
      "to": "14:59",
      "fromMinutesSinceMidnight": 420,
      "toMinutesSinceMidnight": 899
    },
    {
      "_id": "bee9dd2b-5c88-48ef-8c02-60c618923138",
      "name": "Day Shift",
      "from": "15:00",
      "to": "22:59",
      "fromMinutesSinceMidnight": 900,
      "toMinutesSinceMidnight": 1379
    },
    {
      "_id": "c27cc9d5-3ec3-4ae7-ac6a-c059cc30a24c",
      "name": "Swing Shift",
      "from": "23:00",
      "to": "06:59",
      "fromMinutesSinceMidnight": 1380,
      "toMinutesSinceMidnight": 419
    }
  ],
  "_class": "edu.stanford.slac.elog_plus.model.Logbook"
},
{
  "_id": {
    "$oid": "6536f0b5fbf92e44a767571d"
  },
  "name": "mcc",
  "tags": [
    {
      "_id": "68acd11d-05a8-45f5-b559-55a8d8833373",
      "name": "lcls"
    },
    {
      "_id": "0ba5394e-30cf-47f3-aaca-cfe5794332bd",
      "name": "facet"
    },
    {
      "_id": "24a72353-7479-4335-bb4f-6bd1a167e40a",
      "name": "lcls-sc-linac"
    },
    {
      "_id": "9c6eb682-32f5-42c3-be93-2e703ebf645a",
      "name": "lcls-nc-linac"
    },
    {
      "_id": "0d2eca6e-c5b0-4f48-9831-b9d20a70f8dd",
      "name": "warning"
    }
  ],
  "shifts": [
    {
      "_id": "7af1963a-4b47-464c-a2a7-40611094a903",
      "name": "Owl Shift",
      "from": "07:00",
      "to": "14:59",
      "fromMinutesSinceMidnight": 420,
      "toMinutesSinceMidnight": 899
    },
    {
      "_id": "38ab9417-cff0-4ed0-919b-886271ffa23d",
      "name": "Day Shift",
      "from": "15:00",
      "to": "22:59",
      "fromMinutesSinceMidnight": 900,
      "toMinutesSinceMidnight": 1379
    },
    {
      "_id": "5deef362-e0fd-4aee-8085-bced3d8bdc1a",
      "name": "Swing Shift",
      "from": "23:00",
      "to": "06:59",
      "fromMinutesSinceMidnight": 1380,
      "toMinutesSinceMidnight": 419
    }
  ],
  "_class": "edu.stanford.slac.elog_plus.model.Logbook",
  "readAll": true,
  "writeAll": true
},
{
  "_id": {
    "$oid": "6536f0b5fbf92e44a767571e"
  },
  "name": "nlcta",
  "tags": [],
  "shifts": [],
  "_class": "edu.stanford.slac.elog_plus.model.Logbook",
  "readAll": true,
  "writeAll": true
},
{
  "_id": {
    "$oid": "6536f0b5fbf92e44a767571f"
  },
  "name": "nlcta-laser",
  "tags": [],
  "shifts": [],
  "_class": "edu.stanford.slac.elog_plus.model.Logbook",
  "readAll": true,
  "writeAll": true
},
{
  "_id": {
    "$oid": "6536f0b5fbf92e44a7675720"
  },
  "name": "xta",
  "tags": [
    {
      "_id": "ff72422d-5a41-4e21-833d-a743b7a772a3",
      "name": "lcls"
    }
  ],
  "shifts": [],
  "_class": "edu.stanford.slac.elog_plus.model.Logbook",
  "readAll": true,
  "writeAll": true
},
{
  "_id": {
    "$oid": "6536f0b5fbf92e44a7675721"
  },
  "name": "lband-marx",
  "tags": [],
  "shifts": [],
  "_class": "edu.stanford.slac.elog_plus.model.Logbook",
  "readAll": true,
  "writeAll": true
},
{
  "_id": {
    "$oid": "6536f0b5fbf92e44a7675722"
  },
  "name": "lband-sns",
  "tags": [],
  "shifts": [],
  "_class": "edu.stanford.slac.elog_plus.model.Logbook",
  "readAll": true,
  "writeAll": true
},
{
  "_id": {
    "$oid": "6536f0b5fbf92e44a7675723"
  },
  "name": "rf",
  "tags": [],
  "shifts": [],
  "_class": "edu.stanford.slac.elog_plus.model.Logbook",
  "readAll": true,
  "writeAll": true
},
{
  "_id": {
    "$oid": "6536f0b5fbf92e44a7675724"
  },
  "name": "xfd",
  "tags": [
    {
      "_id": "bda8d02e-57a4-4ec7-90fd-46d0187d57a9",
      "name": "lcls"
    },
    {
      "_id": "e1617a62-904a-4a17-b4bb-bd86f5ba8ab7",
      "name": "lcls-nc-linac"
    },
    {
      "_id": "36798bf9-d46f-4b7f-89a1-5e4555c4f817",
      "name": "lcls-sc-linac"
    }
  ],
  "shifts": [],
  "_class": "edu.stanford.slac.elog_plus.model.Logbook",
  "readAll": true,
  "writeAll": true
},
{
  "_id": {
    "$oid": "6536f0b5fbf92e44a7675725"
  },
  "name": "bic",
  "tags": [
    {
      "_id": "9f82a1f5-0b44-4092-b026-940554cf5932",
      "name": "newer-tag"
    }
  ],
  "shifts": [],
  "_class": "edu.stanford.slac.elog_plus.model.Logbook",
  "readAll": true,
  "writeAll": true
},
{
  "_id": {
    "$oid": "6536f0b5fbf92e44a7675726"
  },
  "name": "asta",
  "tags": [],
  "shifts": [],
  "_class": "edu.stanford.slac.elog_plus.model.Logbook",
  "readAll": true,
  "writeAll": true
},
{
  "_id": {
    "$oid": "6536f0b5fbf92e44a7675727"
  },
  "name": "spps",
  "tags": [],
  "shifts": [],
  "_class": "edu.stanford.slac.elog_plus.model.Logbook",
  "readAll": true,
  "writeAll": true
},
{
  "_id": {
    "$oid": "6536f0b5fbf92e44a7675728"
  },
  "name": "itf",
  "tags": [
    {
      "_id": "e26c5843-aea6-4eb6-bd9e-aa03dd233b91",
      "name": "lcls"
    }
  ],
  "shifts": [],
  "_class": "edu.stanford.slac.elog_plus.model.Logbook",
  "readAll": true,
  "writeAll": true
},
{
  "_id": {
    "$oid": "6536f0b5fbf92e44a7675729"
  },
  "name": "spear3-rf",
  "tags": [],
  "shifts": [],
  "_class": "edu.stanford.slac.elog_plus.model.Logbook",
  "readAll": true,
  "writeAll": true
},
{
  "_id": {
    "$oid": "6536f0b5fbf92e44a767572a"
  },
  "name": "spear3",
  "tags": [
    {
      "_id": "55f0aad1-d0b2-4e9c-a8ad-77f428e1e93b",
      "name": "lcls"
    },
    {
      "_id": "16b9bed2-356b-4bac-a144-fde368d7ebff",
      "name": "facet"
    }
  ],
  "shifts": [],
  "_class": "edu.stanford.slac.elog_plus.model.Logbook",
  "readAll": true,
  "writeAll": true
},
{
  "_id": {
    "$oid": "6536f0b5fbf92e44a767572b"
  },
  "name": "spear-se",
  "tags": [],
  "shifts": [],
  "_class": "edu.stanford.slac.elog_plus.model.Logbook",
  "readAll": true,
  "writeAll": true
},
{
  "_id": {
    "$oid": "6536f0b5fbf92e44a767572c"
  },
  "name": "ssrl-bldo",
  "tags": [],
  "shifts": [],
  "_class": "edu.stanford.slac.elog_plus.model.Logbook",
  "readAll": true,
  "writeAll": true
},
{
  "_id": {
    "$oid": "6536f0b5fbf92e44a767572d"
  },
  "name": "amrf",
  "tags": [
    {
      "_id": "dce26dca-142d-40eb-9d1d-d480d8dc57f9",
      "name": "lcls"
    },
    {
      "_id": "076dfad9-0fc6-4839-8c42-d16e1e9ab051",
      "name": "facet"
    },
    {
      "_id": "ee16d38f-74de-4e41-afd6-5a1b44db7ae3",
      "name": "lcls-nc-linac"
    },
    {
      "_id": "2e35a917-aa67-4fb5-bddc-a2dafa449a45",
      "name": "lcls-sc-linac"
    }
  ],
  "shifts": [],
  "_class": "edu.stanford.slac.elog_plus.model.Logbook",
  "readAll": true,
  "writeAll": true
},
{
  "_id": {
    "$oid": "6536f0b5fbf92e44a767572e"
  },
  "name": "pcd-pee",
  "tags": [],
  "shifts": [],
  "_class": "edu.stanford.slac.elog_plus.model.Logbook",
  "readAll": true,
  "writeAll": true
},
{
  "_id": {
    "$oid": "6536f0b5fbf92e44a767572f"
  },
  "name": "pem-ft",
  "tags": [
    {
      "_id": "61bc4039-dc64-4f20-a0f2-f5644ebe55e8",
      "name": "lcls"
    }
  ],
  "shifts": [],
  "_class": "edu.stanford.slac.elog_plus.model.Logbook",
  "readAll": true,
  "writeAll": true
},
{
  "_id": {
    "$oid": "6536f0b5fbf92e44a7675730"
  },
  "name": "pem",
  "tags": [
    {
      "_id": "fe1151d3-12a3-4b07-b9ac-d9e4bfcd1561",
      "name": "lcls"
    },
    {
      "_id": "a322161d-e930-4ad4-b481-7aa10be41996",
      "name": "facet"
    },
    {
      "_id": "2665893e-15d9-4e44-ac3a-9194b9edef8b",
      "name": "lcls-nc-linac"
    },
    {
      "_id": "00df0ed0-64f2-43cc-8252-bd8a41e246c8",
      "name": "lcls-sc-linac"
    }
  ],
  "shifts": [],
  "_class": "edu.stanford.slac.elog_plus.model.Logbook",
  "readAll": true,
  "writeAll": true
},
{
  "_id": {
    "$oid": "6536f0b5fbf92e44a7675731"
  },
  "name": "sw_log",
  "tags": [
    {
      "_id": "8daa5caf-41a4-44a4-a1a9-9a3205b05637",
      "name": "lcls"
    },
    {
      "_id": "0edc3f1b-4cdf-4679-9f7a-cc31effa0845",
      "name": "lcls-sc-linac"
    }
  ],
  "shifts": [],
  "_class": "edu.stanford.slac.elog_plus.model.Logbook",
  "readAll": true,
  "writeAll": true
},
{
  "_id": {
    "$oid": "6536f0b5fbf92e44a7675732"
  },
  "name": "lcls",
  "tags": [
    {
      "_id": "76b64875-66c2-48aa-bb25-d6b8d233e632",
      "name": "lcls"
    },
    {
      "_id": "afdd6a35-2bf1-4e39-bb09-69ff25e59a6b",
      "name": "lcls-nc-linac"
    },
    {
      "_id": "f46c40fb-3f0a-41aa-b3f6-7378283afebb",
      "name": "lcls-sc-linac"
    }
  ],
  "shifts": [],
  "_class": "edu.stanford.slac.elog_plus.model.Logbook",
  "readAll": true,
  "writeAll": true
},
{
  "_id": {
    "$oid": "6536f0b5fbf92e44a7675733"
  },
  "name": "lcls-ii",
  "tags": [
    {
      "_id": "a2b11187-94eb-4f66-8505-28ce1f3ca55a",
      "name": "lcls"
    },
    {
      "_id": "6366de4b-c931-45a9-8f96-d85090c275df",
      "name": "lcls-sc-linac"
    },
    {
      "_id": "7871c941-38ff-4a12-8c91-bb55c347298f",
      "name": "lcls-nc-linac"
    }
  ],
  "shifts": [],
  "_class": "edu.stanford.slac.elog_plus.model.Logbook",
  "readAll": true,
  "writeAll": true
},
{
  "_id": {
    "$oid": "6536f0b5fbf92e44a7675734"
  },
  "name": "lcls-laser",
  "tags": [
    {
      "_id": "567c3276-9c39-496a-a395-206c8d720db2",
      "name": "lcls"
    }
  ],
  "shifts": [],
  "_class": "edu.stanford.slac.elog_plus.model.Logbook",
  "readAll": true,
  "writeAll": true
},
{
  "_id": {
    "$oid": "6536f0b5fbf92e44a7675735"
  },
  "name": "facet",
  "tags": [
    {
      "_id": "15108131-5219-47a1-b1cd-ef99a062f140",
      "name": "facet"
    }
  ],
  "shifts": [],
  "_class": "edu.stanford.slac.elog_plus.model.Logbook",
  "readAll": true,
  "writeAll": true
},
{
  "_id": {
    "$oid": "6536f0b5fbf92e44a7675736"
  },
  "name": "facilities",
  "tags": [
    {
      "_id": "cda25a68-8dca-48c9-9d35-34e0e9f454d7",
      "name": "facet"
    },
    {
      "_id": "4906a3c2-2cd1-426e-b4eb-eeb23c6cb814",
      "name": "lcls"
    },
    {
      "_id": "08696eba-a74f-4c64-8737-6af6b2f7187d",
      "name": "lcls-nc-linac"
    },
    {
      "_id": "39b0f443-0eb9-4875-bdf9-c4c099f06e0a",
      "name": "lcls-sc-linac"
    }
  ],
  "shifts": [],
  "_class": "edu.stanford.slac.elog_plus.model.Logbook",
  "readAll": true,
  "writeAll": true
},
{
  "_id": {
    "$oid": "6536f0b5fbf92e44a7675737"
  },
  "name": "amg",
  "tags": [
    {
      "_id": "3725fad2-c7f4-4e0c-b388-ba0962de63c1",
      "name": "lcls"
    }
  ],
  "shifts": [],
  "_class": "edu.stanford.slac.elog_plus.model.Logbook",
  "readAll": true,
  "writeAll": true
},
{
  "_id": {
    "$oid": "6536f0b5fbf92e44a7675738"
  },
  "name": "ssrl-ble",
  "tags": [],
  "shifts": [],
  "_class": "edu.stanford.slac.elog_plus.model.Logbook",
  "readAll": true,
  "writeAll": true
},
{
  "_id": {
    "$oid": "6536f0b5fbf92e44a7675739"
  },
  "name": "s0-10",
  "tags": [],
  "shifts": [],
  "_class": "edu.stanford.slac.elog_plus.model.Logbook",
  "readAll": true,
  "writeAll": true
},
{
  "_id": {
    "$oid": "6536f0b5fbf92e44a767573a"
  },
  "name": "bsyreconfig",
  "tags": [],
  "shifts": [],
  "_class": "edu.stanford.slac.elog_plus.model.Logbook",
  "readAll": true,
  "writeAll": true
},
{
  "_id": {
    "$oid": "6536f0b5fbf92e44a767573b"
  },
  "name": "srfgun",
  "tags": [],
  "shifts": [],
  "_class": "edu.stanford.slac.elog_plus.model.Logbook",
  "readAll": true,
  "writeAll": true
},
{
  "_id": {
    "$oid": "6536f0b5fbf92e44a767573c"
  },
  "name": "cryo",
  "tags": [
    {
      "_id": "a725cdb0-bb26-4602-b6b2-443cc16577ed",
      "name": "lcls-sc-linac"
    }
  ],
  "shifts": [],
  "_class": "edu.stanford.slac.elog_plus.model.Logbook",
  "readAll": true,
  "writeAll": true
},
{
  "_id": {
    "$oid": "6536f0b5fbf92e44a767573d"
  },
  "name": "hrs",
  "tags": [],
  "shifts": [],
  "_class": "edu.stanford.slac.elog_plus.model.Logbook",
  "readAll": true,
  "writeAll": true
},
{
  "_id": {
    "$oid": "6536f0b5fbf92e44a767573e"
  },
  "name": "linac-east",
  "tags": [],
  "shifts": [],
  "_class": "edu.stanford.slac.elog_plus.model.Logbook",
  "readAll": true,
  "writeAll": true
},
{
  "_id": {
    "$oid": "6536f0b5fbf92e44a767573f"
  },
  "name": "ltu-und",
  "tags": [],
  "shifts": [],
  "_class": "edu.stanford.slac.elog_plus.model.Logbook",
  "readAll": true,
  "writeAll": true
},
{
  "_id": {
    "$oid": "6536f0b5fbf92e44a7675740"
  },
  "name": "ebd-fee",
  "tags": [],
  "shifts": [],
  "_class": "edu.stanford.slac.elog_plus.model.Logbook",
  "readAll": true,
  "writeAll": true
},
{
  "_id": {
    "$oid": "6536f0b5fbf92e44a7675741"
  },
  "name": "srf",
  "tags": [],
  "shifts": [],
  "_class": "edu.stanford.slac.elog_plus.model.Logbook",
  "readAll": true,
  "writeAll": true
},
{
  "_id": {
    "$oid": "6536f0b5fbf92e44a7675742"
  },
  "name": "tlog",
  "tags": [
    {
      "_id": "de6c5693-3eb3-40d7-9b61-53ff2f56af2b",
      "name": "lcls"
    },
    {
      "_id": "c0d3dbc0-f8a2-40ce-85a8-138f793ce8f5",
      "name": "facet"
    },
    {
      "_id": "e7a9a8ed-f2b7-4547-a4fa-8e413a229317",
      "name": "lcls-sc-linac"
    }
  ],
  "shifts": [],
  "_class": "edu.stanford.slac.elog_plus.model.Logbook",
  "readAll": true,
  "writeAll": true
},
{
  "_id": {
    "$oid": "6536f0b5fbf92e44a7675743"
  },
  "name": "physics-log",
  "tags": [],
  "shifts": [],
  "_class": "edu.stanford.slac.elog_plus.model.Logbook",
  "readAll": true,
  "writeAll": true
},
{
  "_id": {
    "$oid": "66b65cc0a9840d1dc754ac19"
  },
  "name": "physics-test-elog",
  "readAll": true,
  "writeAll": false,
  "tags": [],
  "shifts": [],
  "_class": "edu.stanford.slac.elog_plus.model.Logbook"
}]