[
  {
    "_id": {
      "$oid": "653847985ec1e72404bf30b0"
    },
    "originId": "MCC_1117759",
    "logbooks": [
      "6536f0b5fbf92e44a7675736"
    ],
    "title": "* Re: OFF NORMAL - Sector 19-8 MOD fire supervisory, security called",
    "text": "Security called that they got another fire supervisory alarm from 19-8 MOD. Security could not find any issues and they acknowledged it. CEFFT kwon notified",
    "lastName": "Regalado",
    "firstName": "Eli",
    "userName": "alvaro",
    "tags": [],
    "attachments": [],
    "followUps": [],
    "references": [
      "653847985ec1e72404bf30af"
    ],
    "loggedAt": {
      "$date": "2022-01-02T20:12:50.000Z"
    },
    "eventAt": {
      "$date": "2022-01-02T20:12:50.000Z"
    },
    "version": 0,
    "_class": "edu.stanford.slac.elog_plus.model.Entry"
  }
]