[
  {
    "_id": {
      "$oid": "653847985ec1e72404bf30ae"
    },
    "originId": "MCC_1117757",
    "logbooks": [
      "6536f0b5fbf92e44a7675736"
    ],
    "title": "OFF NORMAL - Sector 10 ICS valve got stuck with the cold temps and need to be exercised to take control",
    "text": "CEFOM Fernando will check the system on his rounds.",
    "lastName": "Regalado",
    "firstName": "Eli",
    "userName": "alvaro",
    "tags": [],
    "attachments": [],
    "followUps": [],
    "references": [],
    "loggedAt": {
      "$date": "2022-01-01T18:55:19.000Z"
    },
    "eventAt": {
      "$date": "2022-01-01T18:55:19.000Z"
    },
    "version": 0,
    "_class": "edu.stanford.slac.elog_plus.model.Entry"
  },
  {
    "_id": {
      "$oid": "653847985ec1e72404bf30af"
    },
    "originId": "MCC_1117758",
    "logbooks": [
      "6536f0b5fbf92e44a7675736"
    ],
    "title": "OFF NORMAL - Sector 19-8 MOD fire supervisory, security called",
    "text": "After they investigated, they couldn't find any issues. They acknowlegde the panel in sector 20.",
    "lastName": "Regalado",
    "firstName": "Eli",
    "userName": "alvaro",
    "tags": [],
    "attachments": [],
    "followUps": [],
    "references": [],
    "loggedAt": {
      "$date": "2022-01-01T20:04:49.000Z"
    },
    "eventAt": {
      "$date": "2022-01-01T20:04:49.000Z"
    },
    "version": 0,
    "_class": "edu.stanford.slac.elog_plus.model.Entry"
  }
]