[
  {
    "_id": {
      "$oid": "66f33a6a130a101bea2c486b"
    },
    "logbooks": [
      "6536f0b5fbf92e44a767571d"
    ],
    "title": "LCLS INJ -&gt; CON",
    "text": "",
    "lastName": "Lans",
    "firstName": "Michael",
    "userName": "mlans@slac.stanford.edu",
    "tags": [
      "68acd11d-05a8-45f5-b559-55a8d8833373",
      "9c6eb682-32f5-42c3-be93-2e703ebf645a"
    ],
    "attachments": [],
    "followUps": [],
    "references": [],
    "loggedAt": {
      "$date": "2024-09-24T22:17:14.407Z"
    },
    "createdDate": {
      "$date": "2024-09-24T22:17:14.413Z"
    },
    "createdBy": "mlans@slac.stanford.edu",
    "lastModifiedDate": {
      "$date": "2024-09-24T22:17:14.413Z"
    },
    "lastModifiedBy": "mlans@slac.stanford.edu",
    "version": 0,
    "_class": "edu.stanford.slac.elog_plus.model.Entry",
    "eventAt": {
      "$date": "2024-09-24T22:17:14.407Z"
    }
  },
  {
    "_id": {
      "$oid": "66f33b63130a101bea2c486c"
    },
    "supersededBy": "66f33b73130a101bea2c486d",
    "logbooks": [
      "6536f0b5fbf92e44a767571d"
    ],
    "title": "LCLS -&gt; PERM",
    "text": "",
    "lastName": "Lans",
    "firstName": "Michael",
    "userName": "mlans@slac.stanford.edu",
    "tags": [
      "68acd11d-05a8-45f5-b559-55a8d8833373",
      "9c6eb682-32f5-42c3-be93-2e703ebf645a"
    ],
    "attachments": [],
    "followUps": [],
    "references": [],
    "loggedAt": {
      "$date": "2024-09-24T22:21:23.640Z"
    },
    "eventAt": {
      "$date": "2024-09-24T22:21:23.640Z"
    },
    "createdDate": {
      "$date": "2024-09-24T22:21:23.643Z"
    },
    "createdBy": "mlans@slac.stanford.edu",
    "lastModifiedDate": {
      "$date": "2024-09-24T22:21:39.899Z"
    },
    "lastModifiedBy": "mlans@slac.stanford.edu",
    "version": 1,
    "_class": "edu.stanford.slac.elog_plus.model.Entry"
  },
  {
    "_id": {
      "$oid": "66f33b73130a101bea2c486d"
    },
    "logbooks": [
      "6536f0b5fbf92e44a767571d"
    ],
    "title": "LCLS INJ -&gt; PERM",
    "text": "",
    "lastName": "Lans",
    "firstName": "Michael",
    "userName": "mlans@slac.stanford.edu",
    "tags": [
      "68acd11d-05a8-45f5-b559-55a8d8833373",
      "9c6eb682-32f5-42c3-be93-2e703ebf645a"
    ],
    "attachments": [],
    "followUps": [],
    "references": [],
    "loggedAt": {
      "$date": "2024-09-24T22:21:39.888Z"
    },
    "eventAt": {
      "$date": "2024-09-24T22:21:23.640Z"
    },
    "createdDate": {
      "$date": "2024-09-24T22:21:39.890Z"
    },
    "createdBy": "mlans@slac.stanford.edu",
    "lastModifiedDate": {
      "$date": "2024-09-24T22:21:39.890Z"
    },
    "lastModifiedBy": "mlans@slac.stanford.edu",
    "version": 0,
    "_class": "edu.stanford.slac.elog_plus.model.Entry"
  },
  {
    "_id": {
      "$oid": "66f3491d130a101bea2c486e"
    },
    "logbooks": [
      "6536f0b5fbf92e44a767571d"
    ],
    "title": "LCLS INJ -&gt; NO",
    "text": "",
    "lastName": "Lans",
    "firstName": "Michael",
    "userName": "mlans@slac.stanford.edu",
    "tags": [],
    "attachments": [],
    "followUps": [],
    "references": [],
    "loggedAt": {
      "$date": "2024-09-24T23:19:57.956Z"
    },
    "createdDate": {
      "$date": "2024-09-24T23:19:57.958Z"
    },
    "createdBy": "mlans@slac.stanford.edu",
    "lastModifiedDate": {
      "$date": "2024-09-24T23:19:57.958Z"
    },
    "lastModifiedBy": "mlans@slac.stanford.edu",
    "version": 0,
    "_class": "edu.stanford.slac.elog_plus.model.Entry",
    "eventAt": {
      "$date": "2024-09-24T23:19:57.956Z"
    }
  }
]