[
  {
    "_id": {
      "$oid": "66d78d07cab05f325bac6aa1"
    },
    "logbooks": [
      "6536f0b5fbf92e44a767571b",
      "6536f0b5fbf92e44a767571c"
    ],
    "title": "arst",
    "text": "",
    "lastName": "Mikulec",
    "firstName": "Boogie",
    "userName": "boogie@slac.stanford.edu",
    "tags": [],
    "attachments": [],
    "followUps": [],
    "references": [],
    "loggedAt": {
      "$date": "2024-09-03T22:26:15.906Z"
    },
    "createdDate": {
      "$date": "2024-09-03T22:26:15.916Z"
    },
    "createdBy": "boogie@slac.stanford.edu",
    "lastModifiedDate": {
      "$date": "2024-09-03T22:26:15.916Z"
    },
    "lastModifiedBy": "boogie@slac.stanford.edu",
    "version": 0,
    "_class": "edu.stanford.slac.elog_plus.model.Entry",
    "eventAt": {
      "$date": "2024-09-03T22:26:15.906Z"
    }
  }
]