[
  {
    "_id": {
      "$oid": "65ca892dca69e308abe7c50d"
    },
    "logbooks": [
      "6536f0b5fbf92e44a767571c"
    ],
    "title": "Reference test",
    "text": "<p>Make a reference to <a href=\"https://accel-webapp-dev.slac.stanford.edu/elog/65384b255ec1e72404bf6a47\" rel=\"nofollow\">Reminder, we bypassed the RST1 not out MPS fault, will expire now* Re: Byassed the RST1 fault until 3/22 at 9 AM with John Sheppard's permission</a></p>",
    "lastName": "Mikulec",
    "firstName": "Boogie",
    "userName": "boogie@slac.stanford.edu",
    "tags": [],
    "attachments": [],
    "followUps": [],
    "references": [],
    "loggedAt": {
      "$date": "2024-02-12T21:10:05.404Z"
    },
    "version": 0,
    "_class": "edu.stanford.slac.elog_plus.model.Entry",
    "eventAt": {
      "$date": "2024-02-12T21:10:05.404Z"
    }
  }
]