[
  {
    "_id": {
      "$oid": "653847f85ec1e72404bf375c"
    },
    "originId": "MCC_1119338",
    "logbooks": [
      "6536f0b5fbf92e44a767572c"
    ],
    "title": "DAY-Shift Report 1/16/2021 Sun",
    "text": "PROGRAM: SPEAR to BEAMS delivering 500mA to users with top-off every 5 mins. BEAMLINES: All open except BL17. FAULTS: None. EXPERIMENTS: 1000 BL4-1 new users online. EOD required when hazardous gas and high temperatures in use (today through Tuesday). OPERATIONS: 1715 LN tank 5B at 72 inches. Tom from Airgas estimated a delivery at 10am tomorrow.",
    "lastName": "Gooding",
    "firstName": "Sarah",
    "userName": "sarahed",
    "tags": [],
    "attachments": [],
    "followUps": [],
    "references": [],
    "loggedAt": {
      "$date": "2022-01-17T01:22:36.000Z"
    },
    "eventAt": {
      "$date": "2022-01-17T01:22:36.000Z"
    },
    "version": 0,
    "_class": "edu.stanford.slac.elog_plus.model.Entry"
  },
  {
    "_id": {
      "$oid": "653847f85ec1e72404bf375d"
    },
    "originId": "MCC_1119339",
    "logbooks": [
      "6536f0b5fbf92e44a767573d"
    ],
    "title": "Day Shift HRS-Log",
    "text": "01/16/22 14:00 - Randy Hollis - C0 (common) - HRS.SL.00-Installed spinning rotor gauges and connected Agilent turbo carts to both transfer lines. 01/16/22 12:30 - Roland Evans - C0 (common) - HRS.00.00-I did the plant walk through i found no issues. 01/16/22 08:30 - Roland Evans - C0 (common) - HRS.SL.VG-Supported Randy with his surface transfer line vacuum installations",
    "lastName": "Stivala",
    "firstName": "Mike",
    "userName": "mstivala",
    "tags": [],
    "attachments": [],
    "followUps": [],
    "references": [],
    "loggedAt": {
      "$date": "2022-01-17T02:26:06.000Z"
    },
    "eventAt": {
      "$date": "2022-01-17T02:26:06.000Z"
    },
    "version": 0,
    "_class": "edu.stanford.slac.elog_plus.model.Entry"
  },
  {
    "_id": {
      "$oid": "653847f85ec1e72404bf375e"
    },
    "originId": "MCC_1119340",
    "logbooks": [
      "6536f0b5fbf92e44a7675730"
    ],
    "title": "shop",
    "text": "Worked on EMHP inspection and testing Spare Power Supply for LI29 ready for Xport to Gallery",
    "lastName": "Wilson",
    "firstName": "Cordell",
    "userName": "chw",
    "tags": [
      "fe1151d3-12a3-4b07-b9ac-d9e4bfcd1561"
    ],
    "attachments": [],
    "followUps": [],
    "references": [],
    "loggedAt": {
      "$date": "2022-01-17T06:30:49.000Z"
    },
    "eventAt": {
      "$date": "2022-01-17T06:30:49.000Z"
    },
    "version": 0,
    "_class": "edu.stanford.slac.elog_plus.model.Entry"
  },
  {
    "_id": {
      "$oid": "653847f85ec1e72404bf375f"
    },
    "originId": "MCC_1119341",
    "logbooks": [
      "6536f0b5fbf92e44a767573d"
    ],
    "title": "Swing shift HRS-log",
    "text": "01/16/22 14:30 - Mike Stivala - C0 (common) - HRS..-Completed plant walk down. No changes.",
    "lastName": "Nicoletta",
    "firstName": "Mike",
    "userName": "mnicolet",
    "tags": [],
    "attachments": [],
    "followUps": [],
    "references": [],
    "loggedAt": {
      "$date": "2022-01-17T07:33:59.000Z"
    },
    "eventAt": {
      "$date": "2022-01-17T07:33:59.000Z"
    },
    "version": 0,
    "_class": "edu.stanford.slac.elog_plus.model.Entry"
  },
  {
    "_id": {
      "$oid": "653847f85ec1e72404bf3761"
    },
    "originId": "MCC_1119342",
    "logbooks": [
      "6536f0b5fbf92e44a767572a"
    ],
    "title": "Shift summary: Sunday swing",
    "text": "SUMMARY: User beam for all of this 12-hour shift. The average fill rate was about 42mA/minute, and average calculated efficiency was about 90%. INJECTOR: 300mV Q. Tuned once between fills and did BTS trajectory correction. SPEAR: 500mA autofill topoffs every 5 minutes, as scheduled. BEAMLINES: The duty operator reports that the site liquid nitrogen tank is critically low, and beamlines with LN-cooled monos will close at midnight unless the Airgas truck shows up.",
    "lastName": "Haggart",
    "firstName": "Craig",
    "userName": "haggart",
    "tags": [],
    "attachments": [
      "653847f85ec1e72404bf3760"
    ],
    "followUps": [],
    "references": [],
    "loggedAt": {
      "$date": "2022-01-17T07:40:21.000Z"
    },
    "eventAt": {
      "$date": "2022-01-17T07:45:00.000Z"
    },
    "version": 0,
    "_class": "edu.stanford.slac.elog_plus.model.Entry"
  },
  {
    "_id": {
      "$oid": "653847f85ec1e72404bf3762"
    },
    "originId": "MCC_1119343",
    "logbooks": [
      "6536f0b5fbf92e44a767572a"
    ],
    "title": "Shift Start, Mon, 17 Jan 2022, Owl.",
    "text": "Program User Beams Injector Autofill is running, fill rate is near 40mA/min. SPEAR BEAMS, 3GeV, 7nm lattice, 500mA. BLs All BLs are open; except BL-17 is shut.",
    "lastName": "Hoover",
    "firstName": "Chris",
    "userName": "hoover",
    "tags": [],
    "attachments": [],
    "followUps": [],
    "references": [],
    "loggedAt": {
      "$date": "2022-01-17T07:41:11.000Z"
    },
    "eventAt": {
      "$date": "2022-01-17T07:45:48.000Z"
    },
    "version": 0,
    "_class": "edu.stanford.slac.elog_plus.model.Entry"
  },
  {
    "_id": {
      "$oid": "653847f85ec1e72404bf3764"
    },
    "originId": "MCC_1119344",
    "logbooks": [
      "6536f0b5fbf92e44a767572a"
    ],
    "title": "Beamlines 4,6,7,9,10,11,12 and 15 will close at midnight due to critically low LN supply.",
    "text": "Low level of LN reported in recent BLDO shift reports. LN delivery expected in about 10 hours.",
    "lastName": "Hoover",
    "firstName": "Chris",
    "userName": "hoover",
    "tags": [],
    "attachments": [
      "653847f85ec1e72404bf3763"
    ],
    "followUps": [],
    "references": [
      "653847f75ec1e72404bf3750",
      "653847f85ec1e72404bf375c"
    ],
    "loggedAt": {
      "$date": "2022-01-17T07:59:24.000Z"
    },
    "eventAt": {
      "$date": "2022-01-17T07:54:26.000Z"
    },
    "version": 0,
    "_class": "edu.stanford.slac.elog_plus.model.Entry"
  },
  {
    "_id": {
      "$oid": "653847f85ec1e72404bf3766"
    },
    "originId": "MCC_1119345",
    "logbooks": [
      "6536f0b5fbf92e44a767572a"
    ],
    "title": "Seven beamlines have been taken off line due to low LN supply.",
    "text": "",
    "lastName": "Hoover",
    "firstName": "Chris",
    "userName": "hoover",
    "tags": [],
    "attachments": [
      "653847f85ec1e72404bf3765"
    ],
    "followUps": [],
    "references": [],
    "loggedAt": {
      "$date": "2022-01-17T08:12:59.000Z"
    },
    "eventAt": {
      "$date": "2022-01-17T08:12:04.000Z"
    },
    "version": 0,
    "_class": "edu.stanford.slac.elog_plus.model.Entry"
  },
  {
    "_id": {
      "$oid": "653847f95ec1e72404bf3767"
    },
    "originId": "MCC_1119346",
    "logbooks": [
      "6536f0b5fbf92e44a767571d"
    ],
    "title": "Daily BCS Checks - 1/17/2022 - Failed",
    "text": "LCLS BCS checks performed using the 4/29/2021 version of the checklist. [Passed] LI28 --&gt; Summary Chassis --&gt; LI28 PIC GAS PS1 Currently ACTIVE, must not be BYPASS. [Passed] LI28 --&gt; Summary Chassis --&gt; LI28 PIC GAS PS2 Currently ACTIVE, must not be BYPASS. [Passed] LI28 --&gt; PIC Chassis --&gt; IC 951 Status Currently ACTIVE, must not be BYPASS. [Passed] LI28 --&gt; PIC Chassis --&gt; IC 961 Status Currently ACTIVE, must not be BYPASS. [Passed] LI24 --&gt; Summary Chassis --&gt; PIC Summary #1 Currently ACTIVE, must not be BYPASS. [Passed] LI24 --&gt; Summary Chassis --&gt; PIC Summary #2 Currently ACTIVE, must not be BYPASS. [Passed] LI24 --&gt; Summary Chassis --&gt; LION Gas Pressure #1 Currently ACTIVE, must not be BYPASS. [Passed] LI24 --&gt; Summary Chassis --&gt; LION Gas Pressure #2 Currently ACTIVE, must not be BYPASS. [Passed] LI24 --&gt; PIC Chassis --&gt; CH01: BC2LION-1N Currently ACTIVE, must not be BYPASS. [Passed] LI24 --&gt; PIC Chassis --&gt; CH02: BC2LION-1S Currently ACTIVE, must not be BYPASS. [Passed] LCLS Injector --&gt; Summary Chassis --&gt; CH01: PIC Summary #1 Currently ACTIVE, must not be BYPASS. [Passed] LCLS Injector --&gt; Summary Chassis --&gt; CH02: PIC Summary #2 Currently ACTIVE, must not be BYPASS. [Passed] LCLS Injector --&gt; Summary Chassis --&gt; CH03: Dump Flow Switch Currently ACTIVE, must not be BYPASS. [Passed] LCLS Injector --&gt; Summary Chassis --&gt; CH04: Dump Flow Switch Currently ACTIVE, must not be BYPASS. [Passed] LCLS Injector --&gt; Summary Chassis --&gt; CH05: LION Gas Pres #1 Currently ACTIVE, must not be BYPASS. [Passed] LCLS Injector --&gt; Summary Chassis --&gt; CH06: LION Gas Pres #2 Currently ACTIVE, must not be BYPASS. [Passed] LCLS Injector --&gt; PIC Chassis --&gt; INJLION-1N Currently ACTIVE, must not be BYPASS. [Passed] LCLS Injector --&gt; PIC Chassis --&gt; INJLION-1S Currently ACTIVE, must not be BYPASS. [Passed] LCLS Injector --&gt; PIC Chassis --&gt; BC1LION-1N Currently ACTIVE, must not be BYPASS. [Passed] LCLS Injector --&gt; PIC Chassis --&gt; BC1LION-1S Currently ACTIVE, must not be BYPASS. [Passed] B136 / B005 --&gt; DTC --&gt; DTC CH1: BLRCUS (active/inactive) Currently ACTIVE, must not be BYPASS. [Passed] B136 / B005 --&gt; DTC --&gt; DTC CH3: BRCUS1 (active/inactive) Currently ACTIVE, must not be BYPASS. [Passed] B136 / B005 --&gt; Digital Summary Chassis 2 --&gt; CH01: R119B PIC SUM1 Currently ACTIVE, must not be BYPASS. [Passed] B136 / B005 --&gt; Digital Summary Chassis 2 --&gt; CH02: R119B PIC SUM2 Currently ACTIVE, must not be BYPASS. [Passed] B136 / B005 --&gt; Digital Summary Chassis 2 --&gt; CH03: R119C PIC SUM1 Currently ACTIVE, must not be BYPASS. [Passed] B136 / B005 --&gt; Digital Summary Chassis 2 --&gt; CH04: R119C PIC SUM2 Currently ACTIVE, must not be BYPASS. [Passed] B136 / B005 --&gt; Digital Summary Chassis 2 --&gt; CH05: R119D PIC SUM1 Currently ACTIVE, must not be BYPASS. [Passed] B136 / B005 --&gt; Digital Summary Chassis 2 --&gt; CH06: R119D PIC SUM2 Currently ACTIVE, must not be BYPASS. [Passed] B136 / B005 --&gt; Digital Summary Chassis 2 --&gt; CH09: 136 DTC SUM1 Currently ACTIVE, must not be BYPASS. [Passed] B136 / B005 --&gt; Digital Summary Chassis 2 --&gt; CH10: 136 DTC SUM2 Currently ACTIVE, must not be BYPASS. [Passed] B136 / B005 --&gt; Digital Summary Chassis 2 --&gt; CH11: 005 DTC SUM1 Currently ACTIVE, must not be BYPASS. [Passed] B136 / B005 --&gt; Digital Summary Chassis 2 --&gt; CH12: 005 DTC SUM2 Currently ACTIVE, must not be BYPASS. [Passed] B136 / B005 --&gt; Digital Summary Chassis 2 --&gt; CH13: 005 PPS1-BCS Currently ACTIVE, must not be BYPASS. [Passed] B136 / B005 --&gt; Digital Summary Chassis 2 --&gt; CH14: 005 PPS2-BCS Currently ACTIVE, must not be BYPASS. [Passed] B136 / B005 --&gt; Digital Summary Chassis 1 --&gt; CH01: D2 FS1 Currently ACTIVE, must not be BYPASS. [Passed] B136 / B005 --&gt; Digital Summary Chassis 1 --&gt; CH02: D2 FS2 Currently ACTIVE, must not be BYPASS. [Passed] B136 / B005 --&gt; Digital Summary Chassis 1 --&gt; CH03: ST CLTS FS1 Currently ACTIVE, must not be BYPASS. [Passed] B136 / B005 --&gt; Digital Summary Chassis 1 --&gt; CH04: ST CLTS FS2 Currently ACTIVE, must not be BYPASS. [Passed] B136 / B005 --&gt; Digital Summary Chassis 1 --&gt; CH07: BSY PIC GAS PS1 Currently ACTIVE, must not be BYPASS. [Passed] B136 / B005 --&gt; Digital Summary Chassis 1 --&gt; CH08: BSY PIC GAS PS2 Currently ACTIVE, must not be BYPASS. [Passed] B911 --&gt; Bypass and Summary Chassis #1 --&gt; CH01: PIC Summary #1 Currently ACTIVE, must not be BYPASS. [Passed] B911 --&gt; Bypass and Summary Chassis #1 --&gt; CH02: PIC Summary #2 Currently ACTIVE, must not be BYPASS. [Passed] B911 --&gt; Bypass and Summary Chassis #1 --&gt; CH07: BTHW Summary #1 Currently ACTIVE, must not be BYPASS. [Passed] B911 --&gt; Bypass and Summary Chassis #1 --&gt; CH08: BTHW Summary #2 Currently ACTIVE, must not be BYPASS. [Passed] B911 --&gt; Bypass and Summary Chassis #2 (BTHW) --&gt; CH1: PIC Summary #1 Currently ACTIVE, must not be BYPASS. [Passed] B911 --&gt; Bypass and Summary Chassis #2 (BTHW) --&gt; CH2: PIC Summary #2 Currently ACTIVE, must not be BYPASS. [Passed] B911 --&gt; Bypass and Summary Chassis #2 (BTHW) --&gt; CH3: DTC Summary #1 Currently ACTIVE, must not be BYPASS. [Passed] B911 --&gt; Bypass and Summary Chassis #2 (BTHW) --&gt; CH4: DTC Summary #2 Currently ACTIVE, must not be BYPASS. [Passed] B911 --&gt; PIC Chassis 1 --&gt; CH1: LTU-LION-1N Currently ACTIVE, must not be BYPASS. [Passed] B911 --&gt; PIC Chassis 1 --&gt; CH2: LTU-LION-1S Currently ACTIVE, must not be BYPASS. [Passed] B911 --&gt; PIC Chassis 1 --&gt; CH3: LTU-LION-2N Currently ACTIVE, must not be BYPASS. [Passed] B911 --&gt; PIC Chassis 1 --&gt; CH4: LTU-LION-2S Currently ACTIVE, must not be BYPASS. [Passed] B911 --&gt; PIC Chassis 1 --&gt; CH5: LTU-LION-3N Currently ACTIVE, must not be BYPASS. [Passed] B911 --&gt; PIC Chassis 1 --&gt; CH6: LTU-LION-3S Currently ACTIVE, must not be BYPASS. [Passed] B911 --&gt; PIC Chassis 1 --&gt; CH9: LTU-PIC-BTM22-IC1 Currently ACTIVE, must not be BYPASS. [Passed] B911 --&gt; PIC Chassis 1 --&gt; CH10: LTU-PIC-BTM42-IC1 Currently ACTIVE, must not be BYPASS. [Passed] B911 --&gt; PIC Chassis 2 --&gt; CH01: PIC-BTM1-IC1 Currently ACTIVE, must not be BYPASS. [Passed] B911 --&gt; PIC Chassis 2 --&gt; CH02: PIC-BTM01B-IC1 Currently ACTIVE, must not be BYPASS. [Passed] B911 --&gt; PIC Chassis 2 --&gt; CH03: PIC-BTM2-IC1 Currently ACTIVE, must not be BYPASS. [Passed] B911 --&gt; PIC Chassis 2 --&gt; CH05: PIC-BTM3-IC1 Currently ACTIVE, must not be BYPASS. [Passed] B911 --&gt; PIC Chassis 2 --&gt; CH06: PIC-BTM03B-IC1 Currently ACTIVE, must not be BYPASS. [Passed] B911 --&gt; PIC Chassis 2 --&gt; CH07: PIC-BTM4-IC1 Currently ACTIVE, must not be BYPASS. [Passed] B911 --&gt; PIC Chassis 2 --&gt; CH08: PIC-BTM04B-IC1 Currently ACTIVE, must not be BYPASS. [Passed] B911 --&gt; PIC Chassis 2 --&gt; CH09: PIC-TDUND-IC1 Currently ACTIVE, must not be BYPASS. [Passed] B911 --&gt; DTC --&gt; CH1: BYD1 (active/inactive) Currently ACTIVE, must not be BYPASS. [Passed] B911 --&gt; DTC --&gt; CH2: BYD1 (redundant) (active/inactive) Currently ACTIVE, must not be BYPASS. [Passed] B911 --&gt; DTC --&gt; CH3: BY1B (active/inactive) Currently ACTIVE, must not be BYPASS. [Passed] B911 --&gt; DTC --&gt; CH4: BYD1B (active/inactive) Currently ACTIVE, must not be BYPASS. [Passed] B913 --&gt; Digital Summary Chassis #1 --&gt; CH01: PIC SUM #1 Currently ACTIVE, must not be BYPASS. [Passed] B913 --&gt; Digital Summary Chassis #1 --&gt; CH02: PIC SUM #2 Currently ACTIVE, must not be BYPASS. [Passed] B913 --&gt; Digital Summary Chassis #1 --&gt; CH03: LION GAS PSW #1 Currently ACTIVE, must not be BYPASS. [Passed] B913 --&gt; Digital Summary Chassis #1 --&gt; CH04: LION GAS PSW #2 Currently ACTIVE, must not be BYPASS. [Passed] B913 --&gt; Digital Summary Chassis #1 --&gt; CH05: PIC GAS PSW #1 Currently ACTIVE, must not be BYPASS. [Passed] B913 --&gt; Digital Summary Chassis #1 --&gt; CH06: PIC GAS PSW #2 Currently ACTIVE, must not be BYPASS. [Passed] B913 --&gt; PIC Chassis #1 --&gt; CH01: LTU LION-4N Currently ACTIVE, must not be BYPASS. [Passed] B913 --&gt; PIC Chassis #1 --&gt; CH02: LTU LION-4S Currently ACTIVE, must not be BYPASS. [Passed] B913 --&gt; PIC Chassis #1 --&gt; CH03: LTU LION-5N Currently ACTIVE, must not be BYPASS. [Passed] B913 --&gt; PIC Chassis #1 --&gt; CH04: LTU LION-5S Currently ACTIVE, must not be BYPASS. [Passed] B913 --&gt; PIC Chassis #1 --&gt; CH05: LTU LION-6N Currently ACTIVE, must not be BYPASS. [Passed] B913 --&gt; PIC Chassis #1 --&gt; CH06: LTU LION-6S Currently ACTIVE, must not be BYPASS. [Passed] B913 --&gt; PIC Chassis #1 --&gt; CH07: LTU LION-7N Currently ACTIVE, must not be BYPASS. [Passed] B913 --&gt; PIC Chassis #1 --&gt; CH08: LTU LION-7S Currently ACTIVE, must not be BYPASS. [Passed] B913 --&gt; PIC Chassis #1 --&gt; CH10: PIC-TDUNDB-IC1 Currently ACTIVE, must not be BYPASS. [Passed] B921 --&gt; PICS --&gt; DUMP PIC Chassis #1 --&gt; CH01: PIC-BTMQUE/PCPM0-IC1 Currently ACTIVE, must not be BYPASS. [Passed] B921 --&gt; PICS --&gt; DUMP PIC Chassis #1 --&gt; CH03: PIC-PCPM1-IC1 Currently ACTIVE, must not be BYPASS. [Passed] B921 --&gt; PICS --&gt; DUMP PIC Chassis #1 --&gt; CH04: PIC-PCPM1B-IC1 Currently ACTIVE, must not be BYPASS. [Passed] B921 --&gt; PICS --&gt; DUMP PIC Chassis #1 --&gt; CH05: PIC-PCPM2-IC1 Currently ACTIVE, must not be BYPASS. [Passed] B921 --&gt; PICS --&gt; DUMP PIC Chassis #1 --&gt; CH06: PIC-PCPM2B-IC1 Currently ACTIVE, must not be BYPASS. [Passed] B921 --&gt; PICS --&gt; DUMP PIC Chassis #1 --&gt; CH07: PIC-BYD-IC1 Currently ACTIVE, must not be BYPASS. [Passed] B921 --&gt; PICS --&gt; DUMP PIC Chassis #1 --&gt; CH08: PIC-BYDB-IC1 Currently ACTIVE, must not be BYPASS. [Passed] B921 --&gt; PICS --&gt; DUMP PIC Chassis #1 --&gt; CH010: PIC-BTMQUEB/PCPM0B-IC1 Currently ACTIVE, must not be BYPASS. [Passed] B921 --&gt; PICS --&gt; DUMP PIC Chassis #2 --&gt; CH01: PIC-PCPM3-IC1 Currently ACTIVE, must not be BYPASS. [Passed] B921 --&gt; PICS --&gt; DUMP PIC Chassis #2 --&gt; CH02: PIC-PCPM3B-IC1 Currently ACTIVE, must not be BYPASS. [Passed] B921 --&gt; PICS --&gt; DUMP PIC Chassis #2 --&gt; CH03: PIC-PCTCX-IC1 Currently ACTIVE, must not be BYPASS. [Passed] B921 --&gt; PICS --&gt; DUMP PIC Chassis #2 --&gt; CH05: PIC-SFTDMP-IC1 Currently ACTIVE, must not be BYPASS. [Passed] B921 --&gt; PICS --&gt; DUMP PIC Chassis #2 --&gt; CH06: PIC-SFTDMPB-IC1 Currently ACTIVE, must not be BYPASS. [Passed] B921 --&gt; DTC --&gt; DTC1 CH1: BYDSS (active/inactive) Currently ACTIVE, must not be BYPASS. [Passed] B921 --&gt; DTC --&gt; DTC1 CH2: BYDSH (active/inactive) Currently ACTIVE, must not be BYPASS. [Passed] B921 --&gt; Digital Summary Chassis --&gt; CH1: DTC SUM1 Currently ACTIVE, must not be BYPASS. [Passed] B921 --&gt; Digital Summary Chassis --&gt; CH2: DTC SUM2 Currently ACTIVE, must not be BYPASS. [Passed] B921 --&gt; Digital Summary Chassis --&gt; CH3: ND1S Currently ACTIVE, must not be BYPASS. [Passed] B921 --&gt; Digital Summary Chassis --&gt; CH4: ND1H Currently ACTIVE, must not be BYPASS. [Passed] B921 --&gt; Digital Summary Chassis --&gt; CH5: ND2S Currently ACTIVE, must not be BYPASS. [Passed] B921 --&gt; Digital Summary Chassis --&gt; CH9: PIC SUM1 Currently ACTIVE, must not be BYPASS. [Passed] B921 --&gt; Digital Summary Chassis --&gt; CH10: PIC SUM2 Currently ACTIVE, must not be BYPASS. [Passed] B921 --&gt; Digital Summary Chassis --&gt; CH11: EDMP FS1 Currently ACTIVE, must not be BYPASS. [Passed] B921 --&gt; Digital Summary Chassis --&gt; CH12: EDMP FS2 Currently ACTIVE, must not be BYPASS. [Passed] B921 --&gt; Digital Summary Chassis --&gt; CH13: VAT SUM1 Currently ACTIVE, must not be BYPASS. [Passed] B921 --&gt; Digital Summary Chassis --&gt; CH14: VAT SUM2 Currently ACTIVE, must not be BYPASS. [Passed] B921 --&gt; Digital Summary Chassis --&gt; CH15: VAT SUM3 Currently ACTIVE, must not be BYPASS. [Passed] B921 --&gt; Digital Summary Chassis --&gt; CH16: VAT SUM4 Currently ACTIVE, must not be BYPASS. *** ST950/960 status is IN *** [Passed] LI28 --&gt; Summary Chassis --&gt; CH01: PIC Summary 1 Currently ACTIVE, must not be BYPASS. [Passed] LI28 --&gt; Summary Chassis --&gt; CH02: PIC Summary 2 Currently ACTIVE, must not be BYPASS. [Passed] LI28 --&gt; Summary Chassis --&gt; CH03: ST950 Flwswch 1 Currently ACTIVE, must not be BYPASS. [Passed] LI28 --&gt; Summary Chassis --&gt; CH04: ST950 Flwswch 2 Currently ACTIVE, must not be BYPASS. [Passed] LI28 --&gt; Summary Chassis --&gt; CH05: ST960 Flwswch 1 Currently ACTIVE, must not be BYPASS. [Passed] LI28 --&gt; Summary Chassis --&gt; CH06: ST960 Flwswch 2 Currently ACTIVE, must not be BYPASS. [Failed] B136 / B005 --&gt; DTC --&gt; B136 --&gt; DTC CH1: BLRCUS (low trip) Currently at 6.65369649805, must be 6.55 +/- 0.01 [Failed] B136 / B005 --&gt; DTC --&gt; B136 --&gt; DTC CH1: BLRCUS (high trip) Currently at 7.92874036774, must be 7.78 +/- 0.01 [Failed] B136 / B005 --&gt; DTC --&gt; B136 --&gt; DTC CH3: BRCUS1 (low trip) Currently at 6.6918440528, must be 6.6 +/- 0.01 [Failed] B136 / B005 --&gt; DTC --&gt; B136 --&gt; DTC CH3: BRCUS1 (high trip) Currently at 8.0144960708, must be 7.92 +/- 0.01 [Passed] B136 / B005 --&gt; DTC --&gt; B005 --&gt; DTC1 CH1: BY1-BY2 (low trip) Currently at 6.17914091707, must be 6.17 +/- 0.01 [Failed] B136 / B005 --&gt; DTC --&gt; B005 --&gt; DTC1 CH1: BY1-BY2 (high trip) Currently at 7.06202792401, must be 7.09 +/- 0.01 [Passed] B911 --&gt; DTC --&gt; DTC1 CH1: BYD1 (low trip) Currently at 6.45502403296, must be 6.45 +/- 0.01 [Passed] B911 --&gt; DTC --&gt; DTC1 CH1: BYD1 (high trip) Currently at 8.43015182727, must be 8.43 +/- 0.01 [Passed] B911 --&gt; DTC --&gt; DTC1 CH2: BYD1 (redundant) (low trip) Currently at 6.56122682536, must be 6.56 +/- 0.01 [Passed] B911 --&gt; DTC --&gt; DTC1 CH2: BYD1 (redundant) (high trip) Currently at 8.47592889296, must be 8.47 +/- 0.01 [Passed] B911 --&gt; DTC --&gt; DTC1 CH3: BY1B (low trip) Currently at 6.27405203326, must be 6.27 +/- 0.01 [Passed] B911 --&gt; DTC --&gt; DTC1 CH3: BY1B (high trip) Currently at 6.7006942855, must be 6.7 +/- 0.01 [Passed] B911 --&gt; DTC --&gt; DTC1 CH4: BYD1B (low trip) Currently at 6.85664148928, must be 6.86 +/- 0.01 [Passed] B911 --&gt; DTC --&gt; DTC1 CH4: BYD1B (high trip) Currently at 8.81345845731, must be 8.81 +/- 0.01 [Passed] B921 --&gt; DTC --&gt; DTC1 CH1: BYDSS (low trip) Currently at 6.20843823911, must be 6.21 +/- 0.01 [Passed] B921 --&gt; DTC --&gt; DTC1 CH1: BYDSS (high trip) Currently at 6.79926756695, must be 6.8 +/- 0.01 [Passed] B921 --&gt; DTC --&gt; DTC1 CH2: BYDSH (low trip) Currently at 6.16876478218, must be 6.17 +/- 0.01 [Passed] B921 --&gt; DTC --&gt; DTC1 CH2: BYDSH (high trip) Currently at 7.2582589456, must be 7.26 +/- 0.01 [Passed] B136 / B005 --&gt; R119B PICs --&gt; CH01: PCBSY4-IC1 Currently ACTIVE, must not be BYPASS. [Passed] B136 / B005 --&gt; R119B PICs --&gt; CH02: PCBSY5-IC1 Currently ACTIVE, must not be BYPASS. [Passed] B136 / B005 --&gt; R119B PICs --&gt; CH04: ST34B-IC1 Currently ACTIVE, must not be BYPASS. [Passed] B136 / B005 --&gt; R119B PICs --&gt; CH05: PCBP33-IC1 Currently ACTIVE, must not be BYPASS. [Passed] B136 / B005 --&gt; R119B PICs --&gt; CH08: ST60-IC1 Currently ACTIVE, must not be BYPASS. [Passed] B136 / B005 --&gt; R119C PICs --&gt; CH07: BLRCUS-IC1 Currently ACTIVE, must not be BYPASS. [Passed] B136 / B005 --&gt; R119C PICs --&gt; CH08: ST61-IC1 Currently ACTIVE, must not be BYPASS. [Passed] B136 / B005 --&gt; R119C PICs --&gt; CH10: PCSP3S-IC1 Currently ACTIVE, must not be BYPASS. [Passed] B136 / B005 --&gt; R119D PICs --&gt; CH01: PCSP4S-IC1 Currently ACTIVE, must not be BYPASS. [Passed] B136 / B005 --&gt; R119D PICs --&gt; CH05: STCLTS-IC1 Currently ACTIVE, must not be BYPASS. [Passed] B136 / B005 --&gt; R119D PICs --&gt; CH07: ST34A-IC1 Currently ACTIVE, must not be BYPASS. [Passed] B136 / B005 --&gt; R119D PICs --&gt; CH10: D2-IC1 Currently ACTIVE, must not be BYPASS. *** D2 stopper status is IN *** *** ST34 stopper status is IN *** *** STCLTS stopper status is IN *** [Passed] B136 / B005 --&gt; DTC --&gt; B005 --&gt; DTC1 CH1: BY1-BY2 (active/inactive) Currently BYPASS, must not be ACTIVE. LCLS BCS checks failed. FACET BCS checks performed using the 3/1/2021 version of the checklist. [Passed] LI20 --&gt; PIC Summary 1 Currently ACTIVE, must not be BYPASS. [Passed] LI20 --&gt; PIC Summary 2 Currently ACTIVE, must not be BYPASS. [Passed] LI20 --&gt; LION Gas Pressure Switch 1 Currently ACTIVE, must not be BYPASS. [Passed] LI20 --&gt; LION Gas Pressure Switch 2 Currently ACTIVE, must not be BYPASS. [Passed] LI20 --&gt; PIC Gas Pressure Switch 1 Currently ACTIVE, must not be BYPASS. [Passed] LI20 --&gt; PIC Gas Pressure Switch 2 Currently ACTIVE, must not be BYPASS. [Passed] LI20 --&gt; FACET-II Dump Flow Switch 1 Currently ACTIVE, must not be BYPASS. [Passed] LI20 --&gt; FACET-II Dump Flow Switch 2 Currently ACTIVE, must not be BYPASS. [Passed] LI20 --&gt; B1 Dump Flow Switch 1 Currently ACTIVE, must not be BYPASS. [Passed] LI20 --&gt; B1 Dump Flow Switch 2 Currently ACTIVE, must not be BYPASS. [Passed] LI20 --&gt; LI19 LION 1N Currently OK, must not be BYPASS. [Passed] LI20 --&gt; LI19 LION 1S Currently OK, must not be BYPASS. [Passed] LI20 --&gt; LI19 LION 2N Currently OK, must not be BYPASS. [Passed] LI20 --&gt; LI19 LION 2S Currently OK, must not be BYPASS. [Passed] LI20 --&gt; LI19 LION 3N Currently OK, must not be BYPASS. [Passed] LI20 --&gt; LI19 LION 3S Currently OK, must not be BYPASS. [Passed] LI20 --&gt; SCAVEXT-LION-1N Currently OK, must not be BYPASS. [Passed] LI20 --&gt; SCAVEXT-LION-1S Currently OK, must not be BYPASS. [Passed] LI20 --&gt; FDMP-IC1 Currently OK, must not be BYPASS. [Passed] LI20 --&gt; FDMP-IC2 Currently OK, must not be BYPASS. FACET BCS checks successful.",
    "lastName": "Physics",
    "userName": "physics",
    "tags": [],
    "attachments": [],
    "followUps": [],
    "references": [],
    "loggedAt": {
      "$date": "2022-01-17T08:15:07.000Z"
    },
    "eventAt": {
      "$date": "2022-01-17T08:15:07.000Z"
    },
    "version": 0,
    "_class": "edu.stanford.slac.elog_plus.model.Entry"
  },
  {
    "_id": {
      "$oid": "653847f95ec1e72404bf3768"
    },
    "originId": "MCC_1119347",
    "logbooks": [
      "6536f0b5fbf92e44a767572c"
    ],
    "title": "NIGHT-SHIFT Report 2022-01-16/17, Sun/Mon; Martin Luther King Jr Day",
    "text": "NIGHT-SHIFT Report 2022-01-16/17, Sun/Mon; Martin Luther King Jr Day PROGRAM: User Beam, 500 mA, 300 s top-off injection BEAMLINES: 1730 All open except BL17 0000 All closed except BL1, BL2, BL4, BL5, BL8, BL13, BL14 &amp; BL16 0100 BL4 closed FAULTS: None EXPERIMENTS: 1715 Assisted experimenter on BL2-3 to open hutch 1725 Assisted experimenter on BL9-3 to obtain LN at fill station 1930 LN critically low, below 70 ins, with no delivery apparently until 1000 tomorrow. Plan formed to close the LN-mono served beamlines at 0000 (BL4 to be delayed until 0100) 2100 Assisted experimenter on BL7-3 to find a mirror, loaned from DO station 0000 Repeated failures of Airgas to deliver LN have forced experimentation stoppage and BL closure on BL4, BL6, BL7, BL9, BL10, BL11, BL12 &amp; BL15 0015 Dialed back pump frequencies on Messer-controlled LN Mono pumps, for LN preservation; data listed below to aid restorative protocol 0500 Relaxation of LN depletion gradient noted per BL closure: 0.8 ins/hr over last 5 hrs c.f. 1.67 ins/hr over previous 48 hrs DATA: LN Mono (Messer) BL SC fill IL fill Pump-0 Pump-1 (35-100)% (21-35)% Hz Hz 7-3 60 35 64 40 7-2 100 30 46.2 30 10-2 50 35 40 30 9-3 85 35 64.4 40 9-2 90 35 51.2 30 12-2 70 35 60 40 6-2 40 33 76.8 50 11-2 75 35 54 30 4-3 85 35 65 40 4-2 100 32 58 30 4-1 90 35 65 40 LN Mono (Siemens/RI) BL SC fill IL fill Pump-0 Pump-1 (35-75)% (15-28)% Hz Hz 12-1 52 28 30 unchanged 15-2 70 27 30 unchanged 17-2 70 30 30 unchanged",
    "lastName": "Pople",
    "firstName": "John",
    "userName": "pople",
    "tags": [],
    "attachments": [],
    "followUps": [],
    "references": [],
    "loggedAt": {
      "$date": "2022-01-17T13:14:33.000Z"
    },
    "eventAt": {
      "$date": "2022-01-17T13:14:33.000Z"
    },
    "version": 0,
    "_class": "edu.stanford.slac.elog_plus.model.Entry"
  },
  {
    "_id": {
      "$oid": "653847f95ec1e72404bf376a"
    },
    "originId": "MCC_1119348",
    "logbooks": [
      "6536f0b5fbf92e44a767572a"
    ],
    "title": "Many BLs remain shut due to low supply of Liquid Nitrogen. See Duty Op elog entry.",
    "text": "",
    "lastName": "Hoover",
    "firstName": "Chris",
    "userName": "hoover",
    "tags": [],
    "attachments": [
      "653847f95ec1e72404bf3769"
    ],
    "followUps": [],
    "references": [
      "653847f95ec1e72404bf3768"
    ],
    "loggedAt": {
      "$date": "2022-01-17T15:14:54.000Z"
    },
    "eventAt": {
      "$date": "2022-01-17T15:10:00.000Z"
    },
    "version": 0,
    "_class": "edu.stanford.slac.elog_plus.model.Entry"
  },
  {
    "_id": {
      "$oid": "653847f95ec1e72404bf376b"
    },
    "originId": "MCC_1119349",
    "logbooks": [
      "6536f0b5fbf92e44a7675730"
    ],
    "title": "LI23 Q701 fails turn on CATER 154606",
    "text": "Supply had 07P fan fault, replaced supply, on and trimmed. PC81405 out, PC82350 in. AF/CH",
    "lastName": "Freese",
    "firstName": "Allan",
    "userName": "alf",
    "tags": [
      "fe1151d3-12a3-4b07-b9ac-d9e4bfcd1561"
    ],
    "attachments": [],
    "followUps": [],
    "references": [],
    "loggedAt": {
      "$date": "2022-01-17T15:52:21.000Z"
    },
    "eventAt": {
      "$date": "2022-01-17T15:52:21.000Z"
    },
    "version": 0,
    "_class": "edu.stanford.slac.elog_plus.model.Entry"
  },
  {
    "_id": {
      "$oid": "653847f95ec1e72404bf376c"
    },
    "originId": "MCC_1119350",
    "logbooks": [
      "6536f0b5fbf92e44a767572a"
    ],
    "title": "Shift Summary, Mon, 17 Jan 2022, Owl.",
    "text": "Summary: User Beams, no losses, no missed refills. Injector: Running as needed to refill SPEAR; fill rate is near 45mA/min. SPEAR: 500mA 3GeV 7nm lattice all shift. BLs: About half of SPEAR/SSRL beamlines are shut since midnight due to low supply of Liquid Nitrogen. Awaiting delivery from supplier Airgas. Duty Op phone call to Airgas this morning confirms delivery window between 9am and 11am today.",
    "lastName": "Hoover",
    "firstName": "Chris",
    "userName": "hoover",
    "tags": [],
    "attachments": [],
    "followUps": [],
    "references": [],
    "loggedAt": {
      "$date": "2022-01-17T16:34:59.000Z"
    },
    "eventAt": {
      "$date": "2022-01-17T16:30:46.000Z"
    },
    "version": 0,
    "_class": "edu.stanford.slac.elog_plus.model.Entry"
  },
  {
    "_id": {
      "$oid": "653847f95ec1e72404bf376d"
    },
    "originId": "MCC_1119351",
    "logbooks": [
      "6536f0b5fbf92e44a767572a"
    ],
    "title": "Shift Start: Monday Day Shift",
    "text": "<p><strong>Operators:</strong></p>\n<p>Calloway</p>\n<p><strong>Injector Status:</strong></p>\n<p>Autofill RUN mode</p>\n<p><strong>SPEAR Status:</strong></p>\n<p>BEAMS; Topoff enabled; beam lines open; several BLs closed due to low LN2 levels</p>\n<p><strong>Program:</strong></p>\n<p>User beam delivery w/ 5-minute topoff fills.</p>",
    "lastName": "Calloway",
    "firstName": "David",
    "userName": "calloway",
    "tags": [],
    "attachments": [],
    "followUps": [],
    "references": [],
    "loggedAt": {
      "$date": "2022-01-17T16:42:35.000Z"
    },
    "eventAt": {
      "$date": "2022-01-17T16:15:08.000Z"
    },
    "version": 0,
    "_class": "edu.stanford.slac.elog_plus.model.Entry"
  },
  {
    "_id": {
      "$oid": "653847f95ec1e72404bf376e"
    },
    "originId": "MCC_1119352",
    "logbooks": [
      "6536f0b5fbf92e44a767572a"
    ],
    "title": "Left message for SP3 Div. Dir. (James) advising of the LN2 situation.",
    "text": "",
    "lastName": "Calloway",
    "firstName": "David",
    "userName": "calloway",
    "tags": [],
    "attachments": [],
    "followUps": [],
    "references": [],
    "loggedAt": {
      "$date": "2022-01-17T17:29:58.000Z"
    },
    "eventAt": {
      "$date": "2022-01-17T17:05:46.000Z"
    },
    "version": 0,
    "_class": "edu.stanford.slac.elog_plus.model.Entry"
  },
  {
    "_id": {
      "$oid": "653847f95ec1e72404bf376f"
    },
    "originId": "MCC_1119353",
    "logbooks": [
      "6536f0b5fbf92e44a767572a"
    ],
    "title": "BL Duty Op called (Sarah). LN2 delivery is here. Filling now. BL's to open soon.",
    "text": "",
    "lastName": "Calloway",
    "firstName": "David",
    "userName": "calloway",
    "tags": [],
    "attachments": [],
    "followUps": [],
    "references": [],
    "loggedAt": {
      "$date": "2022-01-17T18:06:26.000Z"
    },
    "eventAt": {
      "$date": "2022-01-17T18:06:26.000Z"
    },
    "version": 0,
    "_class": "edu.stanford.slac.elog_plus.model.Entry"
  },
  {
    "_id": {
      "$oid": "653847f95ec1e72404bf3770"
    },
    "originId": "MCC_1119354",
    "logbooks": [
      "6536f0b5fbf92e44a7675730"
    ],
    "title": "LI27 Q601 intemittently unstable CATER 154465",
    "text": "Replaced power supply. On and trimmed. Will see if instability returns. PC82365 out, PC81569 in. Also tried spare PC81616 but unable to do remote turn on.",
    "lastName": "Freese",
    "firstName": "Allan",
    "userName": "alf",
    "tags": [
      "fe1151d3-12a3-4b07-b9ac-d9e4bfcd1561"
    ],
    "attachments": [],
    "followUps": [],
    "references": [],
    "loggedAt": {
      "$date": "2022-01-17T18:28:48.000Z"
    },
    "eventAt": {
      "$date": "2022-01-17T18:28:48.000Z"
    },
    "version": 0,
    "_class": "edu.stanford.slac.elog_plus.model.Entry"
  },
  {
    "_id": {
      "$oid": "653847f95ec1e72404bf3771"
    },
    "originId": "MCC_1119355",
    "logbooks": [
      "6536f0b5fbf92e44a767572a"
    ],
    "title": "All BL's open except for BL-17.",
    "text": "",
    "lastName": "Calloway",
    "firstName": "David",
    "userName": "calloway",
    "tags": [],
    "attachments": [],
    "followUps": [],
    "references": [],
    "loggedAt": {
      "$date": "2022-01-17T18:30:09.000Z"
    },
    "eventAt": {
      "$date": "2022-01-17T18:30:09.000Z"
    },
    "version": 0,
    "_class": "edu.stanford.slac.elog_plus.model.Entry"
  },
  {
    "_id": {
      "$oid": "653847f95ec1e72404bf3772"
    },
    "originId": "MCC_1119356",
    "logbooks": [
      "6536f0b5fbf92e44a767572d",
      "6536f0b5fbf92e44a7675730"
    ],
    "title": "LI14 SBST frequent large phase jumps (~100 degrees), CATER Id: 154282(TEC)",
    "text": "R/R RF Drive Unit: Slac id 16002982 out; slac id 18050706 pn/ch",
    "lastName": "Nguyen",
    "firstName": "Phillip",
    "userName": "phillip",
    "tags": [
      "076dfad9-0fc6-4839-8c42-d16e1e9ab051",
      "a322161d-e930-4ad4-b481-7aa10be41996"
    ],
    "attachments": [],
    "followUps": [],
    "references": [],
    "loggedAt": {
      "$date": "2022-01-17T21:00:41.000Z"
    },
    "eventAt": {
      "$date": "2022-01-17T21:00:41.000Z"
    },
    "version": 0,
    "_class": "edu.stanford.slac.elog_plus.model.Entry"
  },
  {
    "_id": {
      "$oid": "653847f95ec1e72404bf3773"
    },
    "originId": "MCC_1119357",
    "logbooks": [
      "6536f0b5fbf92e44a767572d",
      "6536f0b5fbf92e44a7675730"
    ],
    "title": "* Re: 20-8(LOB): Calibrate klystron heater, CATER 154488",
    "text": "Removed all ground hooks inside the modulator, hooked up klystron and cal heater box. pn",
    "lastName": "Nguyen",
    "firstName": "Phillip",
    "userName": "phillip",
    "tags": [
      "dce26dca-142d-40eb-9d1d-d480d8dc57f9",
      "fe1151d3-12a3-4b07-b9ac-d9e4bfcd1561"
    ],
    "attachments": [],
    "followUps": [],
    "references": [
      "653847f75ec1e72404bf3754"
    ],
    "loggedAt": {
      "$date": "2022-01-17T21:57:15.000Z"
    },
    "eventAt": {
      "$date": "2022-01-17T21:57:15.000Z"
    },
    "version": 0,
    "_class": "edu.stanford.slac.elog_plus.model.Entry"
  },
  {
    "_id": {
      "$oid": "653847f95ec1e72404bf3774"
    },
    "originId": "MCC_1119358",
    "logbooks": [
      "6536f0b5fbf92e44a7675730"
    ],
    "title": "* Re: LI27 Q601 intemittently unstable CATER 154465",
    "text": "Still unstable.",
    "lastName": "Freese",
    "firstName": "Allan",
    "userName": "alf",
    "tags": [
      "fe1151d3-12a3-4b07-b9ac-d9e4bfcd1561"
    ],
    "attachments": [],
    "followUps": [],
    "references": [
      "653847f95ec1e72404bf3770"
    ],
    "loggedAt": {
      "$date": "2022-01-17T21:57:17.000Z"
    },
    "eventAt": {
      "$date": "2022-01-17T21:57:17.000Z"
    },
    "version": 0,
    "_class": "edu.stanford.slac.elog_plus.model.Entry"
  },
  {
    "_id": {
      "$oid": "653847f95ec1e72404bf3775"
    },
    "originId": "MCC_1119359",
    "logbooks": [
      "6536f0b5fbf92e44a767572d",
      "6536f0b5fbf92e44a7675730"
    ],
    "title": "11-1,11-2 PLC PS fault CATER 154454",
    "text": "Turned on control power for 11-1 and 11-2. Klystron filaments still off for vacuum work.",
    "lastName": "Freese",
    "firstName": "Allan",
    "userName": "alf",
    "tags": [
      "076dfad9-0fc6-4839-8c42-d16e1e9ab051",
      "a322161d-e930-4ad4-b481-7aa10be41996"
    ],
    "attachments": [],
    "followUps": [],
    "references": [],
    "loggedAt": {
      "$date": "2022-01-17T22:04:19.000Z"
    },
    "eventAt": {
      "$date": "2022-01-17T22:04:19.000Z"
    },
    "version": 0,
    "_class": "edu.stanford.slac.elog_plus.model.Entry"
  },
  {
    "_id": {
      "$oid": "653847f95ec1e72404bf3776"
    },
    "originId": "MCC_1119360",
    "logbooks": [
      "6536f0b5fbf92e44a7675730"
    ],
    "title": "11-4 KMC fault CATER 154612",
    "text": "Cycled fiat rack breaker to clear KMC from MKSU but still faulted on PIOP",
    "lastName": "Freese",
    "firstName": "Allan",
    "userName": "alf",
    "tags": [
      "a322161d-e930-4ad4-b481-7aa10be41996"
    ],
    "attachments": [],
    "followUps": [],
    "references": [],
    "loggedAt": {
      "$date": "2022-01-17T22:05:18.000Z"
    },
    "eventAt": {
      "$date": "2022-01-17T22:05:18.000Z"
    },
    "version": 0,
    "_class": "edu.stanford.slac.elog_plus.model.Entry"
  },
  {
    "_id": {
      "$oid": "653847f95ec1e72404bf3777"
    },
    "originId": "MCC_1119361",
    "logbooks": [
      "6536f0b5fbf92e44a7675724"
    ],
    "title": "Incoming Duty Tech: Christina Horimoto (1400-2430)",
    "text": "",
    "lastName": "Eshelman",
    "firstName": "Christina",
    "userName": "horimoto",
    "tags": [
      "bda8d02e-57a4-4ec7-90fd-46d0187d57a9"
    ],
    "attachments": [],
    "followUps": [],
    "references": [],
    "loggedAt": {
      "$date": "2022-01-17T22:06:46.000Z"
    },
    "eventAt": {
      "$date": "2022-01-17T22:06:46.000Z"
    },
    "version": 0,
    "_class": "edu.stanford.slac.elog_plus.model.Entry"
  },
  {
    "_id": {
      "$oid": "653847f95ec1e72404bf3778"
    },
    "originId": "MCC_1119362",
    "logbooks": [
      "6536f0b5fbf92e44a7675731"
    ],
    "title": "CVS Change: \"matlab/toolbox UndSet.m",
    "text": "Update of /afs/slac/g/lcls/cvs/matlab/toolbox\n<br>\nIn directory mcclogin:/tmp/cvs-serv323390\n<br>\n<br>\nModified Files:\n<br>\n UndSet.m \n<br>\nLog Message:\n<br>\nFixed bug that explicitly addressed girder number\n<br>",
    "lastName": "Nuhn",
    "firstName": "Heinz-Dieter",
    "userName": "nuhn",
    "tags": [],
    "attachments": [],
    "followUps": [],
    "references": [],
    "loggedAt": {
      "$date": "2022-01-17T22:09:25.000Z"
    },
    "eventAt": {
      "$date": "2022-01-17T22:09:25.000Z"
    },
    "version": 0,
    "_class": "edu.stanford.slac.elog_plus.model.Entry"
  },
  {
    "_id": {
      "$oid": "653847fa5ec1e72404bf3779"
    },
    "originId": "MCC_1119363",
    "logbooks": [
      "6536f0b5fbf92e44a7675730"
    ],
    "title": "FACET mods to green light CATER 154607",
    "text": "Turned on control power to mods that were off. Left klystron filaments that were off for vacuum work off.",
    "lastName": "Freese",
    "firstName": "Allan",
    "userName": "alf",
    "tags": [
      "a322161d-e930-4ad4-b481-7aa10be41996"
    ],
    "attachments": [],
    "followUps": [],
    "references": [],
    "loggedAt": {
      "$date": "2022-01-17T22:12:43.000Z"
    },
    "eventAt": {
      "$date": "2022-01-17T22:12:43.000Z"
    },
    "version": 0,
    "_class": "edu.stanford.slac.elog_plus.model.Entry"
  },
  {
    "_id": {
      "$oid": "653847fa5ec1e72404bf377a"
    },
    "originId": "MCC_1119364",
    "logbooks": [
      "6536f0b5fbf92e44a7675730"
    ],
    "title": "Shop work - Repair GESH570W Power Supply fans",
    "text": "Remove the defected fans out of three GESH570W power supplies and prepare a new set of fans to be installed. CH",
    "lastName": "Herr",
    "firstName": "Chang",
    "userName": "chang248",
    "tags": [],
    "attachments": [],
    "followUps": [],
    "references": [],
    "loggedAt": {
      "$date": "2022-01-17T22:45:13.000Z"
    },
    "eventAt": {
      "$date": "2022-01-17T22:45:13.000Z"
    },
    "version": 0,
    "_class": "edu.stanford.slac.elog_plus.model.Entry"
  },
  {
    "_id": {
      "$oid": "653847fa5ec1e72404bf377b"
    },
    "originId": "MCC_1119365",
    "logbooks": [
      "6536f0b5fbf92e44a767572a"
    ],
    "title": "Shift start: Monday swing",
    "text": "<p><strong>Operators:</strong></p>\n<p>Nguyen</p>\n<p><strong>Injector Status:</strong></p>\n<p>Autofill</p>\n<p><strong>SPEAR Status:</strong></p>\n<p>BEAMS</p>\n<p><strong>Program:</strong></p>\n<p>500mA user beam with top-off fills every 5 minutes</p>",
    "lastName": "Nguyen",
    "firstName": "Thomas",
    "userName": "tnguyen",
    "tags": [],
    "attachments": [],
    "followUps": [],
    "references": [],
    "loggedAt": {
      "$date": "2022-01-17T23:47:38.000Z"
    },
    "eventAt": {
      "$date": "2022-01-17T23:45:00.000Z"
    },
    "version": 0,
    "_class": "edu.stanford.slac.elog_plus.model.Entry"
  },
  {
    "_id": {
      "$oid": "653847fa5ec1e72404bf377d"
    },
    "originId": "MCC_1119366",
    "logbooks": [
      "6536f0b5fbf92e44a767572a"
    ],
    "title": "Shift Summary: Monday Day Shift",
    "text": "SUMMARY: User beam delivery. INJECTOR: Autofill RUN mode. 43mA/min injection rates at greater than 100 percent calculated efficiency. SPEAR: User beam delivered with no beam losses or missed fills. BEAM LINES: Eight beam lines were closed at the start of the shift due to inadequate LN2 supply. The delivery truck which had been delayed was onsite and filling the SSRL dewar at 10:00AM. The BL Duty Op then began opening the affected beam lines. All beam lines open except for BL-17 by 10:30AM.",
    "lastName": "Calloway",
    "firstName": "David",
    "userName": "calloway",
    "tags": [],
    "attachments": [
      "653847fa5ec1e72404bf377c"
    ],
    "followUps": [],
    "references": [],
    "loggedAt": {
      "$date": "2022-01-17T23:53:10.000Z"
    },
    "eventAt": {
      "$date": "2022-01-17T23:45:05.000Z"
    },
    "version": 0,
    "_class": "edu.stanford.slac.elog_plus.model.Entry"
  }
]