[
  {
    "_id": {
      "$oid": "653849135ec1e72404bf46cc"
    },
    "originId": "MCC_1122857",
    "logbooks": [
      "6536f0b5fbf92e44a767571d"
    ],
    "title": "MCC Shift Change: Swing Shift, Saturday, 05-Feb-2022",
    "text": "LCLS: 9.6 keV to XPP/CXI with 10 Hz to TMO at 890 eV, then 17 keV to MEC FACET: Monitoring QE",
    "lastName": "Saad",
    "firstName": "Alexander",
    "userName": "aasaad",
    "tags": [],
    "attachments": [],
    "followUps": [],
    "references": [],
    "loggedAt": {
      "$date": "2022-02-06T00:01:52.000Z"
    },
    "eventAt": {
      "$date": "2022-02-06T00:00:00.000Z"
    },
    "version": 0,
    "_class": "edu.stanford.slac.elog_plus.model.Entry"
  },
  {
    "_id": {
      "$oid": "653849135ec1e72404bf46cd"
    },
    "originId": "MCC_1122858",
    "logbooks": [
      "6536f0b5fbf92e44a767572c"
    ],
    "title": "SSRL BLDO Day Shift Report 2022-FEB-5",
    "text": "SPEAR: User Beam, 500 mA, 300 s top-off injection. BEAMLINES: All open, except BL17. FAULTS: none EXPERIMENTS: assisted BL staff with 3d print for users at BL9-3. OPERATIONS: -Facilities team responded to flooding issue in bldg. 130 restroom. Resolved; restroom is operational. -BL12-1 staff report difficulty in turning robot key. Sprayed with graphite lubricant; somewhat easier to turn.",
    "lastName": "Lazareva",
    "firstName": "Lena",
    "userName": "lazareva",
    "tags": [],
    "attachments": [],
    "followUps": [],
    "references": [],
    "loggedAt": {
      "$date": "2022-02-06T01:35:48.000Z"
    },
    "eventAt": {
      "$date": "2022-02-06T01:35:48.000Z"
    },
    "version": 0,
    "_class": "edu.stanford.slac.elog_plus.model.Entry"
  },
  {
    "_id": {
      "$oid": "653849135ec1e72404bf46ce"
    },
    "originId": "MCC_1122859",
    "logbooks": [
      "6536f0b5fbf92e44a767571d"
    ],
    "title": "CXI Done",
    "text": "",
    "lastName": "Lopardo",
    "firstName": "Gabriella",
    "userName": "lopardog",
    "tags": [
      "68acd11d-05a8-45f5-b559-55a8d8833373"
    ],
    "attachments": [],
    "followUps": [],
    "references": [],
    "loggedAt": {
      "$date": "2022-02-06T02:02:47.000Z"
    },
    "eventAt": {
      "$date": "2022-02-06T02:02:47.000Z"
    },
    "version": 0,
    "_class": "edu.stanford.slac.elog_plus.model.Entry"
  },
  {
    "_id": {
      "$oid": "653849135ec1e72404bf46cf"
    },
    "originId": "MCC_1122860",
    "logbooks": [
      "6536f0b5fbf92e44a767571d"
    ],
    "title": "XPP and TMO also done",
    "text": "",
    "lastName": "Bisi",
    "firstName": "Derikka",
    "userName": "dabisi",
    "tags": [
      "68acd11d-05a8-45f5-b559-55a8d8833373"
    ],
    "attachments": [],
    "followUps": [],
    "references": [],
    "loggedAt": {
      "$date": "2022-02-06T02:04:10.000Z"
    },
    "eventAt": {
      "$date": "2022-02-06T02:04:10.000Z"
    },
    "version": 0,
    "_class": "edu.stanford.slac.elog_plus.model.Entry"
  },
  {
    "_id": {
      "$oid": "653849135ec1e72404bf46d0"
    },
    "originId": "MCC_1122861",
    "logbooks": [
      "6536f0b5fbf92e44a767571d"
    ],
    "title": "TMO will want 890 eV to start (same photon energy as what they ended with)",
    "text": "",
    "lastName": "Bisi",
    "firstName": "Derikka",
    "userName": "dabisi",
    "tags": [
      "68acd11d-05a8-45f5-b559-55a8d8833373"
    ],
    "attachments": [],
    "followUps": [],
    "references": [],
    "loggedAt": {
      "$date": "2022-02-06T02:05:31.000Z"
    },
    "eventAt": {
      "$date": "2022-02-06T02:05:31.000Z"
    },
    "version": {
      "$numberLong": "2"
    },
    "_class": "edu.stanford.slac.elog_plus.model.Entry",
    "supersededBy": "653849135ec1e72404bf46d1"
  },
  {
    "_id": {
      "$oid": "653849135ec1e72404bf46d1"
    },
    "originId": "MCC_1122862",
    "logbooks": [
      "6536f0b5fbf92e44a767571d"
    ],
    "title": "TMO will want 890 eV to start (same photon energy as what they ended with)",
    "text": "",
    "lastName": "Bisi",
    "firstName": "Derikka",
    "userName": "dabisi",
    "tags": [
      "68acd11d-05a8-45f5-b559-55a8d8833373"
    ],
    "attachments": [],
    "followUps": [],
    "references": [],
    "loggedAt": {
      "$date": "2022-02-06T02:05:56.000Z"
    },
    "eventAt": {
      "$date": "2022-02-06T14:30:42.000Z"
    },
    "version": 0,
    "_class": "edu.stanford.slac.elog_plus.model.Entry"
  },
  {
    "_id": {
      "$oid": "653849135ec1e72404bf46d2"
    },
    "originId": "MCC_1122863",
    "logbooks": [
      "6536f0b5fbf92e44a767571d"
    ],
    "title": "Loading config from last night, but orbit has a lot of hysteresis effects; steering flat",
    "text": "",
    "lastName": "Bisi",
    "firstName": "Derikka",
    "userName": "dabisi",
    "tags": [
      "68acd11d-05a8-45f5-b559-55a8d8833373"
    ],
    "attachments": [],
    "followUps": [],
    "references": [],
    "loggedAt": {
      "$date": "2022-02-06T02:22:57.000Z"
    },
    "eventAt": {
      "$date": "2022-02-06T02:22:57.000Z"
    },
    "version": 0,
    "_class": "edu.stanford.slac.elog_plus.model.Entry"
  },
  {
    "_id": {
      "$oid": "653849135ec1e72404bf46d3"
    },
    "originId": "MCC_1122864",
    "logbooks": [
      "6536f0b5fbf92e44a767571d"
    ],
    "title": "Delivering 0.7 mJ to MEC",
    "text": "",
    "lastName": "Bisi",
    "firstName": "Derikka",
    "userName": "dabisi",
    "tags": [
      "68acd11d-05a8-45f5-b559-55a8d8833373"
    ],
    "attachments": [],
    "followUps": [],
    "references": [],
    "loggedAt": {
      "$date": "2022-02-06T02:53:02.000Z"
    },
    "eventAt": {
      "$date": "2022-02-06T02:53:02.000Z"
    },
    "version": 0,
    "_class": "edu.stanford.slac.elog_plus.model.Entry"
  },
  {
    "_id": {
      "$oid": "653849135ec1e72404bf46d4"
    },
    "originId": "MCC_1122865",
    "logbooks": [
      "6536f0b5fbf92e44a767571d"
    ],
    "title": "Tuned up to 1 mj",
    "text": "Jitter is better too, used XCAV launch set points",
    "lastName": "Lopardo",
    "firstName": "Gabriella",
    "userName": "lopardog",
    "tags": [
      "68acd11d-05a8-45f5-b559-55a8d8833373"
    ],
    "attachments": [],
    "followUps": [],
    "references": [],
    "loggedAt": {
      "$date": "2022-02-06T04:02:23.000Z"
    },
    "eventAt": {
      "$date": "2022-02-06T04:02:23.000Z"
    },
    "version": 0,
    "_class": "edu.stanford.slac.elog_plus.model.Entry"
  },
  {
    "_id": {
      "$oid": "653849135ec1e72404bf46d5"
    },
    "originId": "MCC_1122866",
    "logbooks": [
      "6536f0b5fbf92e44a7675730"
    ],
    "title": "CATER 154979, Kly Mod 21-4: frequent FLKs.",
    "text": "Kly Mod 21-4: station fault log shows a number of HVOV + several HVOC faults. Ranged thyratron from 4.4 to 4.9 volts to get better BV stability. Had station trip off due to HVOV fault while ranging thyratron. Lowered HV set from 22.65 KV to 22.3 KV to hopefully prevent more HVOV faults. BV now about 345.5 KV with 360 expected. Station FTPs + history plots look better. CATER ready to close.",
    "lastName": "Jenks",
    "firstName": "Stephen",
    "userName": "saj",
    "tags": [
      "fe1151d3-12a3-4b07-b9ac-d9e4bfcd1561"
    ],
    "attachments": [],
    "followUps": [],
    "references": [],
    "loggedAt": {
      "$date": "2022-02-06T05:51:15.000Z"
    },
    "eventAt": {
      "$date": "2022-02-06T05:51:15.000Z"
    },
    "version": 0,
    "_class": "edu.stanford.slac.elog_plus.model.Entry"
  },
  {
    "_id": {
      "$oid": "653849135ec1e72404bf46d6"
    },
    "originId": "MCC_1122867",
    "logbooks": [
      "6536f0b5fbf92e44a7675730"
    ],
    "title": "CATER 154974, Kly Mod 27-7: station has excessive phase jitter.",
    "text": "Kly Mod 27-7: ranged thyratron from 4.12 to 4.6 volts. HL = 4.65 volts. Station more stable according to klystron history plots + FTPs.",
    "lastName": "Jenks",
    "firstName": "Stephen",
    "userName": "saj",
    "tags": [
      "fe1151d3-12a3-4b07-b9ac-d9e4bfcd1561"
    ],
    "attachments": [],
    "followUps": [],
    "references": [],
    "loggedAt": {
      "$date": "2022-02-06T05:53:47.000Z"
    },
    "eventAt": {
      "$date": "2022-02-06T05:53:47.000Z"
    },
    "version": 0,
    "_class": "edu.stanford.slac.elog_plus.model.Entry"
  },
  {
    "_id": {
      "$oid": "653849135ec1e72404bf46d7"
    },
    "originId": "MCC_1122868",
    "logbooks": [
      "6536f0b5fbf92e44a767573d"
    ],
    "title": "Day Shift HRS-Log",
    "text": "\"02/05/22 14:00 - Randy Hollis - C0 (common) - HRS.00.00-HRS.00.00-DAY SHIFT SUMMARY Cryo Plant/LINAC Mode: Warmup 02/05/22 08:00 - Roland Evans - C1 - HRS.4K.00-Vishy asked that I fully open PV22220 &amp; fully close PV22249, I was also asked to open PV22241 from 4 to 5% to increase FT22245 to 50 g/s 02/05/22 08:24 - Roland Evans - C1 - HRS.CS.MC-I was asked to unload &amp; shutdown compressor C4 02/05/22 09:24 - Roland Evans - C0 (common) - HRS.00.00-Performed the plant walk through found no issues. 02/05/22 11:36 - Roland Evans - C1 - HRS.4K.CB-Adding bit more flow through to the cryo modules with PV22485. Went from 50 to 55% this raised pressure 22393 to 3.55 bara. Per Vishy 02/05/22 1400 - Randy Hollis- HRS.4K.GG- Cleaned and rebuilt spare Televac CC-10 gauges. Installed rebuilt gauge and spinning rotor gauge on Pfeiffer Hi CUBE turbo. Zeroed gauge. Powered gauge with Rolands PS and monitored analog output from gauge during pumpdown. Also compared CC-10 against spinning rotor gauge. Tracks across the range and crosses over from pirani to CCG\" 02/05/22 14:00 - Randy Hollis - C0 (common) - HRS.4K.VG-Cleaned and rebuilt spare Televac CC-10 gauges. Installed rebuilt gauge and spinning rotor gauge on Pfeiffer Hi CUBE turbo. Zeroed gauge. Powered gauge with Rolands PS and monitored analog output from gauge during pumpdown. Also compared CC-10 against spinning rotor gauge. Tracks across the range and crosses over from pirani to CCG 02/05/22 11:36 - Roland Evans - C1 - HRS.4K.CB-Adding bit more flow through to the cryo modules with PV22485. Went from 50 to 55% this raised pressure 22393 to 3.55 bara. Per Vishy 02/05/22 09:24 - Roland Evans - C0 (common) - HRS.00.00-Performed the plant walk through found no issues. 02/05/22 08:24 - Roland Evans - C1 - HRS.CS.MC-I was asked to unload &amp; shutdown compressor C4 02/05/22 08:00 - Roland Evans - C1 - HRS.4K.00-Vishy asked that I fully open PV22220 &amp; fully close PV22249, I was also asked to open PV22241 from 4 to 5% to increase FT22245 to 50 g/s \"02/05/22 06:19 - Randall Chase - C0 (common) - HRS.00.00-OWL Shift Summary Cryoplant/LINAC Mode: Warm-up Plant Walkdown performed, no abnormal issues HRS-Smartsheet to SLAC ELOG Transfer: Y Operational Achievements, Problems, Alarms, Trips: Warm up steady and slow, no issues overnight with BAHX DT's or CM DT's\"",
    "lastName": "Stivala",
    "firstName": "Mike",
    "userName": "mstivala",
    "tags": [],
    "attachments": [],
    "followUps": [],
    "references": [],
    "loggedAt": {
      "$date": "2022-02-06T06:27:06.000Z"
    },
    "eventAt": {
      "$date": "2022-02-06T06:27:06.000Z"
    },
    "version": 0,
    "_class": "edu.stanford.slac.elog_plus.model.Entry"
  },
  {
    "_id": {
      "$oid": "653849135ec1e72404bf46d8"
    },
    "originId": "MCC_1122869",
    "logbooks": [
      "6536f0b5fbf92e44a767573d"
    ],
    "title": "Day Shift HRS-Log",
    "text": "\"02/05/22 14:00 - Randy Hollis - C0 (common) - HRS.00.00-HRS.00.00-DAY SHIFT SUMMARY Cryo Plant/LINAC Mode: Warmup 02/05/22 08:00 - Roland Evans - C1 - HRS.4K.00-Vishy asked that I fully open PV22220 &amp; fully close PV22249, I was also asked to open PV22241 from 4 to 5% to increase FT22245 to 50 g/s 02/05/22 08:24 - Roland Evans - C1 - HRS.CS.MC-I was asked to unload &amp; shutdown compressor C4 02/05/22 09:24 - Roland Evans - C0 (common) - HRS.00.00-Performed the plant walk through found no issues. 02/05/22 11:36 - Roland Evans - C1 - HRS.4K.CB-Adding bit more flow through to the cryo modules with PV22485. Went from 50 to 55% this raised pressure 22393 to 3.55 bara. Per Vishy 02/05/22 1400 - Randy Hollis- HRS.4K.GG- Cleaned and rebuilt spare Televac CC-10 gauges. Installed rebuilt gauge and spinning rotor gauge on Pfeiffer Hi CUBE turbo. Zeroed gauge. Powered gauge with Rolands PS and monitored analog output from gauge during pumpdown. Also compared CC-10 against spinning rotor gauge. Tracks across the range and crosses over from pirani to CCG\" 02/05/22 14:00 - Randy Hollis - C0 (common) - HRS.4K.VG-Cleaned and rebuilt spare Televac CC-10 gauges. Installed rebuilt gauge and spinning rotor gauge on Pfeiffer Hi CUBE turbo. Zeroed gauge. Powered gauge with Rolands PS and monitored analog output from gauge during pumpdown. Also compared CC-10 against spinning rotor gauge. Tracks across the range and crosses over from pirani to CCG 02/05/22 11:36 - Roland Evans - C1 - HRS.4K.CB-Adding bit more flow through to the cryo modules with PV22485. Went from 50 to 55% this raised pressure 22393 to 3.55 bara. Per Vishy 02/05/22 09:24 - Roland Evans - C0 (common) - HRS.00.00-Performed the plant walk through found no issues. 02/05/22 08:24 - Roland Evans - C1 - HRS.CS.MC-I was asked to unload &amp; shutdown compressor C4 02/05/22 08:00 - Roland Evans - C1 - HRS.4K.00-Vishy asked that I fully open PV22220 &amp; fully close PV22249, I was also asked to open PV22241 from 4 to 5% to increase FT22245 to 50 g/s \"02/05/22 06:19 - Randall Chase - C0 (common) - HRS.00.00-OWL Shift Summary Cryoplant/LINAC Mode: Warm-up Plant Walkdown performed, no abnormal issues HRS-Smartsheet to SLAC ELOG Transfer: Y Operational Achievements, Problems, Alarms, Trips: Warm up steady and slow, no issues overnight with BAHX DT's or CM DT's\"",
    "lastName": "Stivala",
    "firstName": "Mike",
    "userName": "mstivala",
    "tags": [],
    "attachments": [],
    "followUps": [],
    "references": [],
    "loggedAt": {
      "$date": "2022-02-06T06:28:53.000Z"
    },
    "eventAt": {
      "$date": "2022-02-06T06:28:53.000Z"
    },
    "version": 0,
    "_class": "edu.stanford.slac.elog_plus.model.Entry"
  },
  {
    "_id": {
      "$oid": "653849135ec1e72404bf46d9"
    },
    "originId": "MCC_1122870",
    "logbooks": [
      "6536f0b5fbf92e44a7675724"
    ],
    "title": "Swing shift 2nd walk through complete, no issues noted.",
    "text": "Swing shift 2nd routine walk through complete. BTMs ST03.2 and BTM S6.1 are yellow, tickets 3188 and 3229, respectively raised to address this. K. Burrows assigned to both tickets, they are ready for work.",
    "lastName": "Willard",
    "firstName": "Ydran",
    "userName": "ywillard",
    "tags": [
      "bda8d02e-57a4-4ec7-90fd-46d0187d57a9"
    ],
    "attachments": [],
    "followUps": [],
    "references": [],
    "loggedAt": {
      "$date": "2022-02-06T07:42:52.000Z"
    },
    "eventAt": {
      "$date": "2022-02-06T07:42:52.000Z"
    },
    "version": 0,
    "_class": "edu.stanford.slac.elog_plus.model.Entry"
  },
  {
    "_id": {
      "$oid": "653849135ec1e72404bf46da"
    },
    "originId": "MCC_1122871",
    "logbooks": [
      "6536f0b5fbf92e44a767571d"
    ],
    "title": "SWING SHIFT SUMMARY",
    "text": "Comment # Comment 1LCLS HXR: Delivered 9.5 keV, 10.515 GeV to XPP/CXI [PRIMARY] until 18:00, 110 Hz, 1.7 mJ. 2LCLS SXR: Delivered 880 eV, 10.515 GeV to TMO [SECONDARY] until 18:00, 10 Hz, 0.6 mJ. 3LCLS HXR: Delivered 17 keV, 14.067 GeV to MEC, 1.4 mJ. Configuration needed lots of steering due to corrector hysteresis from MD program last night. 4FACET: Injector beam to faraday cup for QE and charge stability studies. \n<br>\n<br>Program Delivered User Off Tuning Config \u0394s Accl. Down Sched. Off FACET-II_comm8.00.00.00.00.00LCLS-MD-CU_SXR0.00.00.00.00.06MEC_user5.20.00.00.80.00Photon-MD-CU_SXR2.00.00.00.00.00XPP-CXI2.00.00.00.00.00\n<br>",
    "lastName": "Bisi",
    "firstName": "Derikka",
    "userName": "dabisi",
    "tags": [],
    "attachments": [],
    "followUps": [],
    "references": [],
    "loggedAt": {
      "$date": "2022-02-06T07:43:37.000Z"
    },
    "eventAt": {
      "$date": "2022-02-06T07:59:59.000Z"
    },
    "version": 0,
    "_class": "edu.stanford.slac.elog_plus.model.Entry"
  },
  {
    "_id": {
      "$oid": "653849135ec1e72404bf46db"
    },
    "originId": "MCC_1122872",
    "logbooks": [
      "6536f0b5fbf92e44a767571d"
    ],
    "title": "tuned up to ~1.45 mJ",
    "text": "first did xcav tuning earlier to get more stability, then heaaaavy taper tuning (post saturation and linear amplitudes mostly), then undulator launch setpoints and oceloting the LTUH quads many times",
    "lastName": "Lopardo",
    "firstName": "Gabriella",
    "userName": "lopardog",
    "tags": [
      "68acd11d-05a8-45f5-b559-55a8d8833373"
    ],
    "attachments": [],
    "followUps": [],
    "references": [],
    "loggedAt": {
      "$date": "2022-02-06T07:48:38.000Z"
    },
    "eventAt": {
      "$date": "2022-02-06T07:48:38.000Z"
    },
    "version": 0,
    "_class": "edu.stanford.slac.elog_plus.model.Entry"
  },
  {
    "_id": {
      "$oid": "653849145ec1e72404bf46dc"
    },
    "originId": "MCC_1122873",
    "logbooks": [
      "6536f0b5fbf92e44a7675724"
    ],
    "title": "XFD End-of-Shift Summary: Swing Shift, 02-05-2022 #22024",
    "text": "<b>Date:</b> <i>Swing shift, <span>02-05-2022</span></i>\n<br><b>Outgoing Duty Technician:</b> <i><span>Ydran Willard</span></i>\n<br><b>Incoming Duty Technician:</b> <i><span> ACC_status</span></i>\n<br><b>End-of-shift configuration:</b>\n<br>HutchStatusModeActivityHutch 1 (AMO)<span><b>Online</b></span><span>BL1/H1</span><span>Took beam until 18:00</span>Hutch 2 (SXR)<span>Offline</span><span>BL2/H1</span><span>Idle</span>Hutch 3 (XPP)<span><b>Online</b></span><span>FEH</span><span>Took beam until 18:00</span>Hutch 4 (XCS)<span><b>Online</b></span><span>H5</span><span>Idle</span>Hutch 4.5 (MFX)<span><b>Online</b></span><span></span><span>Idle</span>Hutch 5 (CXI)<span><b>Online</b></span><span></span><span>Took beam until 18:00</span>Hutch 6 (MEC)<span><b>Online</b></span><span></span><span>Taking beam since 18:00</span>XRT<span><b>Online</b></span><span>No Access</span><span></span>\n<br><b>Shift notes:<br></b><span>Took turnover from Day shift. Both walk throughs good. BTMs ST03.2 and BTM S6.1 are yellow, tickets 3188 and 3229, respectively raised to address this. K. Burrows assigned to both tickets, they are ready for work. Helped Brian prepare RGA cart 4 for use on the HXRSSS. Continued work on the cryojet dewar/controller cart.</span>\n<br><b>Open RSWCFs:</b> <span>CXI operate CXI with DG2 focusing lenses unlocked. (ok to run with this form open)</span>\n<br><b>Time Accounting:</b>\n<br>ProgramScheduled Beam TimePlanned DowntimeUnplanned DowntimeActual BeamtimeLinkAMO4004<a rel=\"nofollow\">View Details</a>CXI4004<a rel=\"nofollow\">View Details</a>XPP4004<a rel=\"nofollow\">View Details</a>MEC6.5006.5<a rel=\"nofollow\">View Details</a>",
    "lastName": "Willard",
    "firstName": "Ydran",
    "userName": "ywillard",
    "tags": [],
    "attachments": [],
    "followUps": [],
    "references": [],
    "loggedAt": {
      "$date": "2022-02-06T07:48:50.000Z"
    },
    "eventAt": {
      "$date": "2022-02-06T07:59:00.000Z"
    },
    "version": 0,
    "_class": "edu.stanford.slac.elog_plus.model.Entry"
  },
  {
    "_id": {
      "$oid": "653849145ec1e72404bf46dd"
    },
    "originId": "MCC_1122874",
    "logbooks": [
      "6536f0b5fbf92e44a767572a"
    ],
    "title": "Shift summary: Saturday swing",
    "text": "SUMMARY: User beam all shift. No missed fill or beam loss. INJECTOR: Autofill, average fill rate 41mA/min, 94% injection efficiency. SPEAR: 500mA stored beam with top-off fills every 5 minutes.",
    "lastName": "Nguyen",
    "firstName": "Thomas",
    "userName": "tnguyen",
    "tags": [],
    "attachments": [],
    "followUps": [],
    "references": [],
    "loggedAt": {
      "$date": "2022-02-06T07:50:26.000Z"
    },
    "eventAt": {
      "$date": "2022-02-06T07:45:00.000Z"
    },
    "version": 0,
    "_class": "edu.stanford.slac.elog_plus.model.Entry"
  },
  {
    "_id": {
      "$oid": "653849145ec1e72404bf46de"
    },
    "originId": "MCC_1122875",
    "logbooks": [
      "6536f0b5fbf92e44a767572a"
    ],
    "title": "Shift Start: Sunday Owl",
    "text": "<p><strong>Operators:</strong></p>\n<p>Sommer</p>\n<p><strong>Injector Status:</strong></p>\n<p>5 minute top-offs, fill rate 42 mA/min, Efficiency 92%</p>\n<p><strong>SPEAR Status:</strong></p>\n<p>500 mA stored beam-User Delivery</p>\n<p><strong>Program:</strong></p>\n<p>User Beam</p>",
    "lastName": "Sommer",
    "firstName": "Tom",
    "userName": "sommer",
    "tags": [],
    "attachments": [],
    "followUps": [],
    "references": [],
    "loggedAt": {
      "$date": "2022-02-06T07:50:57.000Z"
    },
    "eventAt": {
      "$date": "2022-02-06T07:50:57.000Z"
    },
    "version": 0,
    "_class": "edu.stanford.slac.elog_plus.model.Entry"
  },
  {
    "_id": {
      "$oid": "653849145ec1e72404bf46df"
    },
    "originId": "MCC_1122876",
    "logbooks": [
      "6536f0b5fbf92e44a7675724"
    ],
    "title": "Elog End of Shift Report Summary for Slack Swing Shift",
    "text": "Date/Time: 2/5/22 Swing shift @ 23:59 Outgoing Duty Tech: Ydran Willard Incoming Duty Tech: ACR Hutch 1.1: Online Took beam until 18:00 Hutch 1.2: Offline Idle Hutch 1.3: Online FEH Took beam until 18:00 Hutch 2.2: Online Idle Hutch 4 : Online H5 Idle Hutch 4.5: Online Idle Hutch 5 : Online Took beam until 18:00 Hutch 6 : Online Taking beam since 18:00 XRT : No Access Took turnover from Day shift. Both walk throughs good. Helped Brian prepare RGA cart 4 for use on the HXRSSS. Continued work on the cryojet dewar/controller cart. State of BTMs: All green except for BTMs ST03.2 and BTM S6.1, tickets 3188 and 3229, respectively. K. Burrows assigned to both tickets, they are ready for work. Open RSWCFs: 1569: CXI operate CXI with DG2 focusing lenses unlocked. (ok to run with this form open) Time Accounting (hrs): \u00e2\u0097\u008f TMO:4 \u00e2\u0097\u008f TXI: \u00e2\u0097\u008f XPP:4 \u00e2\u0097\u008f RIX: \u00e2\u0097\u008f XCS: \u00e2\u0097\u008f MFX: \u00e2\u0097\u008f CXI:4 \u00e2\u0097\u008f MEC:6.5",
    "lastName": "Willard",
    "firstName": "Ydran",
    "userName": "ywillard",
    "tags": [
      "bda8d02e-57a4-4ec7-90fd-46d0187d57a9"
    ],
    "attachments": [],
    "followUps": [],
    "references": [],
    "loggedAt": {
      "$date": "2022-02-06T07:54:03.000Z"
    },
    "eventAt": {
      "$date": "2022-02-06T07:54:03.000Z"
    },
    "version": 0,
    "_class": "edu.stanford.slac.elog_plus.model.Entry"
  },
  {
    "_id": {
      "$oid": "653849145ec1e72404bf46e0"
    },
    "originId": "MCC_1122877",
    "logbooks": [
      "6536f0b5fbf92e44a767571d"
    ],
    "title": "MCC Shift Change: Owl Shift, Saturday, 05-Feb-2022",
    "text": "LCLS HXR: MEC delivery until 06:00, switch to XPP/CXI. LCLS SXR: Set up secondaries to TMO. FACET: Beam to FARC.",
    "lastName": "Ripman",
    "firstName": "Ben",
    "userName": "bripman",
    "tags": [],
    "attachments": [],
    "followUps": [],
    "references": [],
    "loggedAt": {
      "$date": "2022-02-06T07:54:41.000Z"
    },
    "eventAt": {
      "$date": "2022-02-06T08:00:00.000Z"
    },
    "version": 0,
    "_class": "edu.stanford.slac.elog_plus.model.Entry"
  },
  {
    "_id": {
      "$oid": "653849145ec1e72404bf46e1"
    },
    "originId": "MCC_1122878",
    "logbooks": [
      "6536f0b5fbf92e44a767571d"
    ],
    "title": "Daily BCS Checks - 2/6/2022 - Passed",
    "text": "LCLS BCS checks performed using the 1/18/2022 version of the checklist. [Passed] LI28 --&gt; Summary Chassis --&gt; LI28 PIC GAS PS1 Currently ACTIVE, must not be BYPASS. [Passed] LI28 --&gt; Summary Chassis --&gt; LI28 PIC GAS PS2 Currently ACTIVE, must not be BYPASS. [Passed] LI28 --&gt; PIC Chassis --&gt; IC 951 Status Currently ACTIVE, must not be BYPASS. [Passed] LI28 --&gt; PIC Chassis --&gt; IC 961 Status Currently ACTIVE, must not be BYPASS. [Passed] LI24 --&gt; Summary Chassis --&gt; PIC Summary #1 Currently ACTIVE, must not be BYPASS. [Passed] LI24 --&gt; Summary Chassis --&gt; PIC Summary #2 Currently ACTIVE, must not be BYPASS. [Passed] LI24 --&gt; Summary Chassis --&gt; LION Gas Pressure #1 Currently ACTIVE, must not be BYPASS. [Passed] LI24 --&gt; Summary Chassis --&gt; LION Gas Pressure #2 Currently ACTIVE, must not be BYPASS. [Passed] LI24 --&gt; PIC Chassis --&gt; CH01: BC2LION-1N Currently ACTIVE, must not be BYPASS. [Passed] LI24 --&gt; PIC Chassis --&gt; CH02: BC2LION-1S Currently ACTIVE, must not be BYPASS. [Passed] LCLS Injector --&gt; Summary Chassis --&gt; CH01: PIC Summary #1 Currently ACTIVE, must not be BYPASS. [Passed] LCLS Injector --&gt; Summary Chassis --&gt; CH02: PIC Summary #2 Currently ACTIVE, must not be BYPASS. [Passed] LCLS Injector --&gt; Summary Chassis --&gt; CH03: Dump Flow Switch Currently ACTIVE, must not be BYPASS. [Passed] LCLS Injector --&gt; Summary Chassis --&gt; CH04: Dump Flow Switch Currently ACTIVE, must not be BYPASS. [Passed] LCLS Injector --&gt; Summary Chassis --&gt; CH05: LION Gas Pres #1 Currently ACTIVE, must not be BYPASS. [Passed] LCLS Injector --&gt; Summary Chassis --&gt; CH06: LION Gas Pres #2 Currently ACTIVE, must not be BYPASS. [Passed] LCLS Injector --&gt; PIC Chassis --&gt; INJLION-1N Currently ACTIVE, must not be BYPASS. [Passed] LCLS Injector --&gt; PIC Chassis --&gt; INJLION-1S Currently ACTIVE, must not be BYPASS. [Passed] LCLS Injector --&gt; PIC Chassis --&gt; BC1LION-1N Currently ACTIVE, must not be BYPASS. [Passed] LCLS Injector --&gt; PIC Chassis --&gt; BC1LION-1S Currently ACTIVE, must not be BYPASS. [Passed] B136 / B005 --&gt; DTC --&gt; DTC CH1: BLRCUS (active/inactive) Currently ACTIVE, must not be BYPASS. [Passed] B136 / B005 --&gt; DTC --&gt; DTC CH3: BRCUS1 (active/inactive) Currently ACTIVE, must not be BYPASS. [Passed] B136 / B005 --&gt; Digital Summary Chassis 2 --&gt; CH01: R119B PIC SUM1 Currently ACTIVE, must not be BYPASS. [Passed] B136 / B005 --&gt; Digital Summary Chassis 2 --&gt; CH02: R119B PIC SUM2 Currently ACTIVE, must not be BYPASS. [Passed] B136 / B005 --&gt; Digital Summary Chassis 2 --&gt; CH03: R119C PIC SUM1 Currently ACTIVE, must not be BYPASS. [Passed] B136 / B005 --&gt; Digital Summary Chassis 2 --&gt; CH04: R119C PIC SUM2 Currently ACTIVE, must not be BYPASS. [Passed] B136 / B005 --&gt; Digital Summary Chassis 2 --&gt; CH05: R119D PIC SUM1 Currently ACTIVE, must not be BYPASS. [Passed] B136 / B005 --&gt; Digital Summary Chassis 2 --&gt; CH06: R119D PIC SUM2 Currently ACTIVE, must not be BYPASS. [Passed] B136 / B005 --&gt; Digital Summary Chassis 2 --&gt; CH09: 136 DTC SUM1 Currently ACTIVE, must not be BYPASS. [Passed] B136 / B005 --&gt; Digital Summary Chassis 2 --&gt; CH10: 136 DTC SUM2 Currently ACTIVE, must not be BYPASS. [Passed] B136 / B005 --&gt; Digital Summary Chassis 2 --&gt; CH11: 005 DTC SUM1 Currently ACTIVE, must not be BYPASS. [Passed] B136 / B005 --&gt; Digital Summary Chassis 2 --&gt; CH12: 005 DTC SUM2 Currently ACTIVE, must not be BYPASS. [Passed] B136 / B005 --&gt; Digital Summary Chassis 2 --&gt; CH13: 005 PPS1-BCS Currently ACTIVE, must not be BYPASS. [Passed] B136 / B005 --&gt; Digital Summary Chassis 2 --&gt; CH14: 005 PPS2-BCS Currently ACTIVE, must not be BYPASS. [Passed] B136 / B005 --&gt; Digital Summary Chassis 1 --&gt; CH01: D2 FS1 Currently ACTIVE, must not be BYPASS. [Passed] B136 / B005 --&gt; Digital Summary Chassis 1 --&gt; CH02: D2 FS2 Currently ACTIVE, must not be BYPASS. [Passed] B136 / B005 --&gt; Digital Summary Chassis 1 --&gt; CH03: ST CLTS FS1 Currently ACTIVE, must not be BYPASS. [Passed] B136 / B005 --&gt; Digital Summary Chassis 1 --&gt; CH04: ST CLTS FS2 Currently ACTIVE, must not be BYPASS. [Passed] B136 / B005 --&gt; Digital Summary Chassis 1 --&gt; CH07: BSY PIC GAS PS1 Currently ACTIVE, must not be BYPASS. [Passed] B136 / B005 --&gt; Digital Summary Chassis 1 --&gt; CH08: BSY PIC GAS PS2 Currently ACTIVE, must not be BYPASS. [Passed] B911 --&gt; Bypass and Summary Chassis #1 --&gt; CH01: PIC Summary #1 Currently ACTIVE, must not be BYPASS. [Passed] B911 --&gt; Bypass and Summary Chassis #1 --&gt; CH02: PIC Summary #2 Currently ACTIVE, must not be BYPASS. [Passed] B911 --&gt; Bypass and Summary Chassis #1 --&gt; CH07: BTHW Summary #1 Currently ACTIVE, must not be BYPASS. [Passed] B911 --&gt; Bypass and Summary Chassis #1 --&gt; CH08: BTHW Summary #2 Currently ACTIVE, must not be BYPASS. [Passed] B911 --&gt; Bypass and Summary Chassis #2 (BTHW) --&gt; CH1: PIC Summary #1 Currently ACTIVE, must not be BYPASS. [Passed] B911 --&gt; Bypass and Summary Chassis #2 (BTHW) --&gt; CH2: PIC Summary #2 Currently ACTIVE, must not be BYPASS. [Passed] B911 --&gt; Bypass and Summary Chassis #2 (BTHW) --&gt; CH3: DTC Summary #1 Currently ACTIVE, must not be BYPASS. [Passed] B911 --&gt; Bypass and Summary Chassis #2 (BTHW) --&gt; CH4: DTC Summary #2 Currently ACTIVE, must not be BYPASS. [Passed] B911 --&gt; PIC Chassis 1 --&gt; CH1: LTU-LION-1N Currently ACTIVE, must not be BYPASS. [Passed] B911 --&gt; PIC Chassis 1 --&gt; CH2: LTU-LION-1S Currently ACTIVE, must not be BYPASS. [Passed] B911 --&gt; PIC Chassis 1 --&gt; CH3: LTU-LION-2N Currently ACTIVE, must not be BYPASS. [Passed] B911 --&gt; PIC Chassis 1 --&gt; CH4: LTU-LION-2S Currently ACTIVE, must not be BYPASS. [Passed] B911 --&gt; PIC Chassis 1 --&gt; CH5: LTU-LION-3N Currently ACTIVE, must not be BYPASS. [Passed] B911 --&gt; PIC Chassis 1 --&gt; CH6: LTU-LION-3S Currently ACTIVE, must not be BYPASS. [Passed] B911 --&gt; PIC Chassis 1 --&gt; CH9: LTU-PIC-BTM22-IC1 Currently ACTIVE, must not be BYPASS. [Passed] B911 --&gt; PIC Chassis 1 --&gt; CH10: LTU-PIC-BTM42-IC1 Currently ACTIVE, must not be BYPASS. [Passed] B911 --&gt; PIC Chassis 2 --&gt; CH01: PIC-BTM1-IC1 Currently ACTIVE, must not be BYPASS. [Passed] B911 --&gt; PIC Chassis 2 --&gt; CH02: PIC-BTM01B-IC1 Currently ACTIVE, must not be BYPASS. [Passed] B911 --&gt; PIC Chassis 2 --&gt; CH03: PIC-BTM2-IC1 Currently ACTIVE, must not be BYPASS. [Passed] B911 --&gt; PIC Chassis 2 --&gt; CH05: PIC-BTM3-IC1 Currently ACTIVE, must not be BYPASS. [Passed] B911 --&gt; PIC Chassis 2 --&gt; CH06: PIC-BTM03B-IC1 Currently ACTIVE, must not be BYPASS. [Passed] B911 --&gt; PIC Chassis 2 --&gt; CH07: PIC-BTM4-IC1 Currently ACTIVE, must not be BYPASS. [Passed] B911 --&gt; PIC Chassis 2 --&gt; CH08: PIC-BTM04B-IC1 Currently ACTIVE, must not be BYPASS. [Passed] B911 --&gt; PIC Chassis 2 --&gt; CH09: PIC-TDUND-IC1 Currently ACTIVE, must not be BYPASS. [Passed] B911 --&gt; DTC --&gt; CH1: BYD1 (active/inactive) Currently ACTIVE, must not be BYPASS. [Passed] B911 --&gt; DTC --&gt; CH2: BYD1 (redundant) (active/inactive) Currently ACTIVE, must not be BYPASS. [Passed] B911 --&gt; DTC --&gt; CH3: BY1B (active/inactive) Currently ACTIVE, must not be BYPASS. [Passed] B911 --&gt; DTC --&gt; CH4: BYD1B (active/inactive) Currently ACTIVE, must not be BYPASS. [Passed] B913 --&gt; Digital Summary Chassis #1 --&gt; CH01: PIC SUM #1 Currently ACTIVE, must not be BYPASS. [Passed] B913 --&gt; Digital Summary Chassis #1 --&gt; CH02: PIC SUM #2 Currently ACTIVE, must not be BYPASS. [Passed] B913 --&gt; Digital Summary Chassis #1 --&gt; CH03: LION GAS PSW #1 Currently ACTIVE, must not be BYPASS. [Passed] B913 --&gt; Digital Summary Chassis #1 --&gt; CH04: LION GAS PSW #2 Currently ACTIVE, must not be BYPASS. [Passed] B913 --&gt; Digital Summary Chassis #1 --&gt; CH05: PIC GAS PSW #1 Currently ACTIVE, must not be BYPASS. [Passed] B913 --&gt; Digital Summary Chassis #1 --&gt; CH06: PIC GAS PSW #2 Currently ACTIVE, must not be BYPASS. [Passed] B913 --&gt; PIC Chassis #1 --&gt; CH01: LTU LION-4N Currently ACTIVE, must not be BYPASS. [Passed] B913 --&gt; PIC Chassis #1 --&gt; CH02: LTU LION-4S Currently ACTIVE, must not be BYPASS. [Passed] B913 --&gt; PIC Chassis #1 --&gt; CH03: LTU LION-5N Currently ACTIVE, must not be BYPASS. [Passed] B913 --&gt; PIC Chassis #1 --&gt; CH04: LTU LION-5S Currently ACTIVE, must not be BYPASS. [Passed] B913 --&gt; PIC Chassis #1 --&gt; CH05: LTU LION-6N Currently ACTIVE, must not be BYPASS. [Passed] B913 --&gt; PIC Chassis #1 --&gt; CH06: LTU LION-6S Currently ACTIVE, must not be BYPASS. [Passed] B913 --&gt; PIC Chassis #1 --&gt; CH07: LTU LION-7N Currently ACTIVE, must not be BYPASS. [Passed] B913 --&gt; PIC Chassis #1 --&gt; CH08: LTU LION-7S Currently ACTIVE, must not be BYPASS. [Passed] B913 --&gt; PIC Chassis #1 --&gt; CH10: PIC-TDUNDB-IC1 Currently ACTIVE, must not be BYPASS. [Passed] B921 --&gt; PICS --&gt; DUMP PIC Chassis #1 --&gt; CH01: PIC-BTMQUE/PCPM0-IC1 Currently ACTIVE, must not be BYPASS. [Passed] B921 --&gt; PICS --&gt; DUMP PIC Chassis #1 --&gt; CH03: PIC-PCPM1-IC1 Currently ACTIVE, must not be BYPASS. [Passed] B921 --&gt; PICS --&gt; DUMP PIC Chassis #1 --&gt; CH04: PIC-PCPM1B-IC1 Currently ACTIVE, must not be BYPASS. [Passed] B921 --&gt; PICS --&gt; DUMP PIC Chassis #1 --&gt; CH05: PIC-PCPM2-IC1 Currently ACTIVE, must not be BYPASS. [Passed] B921 --&gt; PICS --&gt; DUMP PIC Chassis #1 --&gt; CH06: PIC-PCPM2B-IC1 Currently ACTIVE, must not be BYPASS. [Passed] B921 --&gt; PICS --&gt; DUMP PIC Chassis #1 --&gt; CH07: PIC-BYD-IC1 Currently ACTIVE, must not be BYPASS. [Passed] B921 --&gt; PICS --&gt; DUMP PIC Chassis #1 --&gt; CH08: PIC-BYDB-IC1 Currently ACTIVE, must not be BYPASS. [Passed] B921 --&gt; PICS --&gt; DUMP PIC Chassis #1 --&gt; CH010: PIC-BTMQUEB/PCPM0B-IC1 Currently ACTIVE, must not be BYPASS. [Passed] B921 --&gt; PICS --&gt; DUMP PIC Chassis #2 --&gt; CH01: PIC-PCPM3-IC1 Currently ACTIVE, must not be BYPASS. [Passed] B921 --&gt; PICS --&gt; DUMP PIC Chassis #2 --&gt; CH02: PIC-PCPM3B-IC1 Currently ACTIVE, must not be BYPASS. [Passed] B921 --&gt; PICS --&gt; DUMP PIC Chassis #2 --&gt; CH03: PIC-PCTCX-IC1 Currently ACTIVE, must not be BYPASS. [Passed] B921 --&gt; PICS --&gt; DUMP PIC Chassis #2 --&gt; CH05: PIC-SFTDMP-IC1 Currently ACTIVE, must not be BYPASS. [Passed] B921 --&gt; PICS --&gt; DUMP PIC Chassis #2 --&gt; CH06: PIC-SFTDMPB-IC1 Currently ACTIVE, must not be BYPASS. [Passed] B921 --&gt; DTC --&gt; DTC1 CH1: BYDSS (active/inactive) Currently ACTIVE, must not be BYPASS. [Passed] B921 --&gt; DTC --&gt; DTC1 CH2: BYDSH (active/inactive) Currently ACTIVE, must not be BYPASS. [Passed] B921 --&gt; Digital Summary Chassis --&gt; CH1: DTC SUM1 Currently ACTIVE, must not be BYPASS. [Passed] B921 --&gt; Digital Summary Chassis --&gt; CH2: DTC SUM2 Currently ACTIVE, must not be BYPASS. [Passed] B921 --&gt; Digital Summary Chassis --&gt; CH3: ND1S Currently ACTIVE, must not be BYPASS. [Passed] B921 --&gt; Digital Summary Chassis --&gt; CH4: ND1H Currently ACTIVE, must not be BYPASS. [Passed] B921 --&gt; Digital Summary Chassis --&gt; CH5: ND2S Currently ACTIVE, must not be BYPASS. [Passed] B921 --&gt; Digital Summary Chassis --&gt; CH9: PIC SUM1 Currently ACTIVE, must not be BYPASS. [Passed] B921 --&gt; Digital Summary Chassis --&gt; CH10: PIC SUM2 Currently ACTIVE, must not be BYPASS. [Passed] B921 --&gt; Digital Summary Chassis --&gt; CH11: EDMP FS1 Currently ACTIVE, must not be BYPASS. [Passed] B921 --&gt; Digital Summary Chassis --&gt; CH12: EDMP FS2 Currently ACTIVE, must not be BYPASS. [Passed] B921 --&gt; Digital Summary Chassis --&gt; CH13: VAT SUM1 Currently ACTIVE, must not be BYPASS. [Passed] B921 --&gt; Digital Summary Chassis --&gt; CH14: VAT SUM2 Currently ACTIVE, must not be BYPASS. [Passed] B921 --&gt; Digital Summary Chassis --&gt; CH15: VAT SUM3 Currently ACTIVE, must not be BYPASS. [Passed] B921 --&gt; Digital Summary Chassis --&gt; CH16: VAT SUM4 Currently ACTIVE, must not be BYPASS. *** ST950/960 status is NOT_IN *** [Passed] LI28 --&gt; Summary Chassis --&gt; CH01: PIC Summary 1 Currently BYPASS, must not be ACTIVE. [Passed] LI28 --&gt; Summary Chassis --&gt; CH02: PIC Summary 2 Currently BYPASS, must not be ACTIVE. [Passed] LI28 --&gt; Summary Chassis --&gt; CH03: ST950 Flwswch 1 Currently BYPASS, must not be ACTIVE. [Passed] LI28 --&gt; Summary Chassis --&gt; CH04: ST950 Flwswch 2 Currently BYPASS, must not be ACTIVE. [Passed] LI28 --&gt; Summary Chassis --&gt; CH05: ST960 Flwswch 1 Currently BYPASS, must not be ACTIVE. [Passed] LI28 --&gt; Summary Chassis --&gt; CH06: ST960 Flwswch 2 Currently BYPASS, must not be ACTIVE. [Passed] B136 / B005 --&gt; DTC --&gt; B136 --&gt; DTC CH1: BLRCUS (low trip) Currently at 6.54901960784, must be 6.55 +/- 0.01 [Passed] B136 / B005 --&gt; DTC --&gt; B136 --&gt; DTC CH1: BLRCUS (high trip) Currently at 7.78286411841, must be 7.78 +/- 0.01 [Passed] B136 / B005 --&gt; DTC --&gt; B136 --&gt; DTC CH3: BRCUS1 (low trip) Currently at 6.64148928054, must be 6.64 +/- 0.01 [Passed] B136 / B005 --&gt; DTC --&gt; B136 --&gt; DTC CH3: BRCUS1 (high trip) Currently at 7.93453879606, must be 7.93 +/- 0.01 [Passed] B136 / B005 --&gt; DTC --&gt; B005 --&gt; DTC1 CH1: BY1-BY2 (low trip) Currently at 6.18738078889, must be 6.19 +/- 0.01 [Passed] B136 / B005 --&gt; DTC --&gt; B005 --&gt; DTC1 CH1: BY1-BY2 (high trip) Currently at 7.0901045243, must be 7.09 +/- 0.01 [Passed] B911 --&gt; DTC --&gt; DTC1 CH1: BYD1 (low trip) Currently at 6.4553292134, must be 6.45 +/- 0.01 [Passed] B911 --&gt; DTC --&gt; DTC1 CH1: BYD1 (high trip) Currently at 8.43015182727, must be 8.43 +/- 0.01 [Passed] B911 --&gt; DTC --&gt; DTC1 CH2: BYD1 (redundant) (low trip) Currently at 6.56092164492, must be 6.56 +/- 0.01 [Passed] B911 --&gt; DTC --&gt; DTC1 CH2: BYD1 (redundant) (high trip) Currently at 8.47562371252, must be 8.47 +/- 0.01 [Passed] B911 --&gt; DTC --&gt; DTC1 CH3: BY1B (low trip) Currently at 6.27405203326, must be 6.27 +/- 0.01 [Passed] B911 --&gt; DTC --&gt; DTC1 CH3: BY1B (high trip) Currently at 6.70038910506, must be 6.7 +/- 0.01 [Passed] B911 --&gt; DTC --&gt; DTC1 CH4: BYD1B (low trip) Currently at 6.85664148928, must be 6.86 +/- 0.01 [Passed] B911 --&gt; DTC --&gt; DTC1 CH4: BYD1B (high trip) Currently at 8.81345845731, must be 8.81 +/- 0.01 [Passed] B921 --&gt; DTC --&gt; DTC1 CH1: BYDSS (low trip) Currently at 6.20874341955, must be 6.21 +/- 0.01 [Passed] B921 --&gt; DTC --&gt; DTC1 CH1: BYDSS (high trip) Currently at 6.80018310826, must be 6.8 +/- 0.01 [Passed] B921 --&gt; DTC --&gt; DTC1 CH2: BYDSH (low trip) Currently at 6.16876478218, must be 6.17 +/- 0.01 [Passed] B921 --&gt; DTC --&gt; DTC1 CH2: BYDSH (high trip) Currently at 7.25764858473, must be 7.26 +/- 0.01 [Passed] B136 / B005 --&gt; R119B PICs --&gt; CH01: PCBSY4-IC1 Currently ACTIVE, must not be BYPASS. [Passed] B136 / B005 --&gt; R119B PICs --&gt; CH02: PCBSY5-IC1 Currently ACTIVE, must not be BYPASS. [Passed] B136 / B005 --&gt; R119B PICs --&gt; CH04: ST34B-IC1 Currently ACTIVE, must not be BYPASS. [Passed] B136 / B005 --&gt; R119B PICs --&gt; CH05: PCBP33-IC1 Currently ACTIVE, must not be BYPASS. [Passed] B136 / B005 --&gt; R119B PICs --&gt; CH08: ST60-IC1 Currently ACTIVE, must not be BYPASS. [Passed] B136 / B005 --&gt; R119C PICs --&gt; CH07: BLRCUS-IC1 Currently ACTIVE, must not be BYPASS. [Passed] B136 / B005 --&gt; R119C PICs --&gt; CH08: ST61-IC1 Currently ACTIVE, must not be BYPASS. [Passed] B136 / B005 --&gt; R119C PICs --&gt; CH10: PCSP3S-IC1 Currently ACTIVE, must not be BYPASS. [Passed] B136 / B005 --&gt; R119D PICs --&gt; CH01: PCSP4S-IC1 Currently ACTIVE, must not be BYPASS. [Passed] B136 / B005 --&gt; R119D PICs --&gt; CH05: STCLTS-IC1 Currently ACTIVE, must not be BYPASS. [Passed] B136 / B005 --&gt; R119D PICs --&gt; CH07: ST34A-IC1 Currently ACTIVE, must not be BYPASS. [Passed] B136 / B005 --&gt; R119D PICs --&gt; CH10: D2-IC1 Currently ACTIVE, must not be BYPASS. *** D2 stopper status is NOT_IN *** *** ST34 stopper status is NOT_IN *** *** STCLTS stopper status is NOT_IN *** [Passed] B136 / B005 --&gt; DTC --&gt; B005 --&gt; DTC1 CH1: BY1-BY2 (active/inactive) Currently ACTIVE, must not be BYPASS. LCLS BCS checks successful. FACET BCS checks performed using the 3/1/2021 version of the checklist. [Passed] LI20 --&gt; PIC Summary 1 Currently ACTIVE, must not be BYPASS. [Passed] LI20 --&gt; PIC Summary 2 Currently ACTIVE, must not be BYPASS. [Passed] LI20 --&gt; LION Gas Pressure Switch 1 Currently ACTIVE, must not be BYPASS. [Passed] LI20 --&gt; LION Gas Pressure Switch 2 Currently ACTIVE, must not be BYPASS. [Passed] LI20 --&gt; PIC Gas Pressure Switch 1 Currently ACTIVE, must not be BYPASS. [Passed] LI20 --&gt; PIC Gas Pressure Switch 2 Currently ACTIVE, must not be BYPASS. [Passed] LI20 --&gt; FACET-II Dump Flow Switch 1 Currently ACTIVE, must not be BYPASS. [Passed] LI20 --&gt; FACET-II Dump Flow Switch 2 Currently ACTIVE, must not be BYPASS. [Passed] LI20 --&gt; B1 Dump Flow Switch 1 Currently ACTIVE, must not be BYPASS. [Passed] LI20 --&gt; B1 Dump Flow Switch 2 Currently ACTIVE, must not be BYPASS. [Passed] LI20 --&gt; LI19 LION 1N Currently OK, must not be BYPASS. [Passed] LI20 --&gt; LI19 LION 1S Currently OK, must not be BYPASS. [Passed] LI20 --&gt; LI19 LION 2N Currently OK, must not be BYPASS. [Passed] LI20 --&gt; LI19 LION 2S Currently OK, must not be BYPASS. [Passed] LI20 --&gt; LI19 LION 3N Currently OK, must not be BYPASS. [Passed] LI20 --&gt; LI19 LION 3S Currently OK, must not be BYPASS. [Passed] LI20 --&gt; SCAVEXT-LION-1N Currently OK, must not be BYPASS. [Passed] LI20 --&gt; SCAVEXT-LION-1S Currently OK, must not be BYPASS. [Passed] LI20 --&gt; FDMP-IC1 Currently OK, must not be BYPASS. [Passed] LI20 --&gt; FDMP-IC2 Currently OK, must not be BYPASS. FACET BCS checks successful.",
    "lastName": "Physics",
    "userName": "physics",
    "tags": [],
    "attachments": [],
    "followUps": [],
    "references": [],
    "loggedAt": {
      "$date": "2022-02-06T08:15:08.000Z"
    },
    "eventAt": {
      "$date": "2022-02-06T08:15:07.000Z"
    },
    "version": 0,
    "_class": "edu.stanford.slac.elog_plus.model.Entry"
  },
  {
    "_id": {
      "$oid": "653849145ec1e72404bf46e2"
    },
    "originId": "MCC_1122879",
    "logbooks": [
      "6536f0b5fbf92e44a767571d"
    ],
    "title": "MEC will want to change photon energy at some point tonight",
    "text": "They will want to go to 13 keV and they might also want to go to 11 keV. Either way we will have to change electron energy and standardize. They will let us know when they want to start the change.",
    "lastName": "Ausherman",
    "firstName": "Andy",
    "userName": "aausherm",
    "tags": [
      "68acd11d-05a8-45f5-b559-55a8d8833373"
    ],
    "attachments": [],
    "followUps": [],
    "references": [],
    "loggedAt": {
      "$date": "2022-02-06T08:53:34.000Z"
    },
    "eventAt": {
      "$date": "2022-02-06T08:53:34.000Z"
    },
    "version": 0,
    "_class": "edu.stanford.slac.elog_plus.model.Entry"
  },
  {
    "_id": {
      "$oid": "653849145ec1e72404bf46e3"
    },
    "originId": "MCC_1122880",
    "logbooks": [
      "6536f0b5fbf92e44a767571d"
    ],
    "title": "10-2 tripped on peak power - recovered fine",
    "text": "",
    "lastName": "Ausherman",
    "firstName": "Andy",
    "userName": "aausherm",
    "tags": [
      "0ba5394e-30cf-47f3-aaca-cfe5794332bd"
    ],
    "attachments": [],
    "followUps": [],
    "references": [],
    "loggedAt": {
      "$date": "2022-02-06T08:59:14.000Z"
    },
    "eventAt": {
      "$date": "2022-02-06T08:59:14.000Z"
    },
    "version": 0,
    "_class": "edu.stanford.slac.elog_plus.model.Entry"
  },
  {
    "_id": {
      "$oid": "653849145ec1e72404bf46e4"
    },
    "originId": "MCC_1122881",
    "logbooks": [
      "6536f0b5fbf92e44a767571d",
      "6536f0b5fbf92e44a7675724"
    ],
    "title": "First Walkthrough Complete - no problems found",
    "text": "",
    "lastName": "Ausherman",
    "firstName": "Andy",
    "userName": "aausherm",
    "tags": [
      "68acd11d-05a8-45f5-b559-55a8d8833373",
      "bda8d02e-57a4-4ec7-90fd-46d0187d57a9"
    ],
    "attachments": [],
    "followUps": [],
    "references": [],
    "loggedAt": {
      "$date": "2022-02-06T11:10:39.000Z"
    },
    "eventAt": {
      "$date": "2022-02-06T11:10:39.000Z"
    },
    "version": 0,
    "_class": "edu.stanford.slac.elog_plus.model.Entry"
  },
  {
    "_id": {
      "$oid": "653849145ec1e72404bf46e5"
    },
    "originId": "MCC_1122882",
    "logbooks": [
      "6536f0b5fbf92e44a767571d"
    ],
    "title": "* Re: 10-2 tripped on peak power - recovered fine -&gt; again",
    "text": "",
    "lastName": "Ausherman",
    "firstName": "Andy",
    "userName": "aausherm",
    "tags": [
      "0ba5394e-30cf-47f3-aaca-cfe5794332bd"
    ],
    "attachments": [],
    "followUps": [],
    "references": [
      "653849145ec1e72404bf46e3"
    ],
    "loggedAt": {
      "$date": "2022-02-06T11:13:21.000Z"
    },
    "eventAt": {
      "$date": "2022-02-06T11:13:21.000Z"
    },
    "version": 0,
    "_class": "edu.stanford.slac.elog_plus.model.Entry"
  },
  {
    "_id": {
      "$oid": "653849145ec1e72404bf46e6"
    },
    "originId": "MCC_1122883",
    "logbooks": [
      "6536f0b5fbf92e44a767571d"
    ],
    "title": "Going to 11.315 GeV / 11 keV for MEC",
    "text": "",
    "lastName": "Ripman",
    "firstName": "Ben",
    "userName": "bripman",
    "tags": [
      "68acd11d-05a8-45f5-b559-55a8d8833373"
    ],
    "attachments": [],
    "followUps": [],
    "references": [],
    "loggedAt": {
      "$date": "2022-02-06T12:15:19.000Z"
    },
    "eventAt": {
      "$date": "2022-02-06T12:15:19.000Z"
    },
    "version": 0,
    "_class": "edu.stanford.slac.elog_plus.model.Entry"
  },
  {
    "_id": {
      "$oid": "653849145ec1e72404bf46e7"
    },
    "originId": "MCC_1122884",
    "logbooks": [
      "6536f0b5fbf92e44a767571d"
    ],
    "title": "LI29 BPMs 201 through 501 are frozen -&gt; IOC:LI29:BP01 appears to be down",
    "text": "These are used in the LI28 transverse feedback",
    "lastName": "Ausherman",
    "firstName": "Andy",
    "userName": "aausherm",
    "tags": [
      "68acd11d-05a8-45f5-b559-55a8d8833373"
    ],
    "attachments": [],
    "followUps": [],
    "references": [],
    "loggedAt": {
      "$date": "2022-02-06T12:34:17.000Z"
    },
    "eventAt": {
      "$date": "2022-02-06T12:34:17.000Z"
    },
    "version": 0,
    "_class": "edu.stanford.slac.elog_plus.model.Entry"
  },
  {
    "_id": {
      "$oid": "653849145ec1e72404bf46e8"
    },
    "originId": "MCC_1122885",
    "logbooks": [
      "6536f0b5fbf92e44a767571d"
    ],
    "title": "1.3 mJ at 11 keV initially, MEC is still changing samples",
    "text": "",
    "lastName": "Ripman",
    "firstName": "Ben",
    "userName": "bripman",
    "tags": [
      "68acd11d-05a8-45f5-b559-55a8d8833373"
    ],
    "attachments": [],
    "followUps": [],
    "references": [],
    "loggedAt": {
      "$date": "2022-02-06T12:41:03.000Z"
    },
    "eventAt": {
      "$date": "2022-02-06T12:41:03.000Z"
    },
    "version": 0,
    "_class": "edu.stanford.slac.elog_plus.model.Entry"
  },
  {
    "_id": {
      "$oid": "653849145ec1e72404bf46e9"
    },
    "originId": "MCC_1122886",
    "logbooks": [
      "6536f0b5fbf92e44a767571d"
    ],
    "title": "* Re: 10-2 tripped on peak power - recovered fine -&gt; again -&gt; again",
    "text": "",
    "lastName": "Ausherman",
    "firstName": "Andy",
    "userName": "aausherm",
    "tags": [
      "0ba5394e-30cf-47f3-aaca-cfe5794332bd"
    ],
    "attachments": [],
    "followUps": [],
    "references": [
      "653849145ec1e72404bf46e5"
    ],
    "loggedAt": {
      "$date": "2022-02-06T12:42:36.000Z"
    },
    "eventAt": {
      "$date": "2022-02-06T12:42:36.000Z"
    },
    "version": 0,
    "_class": "edu.stanford.slac.elog_plus.model.Entry"
  },
  {
    "_id": {
      "$oid": "653849145ec1e72404bf46ea"
    },
    "originId": "MCC_1122887",
    "logbooks": [
      "6536f0b5fbf92e44a767571d"
    ],
    "title": "* Re: LI29 BPMs 201 through 501 are frozen -&gt; IOC:LI29:BP01 appears to be down",
    "text": "Did a hard reset on the IOC's crate: CRAT:LI29:BP01, and now the IOC and the BPMs look good",
    "lastName": "Ausherman",
    "firstName": "Andy",
    "userName": "aausherm",
    "tags": [
      "68acd11d-05a8-45f5-b559-55a8d8833373"
    ],
    "attachments": [],
    "followUps": [],
    "references": [
      "653849145ec1e72404bf46e7"
    ],
    "loggedAt": {
      "$date": "2022-02-06T12:44:01.000Z"
    },
    "eventAt": {
      "$date": "2022-02-06T12:44:01.000Z"
    },
    "version": 0,
    "_class": "edu.stanford.slac.elog_plus.model.Entry"
  },
  {
    "_id": {
      "$oid": "653849145ec1e72404bf46eb"
    },
    "originId": "MCC_1122888",
    "logbooks": [
      "6536f0b5fbf92e44a767571d"
    ],
    "title": "28-6 was dropping out intermittently, took if off the beam",
    "text": "",
    "lastName": "Ripman",
    "firstName": "Ben",
    "userName": "bripman",
    "tags": [
      "68acd11d-05a8-45f5-b559-55a8d8833373"
    ],
    "attachments": [],
    "followUps": [],
    "references": [],
    "loggedAt": {
      "$date": "2022-02-06T12:46:06.000Z"
    },
    "eventAt": {
      "$date": "2022-02-06T12:46:06.000Z"
    },
    "version": 0,
    "_class": "edu.stanford.slac.elog_plus.model.Entry"
  },
  {
    "_id": {
      "$oid": "653849145ec1e72404bf46ec"
    },
    "originId": "MCC_1122889",
    "logbooks": [
      "6536f0b5fbf92e44a767571d"
    ],
    "title": "28-8 beam volts extremely unstable, putting it and 28-6 into MNT",
    "text": "Hopefully this draws some attention to these stations, which are nearly unusable at present.",
    "lastName": "Ripman",
    "firstName": "Ben",
    "userName": "bripman",
    "tags": [
      "68acd11d-05a8-45f5-b559-55a8d8833373"
    ],
    "attachments": [],
    "followUps": [],
    "references": [],
    "loggedAt": {
      "$date": "2022-02-06T12:56:15.000Z"
    },
    "eventAt": {
      "$date": "2022-02-06T12:56:15.000Z"
    },
    "version": 0,
    "_class": "edu.stanford.slac.elog_plus.model.Entry"
  },
  {
    "_id": {
      "$oid": "653849145ec1e72404bf46ed"
    },
    "originId": "MCC_1122890",
    "logbooks": [
      "6536f0b5fbf92e44a767571d",
      "6536f0b5fbf92e44a7675724"
    ],
    "title": "Second Walkthrough Complete - no problems found",
    "text": "",
    "lastName": "Ausherman",
    "firstName": "Andy",
    "userName": "aausherm",
    "tags": [
      "68acd11d-05a8-45f5-b559-55a8d8833373",
      "bda8d02e-57a4-4ec7-90fd-46d0187d57a9"
    ],
    "attachments": [],
    "followUps": [],
    "references": [],
    "loggedAt": {
      "$date": "2022-02-06T13:25:57.000Z"
    },
    "eventAt": {
      "$date": "2022-02-06T13:25:57.000Z"
    },
    "version": 0,
    "_class": "edu.stanford.slac.elog_plus.model.Entry"
  },
  {
    "_id": {
      "$oid": "653849145ec1e72404bf46ee"
    },
    "originId": "MCC_1122891",
    "logbooks": [
      "6536f0b5fbf92e44a767572c"
    ],
    "title": "SSRL BLDO Night shift report 2022-2-6",
    "text": "SPEAR: 500ma, top up fills ever 5min. BEAM LINES: All open except for BL-17. FAULTS: No faults to report. EXPERIMENTS: No problems.",
    "lastName": "Leonard",
    "firstName": "Wes",
    "userName": "leonard",
    "tags": [],
    "attachments": [],
    "followUps": [],
    "references": [],
    "loggedAt": {
      "$date": "2022-02-06T13:27:16.000Z"
    },
    "eventAt": {
      "$date": "2022-02-06T13:27:16.000Z"
    },
    "version": 0,
    "_class": "edu.stanford.slac.elog_plus.model.Entry"
  },
  {
    "_id": {
      "$oid": "653849145ec1e72404bf46ef"
    },
    "originId": "MCC_1122892",
    "logbooks": [
      "6536f0b5fbf92e44a7675724"
    ],
    "title": "XFD End-of-Shift Summary: Owl Shift, 02-06-2022 #22025",
    "text": "<b>Date:</b> <i>Owl shift, <span>02-06-2022</span></i>\n<br><b>Outgoing Duty Technician:</b> <i><span>Andy Ausherman</span></i>\n<br><b>Incoming Duty Technician:</b> <i><span> ACC_status</span></i>\n<br><b>End-of-shift configuration:</b>\n<br>HutchStatusModeActivityHutch 1 (AMO)<span><b>Online</b></span><span>BL1/H1</span><span>Beam starting at 7:30</span>Hutch 2 (SXR)<span>Offline</span><span>BL2/H1</span><span></span>Hutch 3 (XPP)<span><b>Online</b></span><span>FEH</span><span>Beam starting at 6:00</span>Hutch 4 (XCS)<span><b>Online</b></span><span>H5</span><span></span>Hutch 4.5 (MFX)<span><b>Online</b></span><span></span><span></span>Hutch 5 (CXI)<span><b>Online</b></span><span></span><span>Beam starting at 6:00</span>Hutch 6 (MEC)<span><b>Online</b></span><span></span><span>Taking beam until 6:00</span>XRT<span><b>Online</b></span><span>No Access</span><span></span>\n<br><b>Shift notes:<br></b><span>Two walkthroughs - no problems found</span>\n<br><b>Open RSWCFs:</b> <span>CXI operate CXI with DG2 focusing lenses unlocked. (ok to run with this form open) </span>\n<br><b>Time Accounting:</b>\n<br>ProgramScheduled Beam TimePlanned DowntimeUnplanned DowntimeActual BeamtimeLinkAMO0.5000.5<a rel=\"nofollow\">View Details</a>MEC6.0006<a rel=\"nofollow\">View Details</a>XPP2.0002<a rel=\"nofollow\">View Details</a>CXI2.0002<a rel=\"nofollow\">View Details</a>",
    "lastName": "Ausherman",
    "firstName": "Andy",
    "userName": "aausherm",
    "tags": [],
    "attachments": [],
    "followUps": [],
    "references": [],
    "loggedAt": {
      "$date": "2022-02-06T13:29:10.000Z"
    },
    "eventAt": {
      "$date": "2022-02-06T15:59:00.000Z"
    },
    "version": 0,
    "_class": "edu.stanford.slac.elog_plus.model.Entry"
  },
  {
    "_id": {
      "$oid": "653849155ec1e72404bf46f0"
    },
    "originId": "MCC_1122893",
    "logbooks": [
      "6536f0b5fbf92e44a767571d"
    ],
    "title": "* Re: 10-2 tripped on peak power - recovered fine -&gt; again -&gt; again -&gt; again",
    "text": "",
    "lastName": "Ausherman",
    "firstName": "Andy",
    "userName": "aausherm",
    "tags": [
      "0ba5394e-30cf-47f3-aaca-cfe5794332bd"
    ],
    "attachments": [],
    "followUps": [],
    "references": [
      "653849145ec1e72404bf46e9"
    ],
    "loggedAt": {
      "$date": "2022-02-06T13:32:01.000Z"
    },
    "eventAt": {
      "$date": "2022-02-06T13:32:01.000Z"
    },
    "version": 0,
    "_class": "edu.stanford.slac.elog_plus.model.Entry"
  },
  {
    "_id": {
      "$oid": "653849155ec1e72404bf46f1"
    },
    "originId": "MCC_1122894",
    "logbooks": [
      "6536f0b5fbf92e44a767572a"
    ],
    "title": "Fill rate is dropping--going to TUNE mode...",
    "text": "",
    "lastName": "Sommer",
    "firstName": "Tom",
    "userName": "sommer",
    "tags": [],
    "attachments": [],
    "followUps": [],
    "references": [],
    "loggedAt": {
      "$date": "2022-02-06T13:49:09.000Z"
    },
    "eventAt": {
      "$date": "2022-02-06T13:42:26.000Z"
    },
    "version": 0,
    "_class": "edu.stanford.slac.elog_plus.model.Entry"
  },
  {
    "_id": {
      "$oid": "653849155ec1e72404bf46f2"
    },
    "originId": "MCC_1122895",
    "logbooks": [
      "6536f0b5fbf92e44a767571d"
    ],
    "title": "FACET charge didn't recover after the most recent 10-2 trip",
    "text": "We didn't notice that the gun RF was off for a while this time so the structure had more time to cool than it did during previous trips. Each time we recover the gun the Schottky phase wanders for a while as the temperature stabilizes, but this time it seems like the phase isn't returning to its normal value.",
    "lastName": "Ripman",
    "firstName": "Ben",
    "userName": "bripman",
    "tags": [
      "0ba5394e-30cf-47f3-aaca-cfe5794332bd"
    ],
    "attachments": [],
    "followUps": [],
    "references": [],
    "loggedAt": {
      "$date": "2022-02-06T13:52:52.000Z"
    },
    "eventAt": {
      "$date": "2022-02-06T13:52:52.000Z"
    },
    "version": {
      "$numberLong": "2"
    },
    "_class": "edu.stanford.slac.elog_plus.model.Entry",
    "supersededBy": "653849155ec1e72404bf4703"
  },
  {
    "_id": {
      "$oid": "653849155ec1e72404bf46f3"
    },
    "originId": "MCC_1122896",
    "logbooks": [
      "6536f0b5fbf92e44a767571d"
    ],
    "title": "MEC finished, switching over to our dual energy config for XPP / CXI /TMO",
    "text": "",
    "lastName": "Ripman",
    "firstName": "Ben",
    "userName": "bripman",
    "tags": [
      "68acd11d-05a8-45f5-b559-55a8d8833373"
    ],
    "attachments": [],
    "followUps": [],
    "references": [],
    "loggedAt": {
      "$date": "2022-02-06T14:02:13.000Z"
    },
    "eventAt": {
      "$date": "2022-02-06T14:02:13.000Z"
    },
    "version": 0,
    "_class": "edu.stanford.slac.elog_plus.model.Entry"
  },
  {
    "_id": {
      "$oid": "653849155ec1e72404bf46f5"
    },
    "originId": "MCC_1122897",
    "logbooks": [
      "6536f0b5fbf92e44a767571d"
    ],
    "title": "* Re: FACET charge didn't recover - never mind, it just recovered",
    "text": "Below see plot of QE over the last two hours. I'm guessing that the gun cooled off enough that when we did turn it on again there was a period of time when the water cooling was chasing the temperature too aggressively and causing an oscillation around the correct temperature (and phase). I guess that resolved itself just after I made my alarmed elog entry.",
    "lastName": "Ripman",
    "firstName": "Ben",
    "userName": "bripman",
    "tags": [
      "0ba5394e-30cf-47f3-aaca-cfe5794332bd"
    ],
    "attachments": [
      "653849155ec1e72404bf46f4"
    ],
    "followUps": [],
    "references": [
      "653849155ec1e72404bf46f2"
    ],
    "loggedAt": {
      "$date": "2022-02-06T14:03:36.000Z"
    },
    "eventAt": {
      "$date": "2022-02-06T14:03:36.000Z"
    },
    "version": 0,
    "_class": "edu.stanford.slac.elog_plus.model.Entry"
  },
  {
    "_id": {
      "$oid": "653849155ec1e72404bf46f6"
    },
    "originId": "MCC_1122898",
    "logbooks": [
      "6536f0b5fbf92e44a767571d"
    ],
    "title": "Starting standardize down to 10.515 GeV",
    "text": "",
    "lastName": "Ausherman",
    "firstName": "Andy",
    "userName": "aausherm",
    "tags": [
      "68acd11d-05a8-45f5-b559-55a8d8833373"
    ],
    "attachments": [],
    "followUps": [],
    "references": [],
    "loggedAt": {
      "$date": "2022-02-06T14:04:12.000Z"
    },
    "eventAt": {
      "$date": "2022-02-06T14:04:12.000Z"
    },
    "version": 0,
    "_class": "edu.stanford.slac.elog_plus.model.Entry"
  },
  {
    "_id": {
      "$oid": "653849155ec1e72404bf46f7"
    },
    "originId": "MCC_1122899",
    "logbooks": [
      "6536f0b5fbf92e44a767573d"
    ],
    "title": "Swing shift HRS- Log",
    "text": "02/06/22 06 00 0600 Owl Shift Mike Nicoletta C1 HRS \"Owl Shift summary Plant warm up walk down complete, nothing to report. E log transfer complete -stopped flow on HTTS and HTTI -established flow through cavities -JT valves opened 100% -PV22485 opened to provide 80 g/s -PV22115 opened 100% to avoid pressure build up in line B -Line B must not exceed pressure of 1.5 Bar (PT51012 H)\" false false \"02/06/22 06:00 - Mike Nicoletta - C1 - HRS..-Owl Shift summary Plant warm up walk down complete, nothing to report. E log transfer complete -stopped flow on HTTS and HTTI -established flow through cavities -JT valves opened 100% -PV22485 opened to provide 80 g/s -PV22115 opened 100% to avoid pressure build up in line B -Line B must not exceed pressure of 1.5 Bar (PT51012 H)\" 02/05/22 21 59 2159 Swing Shift Mike Stivala C0 (common) HRS 00-General 00-General \"Swing Shift Summary Cryoplant/LINAC Mode: Warm-up Plant Walkdown performed. See previous entry for oil leaks observed HRS-Smartsheet to SLAC ELOG Transfer: Yes Operational Achievements, Problems, Alarms, Trips: Pressure rise in Line 'B' caused JT and CD valves to close among other reactions throughout the system. See previous entries for remedial actions. Note: Line B pressure added to list of variables to monitor (&lt;1.5 Bara).\" false false \"02/05/22 21:59 - Mike Stivala - C0 (common) - HRS.00.00-Swing Shift Summary Cryoplant/LINAC Mode: Warm-up Plant Walkdown performed. See previous entry for oil leaks observed HRS-Smartsheet to SLAC ELOG Transfer: Yes Operational Achievements, Problems, Alarms, Trips: Pressure rise in Line 'B' caused JT and CD valves to close among other reactions throughout the system. See previous entries for remedial actions. Note: Line B pressure added to list of variables to monitor (&lt;1.5 Bara).\" 02/05/22 20 20 2020 Swing Shift Mike Stivala C1 HRS 4K-4K Refrigerator 00-General \"Opened LTTI return to Line 'B' (PT22192) to 100% Closed LTTI Supply (PT22392) to 0% As per Vishy's request.\" false false \"02/05/22 20:20 - Mike Stivala - C1 - HRS.4K.00-Opened LTTI return to Line 'B' (PT22192) to 100% Closed LTTI Supply (PT22392) to 0% As per Vishy's request.\" 02/05/22 19 55 1955 Swing Shift Mike Stivala C1 HRS 4K-4K Refrigerator 00-General Vishy closed PV22441 to prevent over pressurization of Line 'B'. false false 02/05/22 19:55 - Mike Stivala - C1 - HRS.4K.00-Vishy closed PV22441 to prevent over pressurization of Line 'B'. 02/05/22 18 20 1820 Swing Shift Mike Stivala C1 HRS 4K-4K Refrigerator 00-General \"At about 17:50 Pressure in Line B (PT41200) rose causing all cryomodule JT valves to shut and various valves to actuate throughout the 4K system. Closed PV22485 to 50% to lower line B pressure, as per Vishy's request. Engineers are still looking into this anomaly.\" false false \"02/05/22 18:20 - Mike Stivala - C1 - HRS.4K.00-At about 17:50 Pressure in Line B (PT41200) rose causing all cryomodule JT valves to shut and various valves to actuate throughout the 4K system. Closed PV22485 to 50% to lower line B pressure, as per Vishy's request. Engineers are still looking into this anomaly.\" 02/05/22 18 10 1810 Swing Shift Mike Stivala C0 (common) HRS 00-General 00-General Follow-up required \"Plant Walkdown Completed. Considerable oil puddles observed under CMP212 &amp; CMP214 oil pumps and CMP216 drive side motor seal, all of which were wiped clean less than 24 hours ago\" false false \"02/05/22 18:10 - Mike Stivala - C0 (common) - HRS.00.00-Plant Walkdown Completed. Considerable oil puddles observed under CMP212 &amp; CMP214 oil pumps and CMP216 drive side motor seal, all of which were wiped clean less than 24 hours ago\"",
    "lastName": "Nicoletta",
    "firstName": "Mike",
    "userName": "mnicolet",
    "tags": [],
    "attachments": [],
    "followUps": [],
    "references": [],
    "loggedAt": {
      "$date": "2022-02-06T14:07:46.000Z"
    },
    "eventAt": {
      "$date": "2022-02-06T14:07:46.000Z"
    },
    "version": 0,
    "_class": "edu.stanford.slac.elog_plus.model.Entry"
  },
  {
    "_id": {
      "$oid": "653849155ec1e72404bf46f8"
    },
    "originId": "MCC_1122900",
    "logbooks": [
      "6536f0b5fbf92e44a767571d"
    ],
    "title": "Delivering ~1.7 mJ to XPP and CXI",
    "text": "",
    "lastName": "Ausherman",
    "firstName": "Andy",
    "userName": "aausherm",
    "tags": [
      "68acd11d-05a8-45f5-b559-55a8d8833373"
    ],
    "attachments": [],
    "followUps": [],
    "references": [],
    "loggedAt": {
      "$date": "2022-02-06T14:27:38.000Z"
    },
    "eventAt": {
      "$date": "2022-02-06T14:27:38.000Z"
    },
    "version": 0,
    "_class": "edu.stanford.slac.elog_plus.model.Entry"
  },
  {
    "_id": {
      "$oid": "653849155ec1e72404bf46f9"
    },
    "originId": "MCC_1122901",
    "logbooks": [
      "6536f0b5fbf92e44a767571d"
    ],
    "title": "Brought beam to DMPS, looks we have 500-600 uJ w/first five girders extracted (same as yesterday)",
    "text": "",
    "lastName": "Ripman",
    "firstName": "Ben",
    "userName": "bripman",
    "tags": [
      "68acd11d-05a8-45f5-b559-55a8d8833373"
    ],
    "attachments": [],
    "followUps": [],
    "references": [],
    "loggedAt": {
      "$date": "2022-02-06T14:31:07.000Z"
    },
    "eventAt": {
      "$date": "2022-02-06T14:31:07.000Z"
    },
    "version": 0,
    "_class": "edu.stanford.slac.elog_plus.model.Entry"
  },
  {
    "_id": {
      "$oid": "653849155ec1e72404bf46fa"
    },
    "originId": "MCC_1122902",
    "logbooks": [
      "6536f0b5fbf92e44a7675724"
    ],
    "title": "Day Shift Duty Tech 0645-1515",
    "text": "",
    "lastName": "Frande",
    "firstName": "Patrick",
    "userName": "pfrande",
    "tags": [
      "bda8d02e-57a4-4ec7-90fd-46d0187d57a9"
    ],
    "attachments": [],
    "followUps": [],
    "references": [],
    "loggedAt": {
      "$date": "2022-02-06T14:56:29.000Z"
    },
    "eventAt": {
      "$date": "2022-02-06T14:56:29.000Z"
    },
    "version": 0,
    "_class": "edu.stanford.slac.elog_plus.model.Entry"
  },
  {
    "_id": {
      "$oid": "653849155ec1e72404bf46fb"
    },
    "originId": "MCC_1122903",
    "logbooks": [
      "6536f0b5fbf92e44a767571d"
    ],
    "title": "moved taper -5eV for XPP",
    "text": "CXI was ok with the move",
    "lastName": "DeMario",
    "firstName": "Matt",
    "userName": "mdemario",
    "tags": [
      "68acd11d-05a8-45f5-b559-55a8d8833373"
    ],
    "attachments": [],
    "followUps": [],
    "references": [],
    "loggedAt": {
      "$date": "2022-02-06T15:15:14.000Z"
    },
    "eventAt": {
      "$date": "2022-02-06T15:15:14.000Z"
    },
    "version": 0,
    "_class": "edu.stanford.slac.elog_plus.model.Entry"
  },
  {
    "_id": {
      "$oid": "653849155ec1e72404bf46fc"
    },
    "originId": "MCC_1122904",
    "logbooks": [
      "6536f0b5fbf92e44a767571d"
    ],
    "title": "TMO taking beam",
    "text": "",
    "lastName": "DeMario",
    "firstName": "Matt",
    "userName": "mdemario",
    "tags": [
      "68acd11d-05a8-45f5-b559-55a8d8833373"
    ],
    "attachments": [],
    "followUps": [],
    "references": [],
    "loggedAt": {
      "$date": "2022-02-06T15:19:19.000Z"
    },
    "eventAt": {
      "$date": "2022-02-06T15:19:19.000Z"
    },
    "version": 0,
    "_class": "edu.stanford.slac.elog_plus.model.Entry"
  },
  {
    "_id": {
      "$oid": "653849155ec1e72404bf46fd"
    },
    "originId": "MCC_1122905",
    "logbooks": [
      "6536f0b5fbf92e44a767571d"
    ],
    "title": "* Re: 10-2 tripped on peak power - recovered fine -&gt; again -&gt; again -&gt; again -&gt; again",
    "text": "",
    "lastName": "Ausherman",
    "firstName": "Andy",
    "userName": "aausherm",
    "tags": [
      "0ba5394e-30cf-47f3-aaca-cfe5794332bd"
    ],
    "attachments": [],
    "followUps": [],
    "references": [
      "653849155ec1e72404bf46f0"
    ],
    "loggedAt": {
      "$date": "2022-02-06T15:23:31.000Z"
    },
    "eventAt": {
      "$date": "2022-02-06T15:23:31.000Z"
    },
    "version": 0,
    "_class": "edu.stanford.slac.elog_plus.model.Entry"
  },
  {
    "_id": {
      "$oid": "653849155ec1e72404bf46fe"
    },
    "originId": "MCC_1122906",
    "logbooks": [
      "6536f0b5fbf92e44a767572a"
    ],
    "title": "Q-meter is very bouncy--making tuning difficult",
    "text": "",
    "lastName": "Sommer",
    "firstName": "Tom",
    "userName": "sommer",
    "tags": [],
    "attachments": [],
    "followUps": [],
    "references": [],
    "loggedAt": {
      "$date": "2022-02-06T15:26:34.000Z"
    },
    "eventAt": {
      "$date": "2022-02-06T13:54:27.000Z"
    },
    "version": 0,
    "_class": "edu.stanford.slac.elog_plus.model.Entry"
  },
  {
    "_id": {
      "$oid": "653849155ec1e72404bf46ff"
    },
    "originId": "MCC_1122907",
    "logbooks": [
      "6536f0b5fbf92e44a767571d"
    ],
    "title": "OWL SHIFT SUMMARY",
    "text": "Comment # Comment 1LCLS: Delivered to MEC until 06:00. Initially delivered 14.067 GeV / 17 keV (1.4 mJ), then switched to 11.315 GeV / 11 keV (2.3 mJ) at 04:15.  2LCLS: Delivered to XPP/CXI from 06:00 on - 10.515 GeV, 9.5 keV, 2.1 mJ. 3LCLS: Set up and delivered 10 Hz secondary beam to TMO - 6.2 GeV, 890 eV, ~500 uJ (detuned by extracting first five SXR girders). 4FACET: Beam to Faraday cup all shift.\n<br>\n<br>Program Delivered User Off Tuning Config \u0394s Accl. Down Sched. Off FACET-II_comm8.00.00.00.00.00LCLS-MD-CU_SXR1.00.00.00.00.06.5MEC_user5.70.00.00.30.00Photon-MD-CU_SXR0.50.00.00.00.00XPP-CXI1.60.00.00.40.00\n<br>",
    "lastName": "Ripman",
    "firstName": "Ben",
    "userName": "bripman",
    "tags": [],
    "attachments": [],
    "followUps": [],
    "references": [],
    "loggedAt": {
      "$date": "2022-02-06T15:32:34.000Z"
    },
    "eventAt": {
      "$date": "2022-02-06T15:59:59.000Z"
    },
    "version": 0,
    "_class": "edu.stanford.slac.elog_plus.model.Entry"
  },
  {
    "_id": {
      "$oid": "653849155ec1e72404bf4701"
    },
    "originId": "MCC_1122908",
    "logbooks": [
      "6536f0b5fbf92e44a767572a"
    ],
    "title": "Fill rate back over 40mA/min. after 2nd round of tuning",
    "text": "",
    "lastName": "Sommer",
    "firstName": "Tom",
    "userName": "sommer",
    "tags": [],
    "attachments": [
      "653849155ec1e72404bf4700"
    ],
    "followUps": [],
    "references": [],
    "loggedAt": {
      "$date": "2022-02-06T15:34:36.000Z"
    },
    "eventAt": {
      "$date": "2022-02-06T15:14:13.000Z"
    },
    "version": 0,
    "_class": "edu.stanford.slac.elog_plus.model.Entry"
  },
  {
    "_id": {
      "$oid": "653849155ec1e72404bf4703"
    },
    "originId": "MCC_1122909",
    "logbooks": [
      "6536f0b5fbf92e44a767571d"
    ],
    "title": "FACET charge didn't recover after the most recent 10-2 trip",
    "text": "We didn't notice that the gun RF was off for a while this time so the structure had more time to cool than it did during previous trips. Each time we recover the gun the Schottky phase wanders for a while as the temperature stabilizes, but this time it seems like the phase isn't returning to its normal value.",
    "lastName": "Ripman",
    "firstName": "Ben",
    "userName": "bripman",
    "tags": [
      "0ba5394e-30cf-47f3-aaca-cfe5794332bd"
    ],
    "attachments": [
      "653849155ec1e72404bf4702"
    ],
    "followUps": [],
    "references": [],
    "loggedAt": {
      "$date": "2022-02-06T15:39:47.000Z"
    },
    "eventAt": {
      "$date": "2022-02-06T13:52:52.000Z"
    },
    "version": 0,
    "_class": "edu.stanford.slac.elog_plus.model.Entry"
  },
  {
    "_id": {
      "$oid": "653849155ec1e72404bf4704"
    },
    "originId": "MCC_1122910",
    "logbooks": [
      "6536f0b5fbf92e44a7675724"
    ],
    "title": "AM Walkthrough Complete",
    "text": "Nothing to report",
    "lastName": "Frande",
    "firstName": "Patrick",
    "userName": "pfrande",
    "tags": [
      "bda8d02e-57a4-4ec7-90fd-46d0187d57a9"
    ],
    "attachments": [],
    "followUps": [],
    "references": [],
    "loggedAt": {
      "$date": "2022-02-06T16:01:59.000Z"
    },
    "eventAt": {
      "$date": "2022-02-06T16:01:59.000Z"
    },
    "version": 0,
    "_class": "edu.stanford.slac.elog_plus.model.Entry"
  },
  {
    "_id": {
      "$oid": "653849155ec1e72404bf4705"
    },
    "originId": "MCC_1122911",
    "logbooks": [
      "6536f0b5fbf92e44a767571d"
    ],
    "title": "MCC Shift Change: Day Shift, Sunday, 06-Feb-2022",
    "text": "LCLS HXR: Deliver 9.5 keV, 10.515 GeV to XPP/CXI [PRIMARY], 110 Hz. LCLS SXR: Deliver 890 eV, 6.2 GeV to TMO, 10 Hz. FACET: Continue injector beam to FC for charge/QE stability studies.",
    "lastName": "Shtalenkova",
    "firstName": "Jane",
    "userName": "yshtalen",
    "tags": [],
    "attachments": [],
    "followUps": [],
    "references": [],
    "loggedAt": {
      "$date": "2022-02-06T16:06:05.000Z"
    },
    "eventAt": {
      "$date": "2022-02-06T16:00:00.000Z"
    },
    "version": 0,
    "_class": "edu.stanford.slac.elog_plus.model.Entry"
  },
  {
    "_id": {
      "$oid": "653849165ec1e72404bf4706"
    },
    "originId": "MCC_1122912",
    "logbooks": [
      "6536f0b5fbf92e44a767571d"
    ],
    "title": "TMO requests 840 eV. Start K = 4.504",
    "text": "",
    "lastName": "Shtalenkova",
    "firstName": "Jane",
    "userName": "yshtalen",
    "tags": [
      "68acd11d-05a8-45f5-b559-55a8d8833373"
    ],
    "attachments": [],
    "followUps": [],
    "references": [],
    "loggedAt": {
      "$date": "2022-02-06T19:16:16.000Z"
    },
    "eventAt": {
      "$date": "2022-02-06T19:16:16.000Z"
    },
    "version": 0,
    "_class": "edu.stanford.slac.elog_plus.model.Entry"
  },
  {
    "_id": {
      "$oid": "653849165ec1e72404bf4707"
    },
    "originId": "MCC_1122913",
    "logbooks": [
      "6536f0b5fbf92e44a767571d"
    ],
    "title": "TMO requests 920 eV. Start K = 4.2835",
    "text": "",
    "lastName": "Shtalenkova",
    "firstName": "Jane",
    "userName": "yshtalen",
    "tags": [
      "68acd11d-05a8-45f5-b559-55a8d8833373"
    ],
    "attachments": [],
    "followUps": [],
    "references": [],
    "loggedAt": {
      "$date": "2022-02-06T19:28:14.000Z"
    },
    "eventAt": {
      "$date": "2022-02-06T19:28:14.000Z"
    },
    "version": 0,
    "_class": "edu.stanford.slac.elog_plus.model.Entry"
  },
  {
    "_id": {
      "$oid": "653849165ec1e72404bf4708"
    },
    "originId": "MCC_1122914",
    "logbooks": [
      "6536f0b5fbf92e44a767571d"
    ],
    "title": "TMO requests 890 eV. Start K = 4.3628",
    "text": "",
    "lastName": "Shtalenkova",
    "firstName": "Jane",
    "userName": "yshtalen",
    "tags": [
      "68acd11d-05a8-45f5-b559-55a8d8833373"
    ],
    "attachments": [],
    "followUps": [],
    "references": [],
    "loggedAt": {
      "$date": "2022-02-06T19:38:47.000Z"
    },
    "eventAt": {
      "$date": "2022-02-06T19:38:47.000Z"
    },
    "version": 0,
    "_class": "edu.stanford.slac.elog_plus.model.Entry"
  },
  {
    "_id": {
      "$oid": "653849165ec1e72404bf4709"
    },
    "originId": "MCC_1122915",
    "logbooks": [
      "6536f0b5fbf92e44a767572a"
    ],
    "title": "Shift Summary, Sunday Owl",
    "text": "SUMMARY: User Delivery all shift--no missed fills or beam losses INJECTOR: Up as needed to inject. 40 mA/min fill rate, 94% Injection Efficiency. Tuned up injector twice to maintain fill rate. SPEAR: User delivery. 500 mA with 5-minute top-offs",
    "lastName": "Sommer",
    "firstName": "Tom",
    "userName": "sommer",
    "tags": [],
    "attachments": [],
    "followUps": [],
    "references": [],
    "loggedAt": {
      "$date": "2022-02-06T19:46:14.000Z"
    },
    "eventAt": {
      "$date": "2022-02-06T19:45:22.000Z"
    },
    "version": 0,
    "_class": "edu.stanford.slac.elog_plus.model.Entry"
  },
  {
    "_id": {
      "$oid": "653849165ec1e72404bf470a"
    },
    "originId": "MCC_1122916",
    "logbooks": [
      "6536f0b5fbf92e44a767572a"
    ],
    "title": "Shift start: Sunday swing",
    "text": "<p>&nbsp;</p>\n<p><br>\n  &nbsp;</p>\n<p><b>Operators:</b></p>\n<p>Nguyen</p>\n<p><b>Injector Status:</b></p>\n<p>Autofill</p>\n<p><b>SPEAR Status:</b></p>\n<p>BEAMS</p>\n<p><b>Program:</b></p>\n<p>500mA user beam with topoffs erery 5 minutes</p>\n<p><br>\n  &nbsp;</p>\n<p></p>",
    "lastName": "Nguyen",
    "firstName": "Thomas",
    "userName": "tnguyen",
    "tags": [],
    "attachments": [],
    "followUps": [],
    "references": [],
    "loggedAt": {
      "$date": "2022-02-06T19:47:52.000Z"
    },
    "eventAt": {
      "$date": "2022-02-06T19:47:52.000Z"
    },
    "version": 0,
    "_class": "edu.stanford.slac.elog_plus.model.Entry"
  },
  {
    "_id": {
      "$oid": "653849165ec1e72404bf470b"
    },
    "originId": "MCC_1122917",
    "logbooks": [
      "6536f0b5fbf92e44a767573d"
    ],
    "title": "Owl Shift - HRS Log",
    "text": "\"02/06/22 06:00 - Mike Nicoletta - C1 - HRS..-Owl Shift summary Plant warm up walk down complete, nothing to report. E log transfer complete -stopped flow on HTTS and HTTI -established flow through cavities -JT valves opened 100% -PV22485 opened to provide 80 g/s -PV22115 opened 100% to avoid pressure build up in line B -Line B must not exceed pressure of 1.5 Bar (PT51012 H)\"",
    "lastName": "Evans",
    "firstName": "Roland",
    "userName": "rolande",
    "tags": [],
    "attachments": [],
    "followUps": [],
    "references": [],
    "loggedAt": {
      "$date": "2022-02-06T19:57:35.000Z"
    },
    "eventAt": {
      "$date": "2022-02-06T19:57:35.000Z"
    },
    "version": 0,
    "_class": "edu.stanford.slac.elog_plus.model.Entry"
  },
  {
    "_id": {
      "$oid": "653849165ec1e72404bf470c"
    },
    "originId": "MCC_1122918",
    "logbooks": [
      "6536f0b5fbf92e44a767571d"
    ],
    "title": "TMO requests 890 eV. Start K = 4.4039",
    "text": "",
    "lastName": "Shtalenkova",
    "firstName": "Jane",
    "userName": "yshtalen",
    "tags": [
      "68acd11d-05a8-45f5-b559-55a8d8833373"
    ],
    "attachments": [],
    "followUps": [],
    "references": [],
    "loggedAt": {
      "$date": "2022-02-06T20:29:05.000Z"
    },
    "eventAt": {
      "$date": "2022-02-06T20:29:05.000Z"
    },
    "version": {
      "$numberLong": "2"
    },
    "_class": "edu.stanford.slac.elog_plus.model.Entry",
    "supersededBy": "653849165ec1e72404bf470d"
  },
  {
    "_id": {
      "$oid": "653849165ec1e72404bf470d"
    },
    "originId": "MCC_1122919",
    "logbooks": [
      "6536f0b5fbf92e44a767571d"
    ],
    "title": "TMO requests 875 eV. Start K = 4.4039",
    "text": "",
    "lastName": "Shtalenkova",
    "firstName": "Jane",
    "userName": "yshtalen",
    "tags": [
      "68acd11d-05a8-45f5-b559-55a8d8833373"
    ],
    "attachments": [],
    "followUps": [],
    "references": [],
    "loggedAt": {
      "$date": "2022-02-06T21:27:13.000Z"
    },
    "eventAt": {
      "$date": "2022-02-06T20:29:01.000Z"
    },
    "version": 0,
    "_class": "edu.stanford.slac.elog_plus.model.Entry"
  },
  {
    "_id": {
      "$oid": "653849165ec1e72404bf470e"
    },
    "originId": "MCC_1122920",
    "logbooks": [
      "6536f0b5fbf92e44a767571d"
    ],
    "title": "TMO requests 860 eV. Start K = 4.4461",
    "text": "",
    "lastName": "Shtalenkova",
    "firstName": "Jane",
    "userName": "yshtalen",
    "tags": [],
    "attachments": [],
    "followUps": [],
    "references": [],
    "loggedAt": {
      "$date": "2022-02-06T21:29:04.000Z"
    },
    "eventAt": {
      "$date": "2022-02-06T21:29:04.000Z"
    },
    "version": 0,
    "_class": "edu.stanford.slac.elog_plus.model.Entry"
  },
  {
    "_id": {
      "$oid": "653849165ec1e72404bf470f"
    },
    "originId": "MCC_1122921",
    "logbooks": [
      "6536f0b5fbf92e44a767571d"
    ],
    "title": "PEM working on 24-6",
    "text": "",
    "lastName": "Bisi",
    "firstName": "Derikka",
    "userName": "dabisi",
    "tags": [
      "68acd11d-05a8-45f5-b559-55a8d8833373"
    ],
    "attachments": [],
    "followUps": [],
    "references": [],
    "loggedAt": {
      "$date": "2022-02-06T21:30:26.000Z"
    },
    "eventAt": {
      "$date": "2022-02-06T21:30:26.000Z"
    },
    "version": 0,
    "_class": "edu.stanford.slac.elog_plus.model.Entry"
  },
  {
    "_id": {
      "$oid": "653849165ec1e72404bf4710"
    },
    "originId": "MCC_1122922",
    "logbooks": [
      "6536f0b5fbf92e44a7675730"
    ],
    "title": "17-5 WGV faults",
    "text": "Found VGC LEDs displays in red. Reset, adjusted filament and punched back on OK.",
    "lastName": "Nguyen",
    "firstName": "Phillip",
    "userName": "phillip",
    "tags": [
      "fe1151d3-12a3-4b07-b9ac-d9e4bfcd1561"
    ],
    "attachments": [],
    "followUps": [],
    "references": [],
    "loggedAt": {
      "$date": "2022-02-06T22:28:53.000Z"
    },
    "eventAt": {
      "$date": "2022-02-06T22:28:53.000Z"
    },
    "version": 0,
    "_class": "edu.stanford.slac.elog_plus.model.Entry"
  },
  {
    "_id": {
      "$oid": "653849165ec1e72404bf4711"
    },
    "originId": "MCC_1122923",
    "logbooks": [
      "6536f0b5fbf92e44a7675724"
    ],
    "title": "PM Walkthrough Complete",
    "text": "Nothing new to report.",
    "lastName": "Frande",
    "firstName": "Patrick",
    "userName": "pfrande",
    "tags": [
      "bda8d02e-57a4-4ec7-90fd-46d0187d57a9"
    ],
    "attachments": [],
    "followUps": [],
    "references": [],
    "loggedAt": {
      "$date": "2022-02-06T22:30:40.000Z"
    },
    "eventAt": {
      "$date": "2022-02-06T22:30:40.000Z"
    },
    "version": 0,
    "_class": "edu.stanford.slac.elog_plus.model.Entry"
  },
  {
    "_id": {
      "$oid": "653849165ec1e72404bf4712"
    },
    "originId": "MCC_1122924",
    "logbooks": [
      "6536f0b5fbf92e44a767571d"
    ],
    "title": "TMO requests 850 eV. Start K = 4.4748",
    "text": "",
    "lastName": "Bisi",
    "firstName": "Derikka",
    "userName": "dabisi",
    "tags": [
      "68acd11d-05a8-45f5-b559-55a8d8833373"
    ],
    "attachments": [],
    "followUps": [],
    "references": [],
    "loggedAt": {
      "$date": "2022-02-06T22:34:05.000Z"
    },
    "eventAt": {
      "$date": "2022-02-06T22:34:05.000Z"
    },
    "version": 0,
    "_class": "edu.stanford.slac.elog_plus.model.Entry"
  },
  {
    "_id": {
      "$oid": "653849165ec1e72404bf4713"
    },
    "originId": "MCC_1122925",
    "logbooks": [
      "6536f0b5fbf92e44a7675724"
    ],
    "title": "XFD End-of-Shift Summary: Day Shift, 02-06-2022 #22026",
    "text": "<b>Date:</b> <i>Day shift, <span>02-06-2022</span></i>\n<br><b>Outgoing Duty Technician:</b> <i><span>Patrick Frande</span></i>\n<br><b>Incoming Duty Technician:</b> <i><span>Christina Horimoto</span></i>\n<br><b>End-of-shift configuration:</b>\n<br>HutchStatusModeActivityHutch 1 (AMO)<span><b>Online</b></span><span>BL1/H1</span><span>Taking beam until 6pm</span>Hutch 2 (SXR)<span>Offline</span><span>BL2/H1</span><span></span>Hutch 3 (XPP)<span><b>Online</b></span><span>FEH</span><span>Taking beam until 6pm</span>Hutch 4 (XCS)<span><b>Online</b></span><span>H5</span><span></span>Hutch 4.5 (MFX)<span><b>Online</b></span><span></span><span></span>Hutch 5 (CXI)<span><b>Online</b></span><span></span><span>Taking beam until 6pm</span>Hutch 6 (MEC)<span><b>Online</b></span><span></span><span></span>XRT<span><b>Online</b></span><span>No Access</span><span></span>\n<br><b>Shift notes:<br></b><span>Replaced XPP N2 Dewar around 7:30am TXI N2 &amp; Ar bottle weight/pressure okay - left Dewar will need to be replaced Monday morning.</span>\n<br><b>Open RSWCFs:</b> <span>1569: CXI operate CXI with DG2 focusing lenses unlocked. (ok to run with this form open) </span>\n<br><b>Time Accounting:</b>\n<br>ProgramScheduled Beam TimePlanned DowntimeUnplanned DowntimeActual BeamtimeLink",
    "lastName": "Frande",
    "firstName": "Patrick",
    "userName": "pfrande",
    "tags": [],
    "attachments": [],
    "followUps": [],
    "references": [],
    "loggedAt": {
      "$date": "2022-02-06T22:38:32.000Z"
    },
    "eventAt": {
      "$date": "2022-02-06T23:59:00.000Z"
    },
    "version": 0,
    "_class": "edu.stanford.slac.elog_plus.model.Entry"
  },
  {
    "_id": {
      "$oid": "653849165ec1e72404bf4714"
    },
    "originId": "MCC_1122926",
    "logbooks": [
      "6536f0b5fbf92e44a7675724"
    ],
    "title": "E-Log End of Shift Summary Report for Slack",
    "text": "Date: Day shift, 02-06-2022 Outgoing Duty Technician: Patrick Frande Incoming Duty Technician: Christina Horimoto End-of-shift configuration: Hutch Status Mode Activity Hutch 1 (AMO) Online BL1/H1 Taking beam until 6pm Hutch 2 (SXR) Offline BL2/H1 Hutch 3 (XPP) Online FEH Taking beam until 6pm Hutch 4 (XCS) Online H5 Hutch 4.5 (MFX) Online Hutch 5 (CXI) Online Taking beam until 6pm Hutch 6 (MEC) Online XRT Online No Access Shift notes: Replaced XPP N2 Dewar around 7:30am TXI N2 &amp; Ar bottle weight/pressure okay - left Dewar will need to be replaced Monday morning. Open RSWCFs: Open RSWCFs: 1569: CXI operate CXI with DG2 focusing lenses unlocked. (ok to run with this form open)",
    "lastName": "Frande",
    "firstName": "Patrick",
    "userName": "pfrande",
    "tags": [
      "bda8d02e-57a4-4ec7-90fd-46d0187d57a9"
    ],
    "attachments": [],
    "followUps": [],
    "references": [],
    "loggedAt": {
      "$date": "2022-02-06T22:46:10.000Z"
    },
    "eventAt": {
      "$date": "2022-02-06T22:46:09.000Z"
    },
    "version": 0,
    "_class": "edu.stanford.slac.elog_plus.model.Entry"
  },
  {
    "_id": {
      "$oid": "653849175ec1e72404bf4718"
    },
    "originId": "MCC_1122927",
    "logbooks": [
      "6536f0b5fbf92e44a7675730"
    ],
    "title": "24-6 BVJ",
    "text": "Called ACR, hooked up scope to see the BVJ and PFN jitters. Lowered the BV to spec., ranged the Vres from 4.20 to 4.8v. Adjusted the HVset from 18.90 to 18.80kV, DQ from 17.5 to 20A. BV is improved. Will check it tomorrow.",
    "lastName": "Nguyen",
    "firstName": "Phillip",
    "userName": "phillip",
    "tags": [
      "fe1151d3-12a3-4b07-b9ac-d9e4bfcd1561"
    ],
    "attachments": [
      "653849165ec1e72404bf4715",
      "653849175ec1e72404bf4716",
      "653849175ec1e72404bf4717"
    ],
    "followUps": [],
    "references": [],
    "loggedAt": {
      "$date": "2022-02-06T23:00:42.000Z"
    },
    "eventAt": {
      "$date": "2022-02-06T23:00:42.000Z"
    },
    "version": 0,
    "_class": "edu.stanford.slac.elog_plus.model.Entry"
  },
  {
    "_id": {
      "$oid": "653849175ec1e72404bf4719"
    },
    "originId": "MCC_1122928",
    "logbooks": [
      "6536f0b5fbf92e44a767571d"
    ],
    "title": "TMO requests 853 eV. Start K = 4.4661",
    "text": "",
    "lastName": "Bisi",
    "firstName": "Derikka",
    "userName": "dabisi",
    "tags": [
      "68acd11d-05a8-45f5-b559-55a8d8833373"
    ],
    "attachments": [],
    "followUps": [],
    "references": [],
    "loggedAt": {
      "$date": "2022-02-06T23:08:15.000Z"
    },
    "eventAt": {
      "$date": "2022-02-06T23:08:15.000Z"
    },
    "version": 0,
    "_class": "edu.stanford.slac.elog_plus.model.Entry"
  },
  {
    "_id": {
      "$oid": "653849175ec1e72404bf471a"
    },
    "originId": "MCC_1122929",
    "logbooks": [
      "6536f0b5fbf92e44a767571d"
    ],
    "title": "TMO requests 856 eV. Start K = 4.4575",
    "text": "",
    "lastName": "Shtalenkova",
    "firstName": "Jane",
    "userName": "yshtalen",
    "tags": [
      "68acd11d-05a8-45f5-b559-55a8d8833373"
    ],
    "attachments": [],
    "followUps": [],
    "references": [],
    "loggedAt": {
      "$date": "2022-02-06T23:21:14.000Z"
    },
    "eventAt": {
      "$date": "2022-02-06T23:21:14.000Z"
    },
    "version": 0,
    "_class": "edu.stanford.slac.elog_plus.model.Entry"
  },
  {
    "_id": {
      "$oid": "653849175ec1e72404bf471b"
    },
    "originId": "MCC_1122930",
    "logbooks": [
      "6536f0b5fbf92e44a767571d"
    ],
    "title": "TMO requests 856 eV. Start K = 4.4489",
    "text": "",
    "lastName": "Shtalenkova",
    "firstName": "Jane",
    "userName": "yshtalen",
    "tags": [
      "68acd11d-05a8-45f5-b559-55a8d8833373"
    ],
    "attachments": [],
    "followUps": [],
    "references": [],
    "loggedAt": {
      "$date": "2022-02-06T23:31:53.000Z"
    },
    "eventAt": {
      "$date": "2022-02-06T23:31:53.000Z"
    },
    "version": {
      "$numberLong": "2"
    },
    "_class": "edu.stanford.slac.elog_plus.model.Entry",
    "supersededBy": "653849175ec1e72404bf471d"
  },
  {
    "_id": {
      "$oid": "653849175ec1e72404bf471c"
    },
    "originId": "MCC_1122931",
    "logbooks": [
      "6536f0b5fbf92e44a767571d"
    ],
    "title": "TMO requests 856 eV. Start K = 4.4404",
    "text": "",
    "lastName": "Shtalenkova",
    "firstName": "Jane",
    "userName": "yshtalen",
    "tags": [
      "68acd11d-05a8-45f5-b559-55a8d8833373"
    ],
    "attachments": [],
    "followUps": [],
    "references": [],
    "loggedAt": {
      "$date": "2022-02-06T23:41:13.000Z"
    },
    "eventAt": {
      "$date": "2022-02-06T23:41:13.000Z"
    },
    "version": {
      "$numberLong": "2"
    },
    "_class": "edu.stanford.slac.elog_plus.model.Entry",
    "supersededBy": "653849175ec1e72404bf471f"
  },
  {
    "_id": {
      "$oid": "653849175ec1e72404bf471d"
    },
    "originId": "MCC_1122932",
    "logbooks": [
      "6536f0b5fbf92e44a767571d"
    ],
    "title": "TMO requests 862 eV. Start K = 4.4489",
    "text": "",
    "lastName": "Shtalenkova",
    "firstName": "Jane",
    "userName": "yshtalen",
    "tags": [
      "68acd11d-05a8-45f5-b559-55a8d8833373"
    ],
    "attachments": [],
    "followUps": [],
    "references": [],
    "loggedAt": {
      "$date": "2022-02-06T23:41:35.000Z"
    },
    "eventAt": {
      "$date": "2022-02-06T23:31:53.000Z"
    },
    "version": {
      "$numberLong": "2"
    },
    "_class": "edu.stanford.slac.elog_plus.model.Entry",
    "supersededBy": "653849175ec1e72404bf471e"
  },
  {
    "_id": {
      "$oid": "653849175ec1e72404bf471e"
    },
    "originId": "MCC_1122933",
    "logbooks": [
      "6536f0b5fbf92e44a767571d"
    ],
    "title": "TMO requests 859 eV. Start K = 4.4489",
    "text": "",
    "lastName": "Shtalenkova",
    "firstName": "Jane",
    "userName": "yshtalen",
    "tags": [
      "68acd11d-05a8-45f5-b559-55a8d8833373"
    ],
    "attachments": [],
    "followUps": [],
    "references": [],
    "loggedAt": {
      "$date": "2022-02-06T23:42:11.000Z"
    },
    "eventAt": {
      "$date": "2022-02-06T23:31:53.000Z"
    },
    "version": 0,
    "_class": "edu.stanford.slac.elog_plus.model.Entry"
  },
  {
    "_id": {
      "$oid": "653849175ec1e72404bf471f"
    },
    "originId": "MCC_1122934",
    "logbooks": [
      "6536f0b5fbf92e44a767571d"
    ],
    "title": "TMO requests 862 eV. Start K = 4.4404",
    "text": "",
    "lastName": "Shtalenkova",
    "firstName": "Jane",
    "userName": "yshtalen",
    "tags": [
      "68acd11d-05a8-45f5-b559-55a8d8833373"
    ],
    "attachments": [],
    "followUps": [],
    "references": [],
    "loggedAt": {
      "$date": "2022-02-06T23:42:20.000Z"
    },
    "eventAt": {
      "$date": "2022-02-06T23:41:13.000Z"
    },
    "version": 0,
    "_class": "edu.stanford.slac.elog_plus.model.Entry"
  }
]