[
  {
    "_id": {
      "$oid": "653847f45ec1e72404bf371a"
    },
    "originId": "MCC_1119278",
    "logbooks": [
      "6536f0b5fbf92e44a7675737",
      "6536f0b5fbf92e44a7675735",
      "6536f0b5fbf92e44a7675733",
      "6536f0b5fbf92e44a7675739"
    ],
    "title": "LCLS II FACET II Installation Activities",
    "text": "Friday, 1/14/2022 40 people badged in at the morning tailgate. Progress: ACCPHYS - Spreader component checkout. AMRF - SSA p/m. CM cable connections. LLRF checkout. ARDTF - FACET II support. CBL - RF/BCS support. S8, cable installation. S20, FACET II cable installation. S30, cable tagging. S0-S10, conduit fire putty installation. CTLS - Motion control system checkout. Tunnel radio signal checkout. Profile monitor checkout. MPS, link node checkout. FACOI - S1, air panel prv replacement. FACOM - LCW system p/m. Prep for S11 KCS pump replacement. Metrology - OTR0H04 alignment. MFD - Linac East vacuum activities. (Sat) S28-S30, magnet water connections. Housing housekeeping. (Sat) Component base grouting and form installation. (Sat) He guard line installation. OTR0H04 installation. Injector, downstream vent and removal of pump COL0:762 for repair PEM - LCLS and FACET II support. S4, magnet connections. S1-S4, magnet labeling. S1,mcor crate loto. Diag kicker checkout. S28,S29, magnet checkout. PPS - Prep for LCLS start-up. S0-S10 testing. (Sun) Test Lab - NIRP system labeling. Penetration shielding labeling. Contractors - Collins - S28-S30, component base grouting. Vance Brown - S0 fire station project. Regards, Al",
    "lastName": "Owens",
    "firstName": "Alden",
    "userName": "fishohn",
    "tags": [],
    "attachments": [],
    "followUps": [],
    "references": [],
    "loggedAt": {
      "$date": "2022-01-15T00:03:20.000Z"
    },
    "eventAt": {
      "$date": "2022-01-15T00:03:20.000Z"
    },
    "version": 0,
    "_class": "edu.stanford.slac.elog_plus.model.Entry"
  },
  {
    "_id": {
      "$oid": "653847f45ec1e72404bf371b"
    },
    "originId": "MCC_1119279",
    "logbooks": [
      "6536f0b5fbf92e44a767572a"
    ],
    "title": "Shift Summary: Friday Day Shift",
    "text": "SUMMARY: User beam delivery. INJECTOR: Autofill RUN mode. 300mV Q-meter Booster beam and 45mA/min injection rate with calculated injection efficiencies over 100 percent. SPEAR: 500mA stored beam with 5-minute topoff injections. No problems to report. BEAM LINES: All open or available to be opened.",
    "lastName": "Calloway",
    "firstName": "David",
    "userName": "calloway",
    "tags": [],
    "attachments": [],
    "followUps": [],
    "references": [],
    "loggedAt": {
      "$date": "2022-01-15T00:06:52.000Z"
    },
    "eventAt": {
      "$date": "2022-01-14T23:45:01.000Z"
    },
    "version": 0,
    "_class": "edu.stanford.slac.elog_plus.model.Entry"
  },
  {
    "_id": {
      "$oid": "653847f45ec1e72404bf371c"
    },
    "originId": "MCC_1119280",
    "logbooks": [
      "6536f0b5fbf92e44a767571d"
    ],
    "title": "BSY --&gt; CON for interlock checks",
    "text": "",
    "lastName": "Bisi",
    "firstName": "Derikka",
    "userName": "dabisi",
    "tags": [
      "68acd11d-05a8-45f5-b559-55a8d8833373"
    ],
    "attachments": [],
    "followUps": [],
    "references": [],
    "loggedAt": {
      "$date": "2022-01-15T00:52:18.000Z"
    },
    "eventAt": {
      "$date": "2022-01-15T00:52:18.000Z"
    },
    "version": 0,
    "_class": "edu.stanford.slac.elog_plus.model.Entry"
  },
  {
    "_id": {
      "$oid": "653847f45ec1e72404bf371d"
    },
    "originId": "MCC_1119281",
    "logbooks": [
      "6536f0b5fbf92e44a767572c"
    ],
    "title": "SSRL BLDO Day shift report 2022-JAN-14",
    "text": "SPEAR: 500ma top-up every 5min. BEAM LINES: All Open except for BL-17 All shift. FAULTS: 09:52 BL15-2 IG-1 fault as staff Changing crystal set, vacuum recovery Was a little slow, reset and open BL-15 at 10:38. 10:59 BL-6 LCW ckt-8 pri-2 fault, sent flow to 82\u00e2\u0080\u009d, reset, search and open BL-6 at 11:10. EXPERIMENTS: No problems or concerns. Many changeovers this shift. OTHER: Small machining job for BL11-3. Exchange gas bottles for user in Lab 209. LN delivery at about 11am.",
    "lastName": "Leonard",
    "firstName": "Wes",
    "userName": "leonard",
    "tags": [],
    "attachments": [],
    "followUps": [],
    "references": [],
    "loggedAt": {
      "$date": "2022-01-15T01:24:44.000Z"
    },
    "eventAt": {
      "$date": "2022-01-15T01:24:44.000Z"
    },
    "version": 0,
    "_class": "edu.stanford.slac.elog_plus.model.Entry"
  },
  {
    "_id": {
      "$oid": "653847f45ec1e72404bf371e"
    },
    "originId": "MCC_1119282",
    "logbooks": [
      "6536f0b5fbf92e44a767571d"
    ],
    "title": "RSWCFs Winter Downtime --- Daily Update",
    "text": "<span><strong>RSWCF</strong></span><span><strong>Description</strong></span><span><strong>Conditions</strong></span><span><strong>Status</strong></span><span><strong>Needs</strong></span><span><strong>Status Comments</strong></span><span><span>8550</span></span><span><span>TS&amp;R ST34 CHB communications issue</span></span><span><span>N/A</span></span><span><span>DO NOT APPROVE</span></span><span><span>DO NOT APPROVE - Work will not happen this downtime</span></span>A<span><span>8582</span></span><span><span>Muon shield reconfiguration</span></span>\n<p><span><span>Disable 30-BSY (ANR) </span></span></p>\n<p><span>OR</span></p>\n<p><span>VVS 5-15 control power and All Linac West SSAs 480 VAC locked off by ADSO.</span></p><span><span>Work Approved</span></span>\n<ol>\n <li><span><span>Work Complete</span></span></li>\n <li><span><span>RP Inspection</span></span><br>\n   &nbsp;</li>\n</ol><span>Work is complete needs RP signoff.</span><span><span>8591</span></span><span><span>Unlock BXSP1H for PS and magnet testing.</span></span>\n<p><span><span>Disable 30-BSY (ANR)</span></span></p>\n<p><span>OR</span></p>\n<p><span>VVS 5-15 control power and All Linac West SSAs 480 VAC locked off by ADSO.</span></p><span><span>Work Approved</span></span>\n<ol>\n <li><span><span>Work Complete</span></span></li>\n <li><span><span>ADSO lock PS back up</span></span><br>\n   &nbsp;</li>\n</ol>\n<p><span><span>Work is complete per CATER, locks are in place. </span></span></p>\n<p><span><span>READY FOR ADSO REVIEW</span></span></p><span><span>8587</span></span><span><span>Remove/reinstall EBD-FEE PPS Door microswitches (for mirror assembly removal)</span></span><span><span>Disable HXR and SXR BTH Stoppers (ANR)</span></span><span><span>Work Approved</span></span>\n<ol>\n <li><span><span>Work Complete</span></span></li>\n <li><span><span>Reinstall</span></span></li>\n <li><span><span>Interlock Checks: keybank, door, gate</span></span><br>\n   &nbsp;</li>\n</ol><span>Needs OPS PPS interlock checks to close out.</span><span><span>8590</span></span><span><span>EBD sump pit shielding reconfiguration. </span></span><span><span>Disable HXR and SXR BTH Stoppers (ANR)</span></span><span><span>Work Approved</span></span>\n<ol>\n <li><span><span>Work Complete</span></span></li>\n <li><span><span>ADSO Inspection</span></span></li>\n <li><span><span>RP Inspection</span></span><br>\n   &nbsp;</li>\n</ol><span><span>Work is ongoing.</span></span><span><span>8592</span></span><span><span>BTM leak work</span></span><span><span>Disable HXR and SXR BTH Stoppers (ANR)</span></span><span><span><span>Work Approved</span></span></span>\n<ol>\n <li><span>Work Complete</span></li>\n <li><span>Refill BTMs - BTMDUMP &amp; BTMSFT refilled on 1/10. </span></li>\n <li><span>Lock up BTM boxes</span></li>\n</ol><span>Please make sure to unbypass Warning and sign off SAT line items. </span>\n<p><span><span>This one is snarled up since scope of work is different than initially written, and there is a photon side RSWCF involved. Might just need signoff that control boxes are locked...</span></span></p>\n<p>&nbsp;</p>\n<p><span>READY FOR ADSO REVIEW</span></p><span><span>8583</span></span><span><span>LI20/21 beampipe reconfiguration</span></span>\n<p><span><span>Linac East Odd Sector key in ACR red keysafe</span></span></p>\n<p><span><span><span>OR</span></span></span></p>\n<p><span>VVS 5-15 control power and All Linac West SSAs 480 VAC locked off by ADSO.</span></p>\n<p>A</p><span><span>Work Approved</span></span>\n<ol>\n <li><span><span>Work Complete</span></span></li>\n <li><span><span>RP Inspection</span></span><br>\n   &nbsp;</li>\n</ol><span>All work complete signoffs are done. READY FOR ADSO REVIEW.</span><span><span>8593</span></span><span><span>Penetration shielding S25-10</span></span>\n<p><span><span><span><span>Linac East Odd Sector key in ACR red keysafe</span></span></span></span></p>\n<p><span><span><span><span><span>OR</span></span></span></span></span></p>\n<p><span>VVS 5-15 control power and All Linac West SSAs 480 VAC locked off by ADSO.</span></p>\n<p>A</p><span><span>WorkA Approved</span></span>\n<ol>\n <li><span>Work Complete</span></li>\n <li><span>RP Inspection</span><br>\n   &nbsp;</li>\n</ol><span><span>Work is complete needs RP signoff</span></span><span><span>8585</span></span><span><span>S14 hatch open to lower differential pumps</span></span>\n<p><span><span>Linac Middle Odd Sector key in ACR red keysafe</span></span></p>\n<p><span><span><span>OR</span></span></span></p>\n<p><span>VVS 5-15 control power and All Linac West SSAs 480 VAC locked off by ADSO.</span></p>\n<p>A</p><span><span>Work Approved</span></span>\n<ol>\n <li><span><span>Work Complete</span></span></li>\n <li><span><span>Relock hatch</span></span></li>\n <li><span><span>Safety Inspection</span></span><br>\n   &nbsp;</li>\n</ol><span>All jobs associated with the CATER are either complete or dropped. Needs cover in place and OPS Safety Inspection.</span><span><span>8596</span></span><span><span>Insulate exposed 110 VAC wiring in the keybank at sector 14 manway.</span></span><span><span>Linac Middle Odd Sector keyA <span><span>in ACR red keysafe </span></span>(except as needed to complete AOSD Linac Middle Interlock Checklist)</span></span><span><span><span><span><span>Work Approved</span></span></span></span></span>\n<ol>\n <li><span><span>RP approval</span></span></li>\n <li><span><span>Person Responsible - K. Jobe</span></span><br>\n   &nbsp;</li>\n</ol><span><span>Needs PPS group to re-energize keybanks, fill in \"Work Complete\" sign-off, then OPS PPS interlock checks for the keybank.</span></span><span><span>8586</span></span><span><span>B913 gas system tubing and cable relocation </span></span><span><span>Disable HXR and SXR BTH Stoppers (ANR)</span></span><span><span>Work Approved</span></span>\n<ol>\n <li><span><span>Work Complete</span></span></li>\n <li><span><span>BCS pre-run checkout</span></span><br>\n   &nbsp;</li>\n</ol><span><span>Work is ongoing.</span></span><span><span>8597</span></span><span><span>Insulate exposed 110 VAC wiring in the key bank at MCC for LINAC EAST.</span></span><span><span>Linac East Odd Sector key in ACR Red Keysafe (except as needed to complete AOSD Linac East Interlock Checklist).</span></span><span><span>Work Approved</span></span>\n<br>\n A\n<ol>\n <li><span><span>RP approval</span></span></li>\n <li><span><span>Person Responsible - K. Jobe</span></span><br>\n   &nbsp;</li>\n</ol><span><span>Needs PPS group to re-energize keybanks, fill in \"Work Complete\" sign-off, then OPS PPS interlock checks for the keybank.</span></span><span><span>8589</span></span><span><span>BTM H2.2 BT1K1-L2SI. </span></span><span><span>Disable HXR and SXR BTH Stoppers (ANR)</span></span><span><span>Work Approved</span></span>\n<ol>\n <li><span>Work Complete</span></li>\n <li><span>Refill BTMs - BTM BT1K1-L2SI refilled on 1/10</span></li>\n</ol>\n<p><span><span>Fill adjustment is complete, and BTM was refilled. Might need refill again to update fill cycle information into UND&amp;EBD-FEE SAT section 15. </span></span></p>\n<p><span><span>READY FOR ADSO REVIEW</span></span></p><span>8600</span><span>Replace limit switch bracket for DM60 OUT limit switch to provide for a second switch</span><span>TBD</span><span>Work Not Approved</span><span>TBD</span><span>TBD</span>",
    "lastName": "Smith",
    "firstName": "Howard",
    "userName": "hvs",
    "tags": [],
    "attachments": [],
    "followUps": [],
    "references": [],
    "loggedAt": {
      "$date": "2022-01-15T01:30:17.000Z"
    },
    "eventAt": {
      "$date": "2022-01-15T01:22:47.000Z"
    },
    "version": {
      "$numberLong": "2"
    },
    "_class": "edu.stanford.slac.elog_plus.model.Entry",
    "supersededBy": "653847f45ec1e72404bf3722"
  },
  {
    "_id": {
      "$oid": "653847f45ec1e72404bf371f"
    },
    "originId": "MCC_1119283",
    "logbooks": [
      "6536f0b5fbf92e44a767571d"
    ],
    "title": "RSWCF#8591 (removed lock on BSY SC merge magnet BXSP1H for testing) -&gt; CLOSED",
    "text": "",
    "lastName": "Smith",
    "firstName": "Howard",
    "userName": "hvs",
    "tags": [],
    "attachments": [],
    "followUps": [],
    "references": [],
    "loggedAt": {
      "$date": "2022-01-15T01:43:28.000Z"
    },
    "eventAt": {
      "$date": "2022-01-15T01:43:28.000Z"
    },
    "version": 0,
    "_class": "edu.stanford.slac.elog_plus.model.Entry"
  },
  {
    "_id": {
      "$oid": "653847f45ec1e72404bf3720"
    },
    "originId": "MCC_1119284",
    "logbooks": [
      "6536f0b5fbf92e44a767571d"
    ],
    "title": "RSWCF#8583 (realign SC LINAC beamline in S20 shield wall) -&gt; CLOSED",
    "text": "",
    "lastName": "Smith",
    "firstName": "Howard",
    "userName": "hvs",
    "tags": [],
    "attachments": [],
    "followUps": [],
    "references": [],
    "loggedAt": {
      "$date": "2022-01-15T01:46:53.000Z"
    },
    "eventAt": {
      "$date": "2022-01-15T01:46:53.000Z"
    },
    "version": 0,
    "_class": "edu.stanford.slac.elog_plus.model.Entry"
  },
  {
    "_id": {
      "$oid": "653847f45ec1e72404bf3721"
    },
    "originId": "MCC_1119285",
    "logbooks": [
      "6536f0b5fbf92e44a767571d"
    ],
    "title": "RSWCF#8589 (refill BTM H2.2 BT1K1-L2SI) -&gt; CLOSED",
    "text": "",
    "lastName": "Smith",
    "firstName": "Howard",
    "userName": "hvs",
    "tags": [],
    "attachments": [],
    "followUps": [],
    "references": [],
    "loggedAt": {
      "$date": "2022-01-15T01:49:49.000Z"
    },
    "eventAt": {
      "$date": "2022-01-15T01:49:49.000Z"
    },
    "version": 0,
    "_class": "edu.stanford.slac.elog_plus.model.Entry"
  },
  {
    "_id": {
      "$oid": "653847f45ec1e72404bf3722"
    },
    "originId": "MCC_1119286",
    "logbooks": [
      "6536f0b5fbf92e44a767571d"
    ],
    "title": "RSWCFs Winter Downtime --- Daily Update",
    "text": "<span><strong>RSWCF</strong></span><span><strong>Description</strong></span><span><strong>Conditions</strong></span><span><strong>Status</strong></span><span><strong>Needs</strong></span><span><strong>Status Comments</strong></span><span><span>8550</span></span><span><span>TS&amp;R ST34 CHB communications issue</span></span><span><span>N/A</span></span><span><span>DO NOT APPROVE</span></span><span><span>DO NOT APPROVE - Work will not happen this downtime</span></span>A<span><span>8582</span></span><span><span>Muon shield reconfiguration</span></span>\n<p><span><span>Disable 30-BSY (ANR) </span></span></p>\n<p><span>OR</span></p>\n<p><span>VVS 5-15 control power and All Linac West SSAs 480 VAC locked off by ADSO.</span></p><span><span>Work Approved</span></span>\n<ol>\n <li><span><span>Work Complete</span></span></li>\n <li><span><span>RP Inspection</span></span><br>\n   &nbsp;</li>\n</ol><span>Work is complete needs RP signoff.</span><span><span>8587</span></span><span><span>Remove/reinstall EBD-FEE PPS Door microswitches (for mirror assembly removal)</span></span><span><span>Disable HXR and SXR BTH Stoppers (ANR)</span></span><span><span>Work Approved</span></span>\n<ol>\n <li><span><span>Work Complete</span></span></li>\n <li><span><span>Reinstall</span></span></li>\n <li><span><span>Interlock Checks: keybank, door, gate</span></span><br>\n   &nbsp;</li>\n</ol><span>Needs OPS PPS interlock checks to close out.</span><span><span>8590</span></span><span><span>EBD sump pit shielding reconfiguration. </span></span><span><span>Disable HXR and SXR BTH Stoppers (ANR)</span></span><span><span>Work Approved</span></span>\n<ol>\n <li><span><span>Work Complete</span></span></li>\n <li><span><span>ADSO Inspection</span></span></li>\n <li><span><span>RP Inspection</span></span><br>\n   &nbsp;</li>\n</ol><span><span>Work is ongoing.</span></span><span><span>8592</span></span><span><span>BTM leak work</span></span><span><span>Disable HXR and SXR BTH Stoppers (ANR)</span></span><span><span><span>Work Approved</span></span></span>\n<ol>\n <li><span>Work Complete</span></li>\n <li><span>Refill BTMs - BTMDUMP &amp; BTMSFT refilled on 1/10. </span></li>\n <li><span>Lock up BTM boxes</span></li>\n</ol><span>Please make sure to unbypass Warning and sign off SAT line items. </span>\n<p><span><span>This one is snarled up since scope of work is different than initially written, and there is a photon side RSWCF involved. Might just need signoff that control boxes are locked...</span></span></p>\n<p>&nbsp;</p>\n<p><span>READY FOR ADSO REVIEW</span></p><span><span>8593</span></span><span><span>Penetration shielding S25-10</span></span>\n<p><span><span><span><span>Linac East Odd Sector key in ACR red keysafe</span></span></span></span></p>\n<p><span><span><span><span><span>OR</span></span></span></span></span></p>\n<p><span>VVS 5-15 control power and All Linac West SSAs 480 VAC locked off by ADSO.</span></p>\n<p>A</p><span><span>WorkA Approved</span></span>\n<ol>\n <li><span>Work Complete</span></li>\n <li><span>RP Inspection</span><br>\n   &nbsp;</li>\n</ol><span><span>Work is complete needs RP signoff</span></span><span><span>8585</span></span><span><span>S14 hatch open to lower differential pumps</span></span>\n<p><span><span>Linac Middle Odd Sector key in ACR red keysafe</span></span></p>\n<p><span><span><span>OR</span></span></span></p>\n<p><span>VVS 5-15 control power and All Linac West SSAs 480 VAC locked off by ADSO.</span></p>\n<p>A</p><span><span>Work Approved</span></span>\n<ol>\n <li><span><span>Work Complete</span></span></li>\n <li><span><span>Relock hatch</span></span></li>\n <li><span><span>Safety Inspection</span></span><br>\n   &nbsp;</li>\n</ol><span>All jobs associated with the CATER are either complete or dropped. Needs cover in place and OPS Safety Inspection.</span><span><span>8596</span></span><span><span>Insulate exposed 110 VAC wiring in the keybank at sector 14 manway.</span></span><span><span>Linac Middle Odd Sector keyA <span><span>in ACR red keysafe </span></span>(except as needed to complete AOSD Linac Middle Interlock Checklist)</span></span><span><span><span><span><span>Work Approved</span></span></span></span></span>\n<ol>\n <li><span><span>RP approval</span></span></li>\n <li><span><span>Person Responsible - K. Jobe</span></span><br>\n   &nbsp;</li>\n</ol><span><span>Needs PPS group to re-energize keybanks, fill in \"Work Complete\" sign-off, then OPS PPS interlock checks for the keybank.</span></span><span><span>8586</span></span><span><span>B913 gas system tubing and cable relocation </span></span><span><span>Disable HXR and SXR BTH Stoppers (ANR)</span></span><span><span>Work Approved</span></span>\n<ol>\n <li><span><span>Work Complete</span></span></li>\n <li><span><span>BCS pre-run checkout</span></span><br>\n   &nbsp;</li>\n</ol><span><span>Work is ongoing.</span></span><span><span>8597</span></span><span><span>Insulate exposed 110 VAC wiring in the key bank at MCC for LINAC EAST.</span></span><span><span>Linac East Odd Sector key in ACR Red Keysafe (except as needed to complete AOSD Linac East Interlock Checklist).</span></span><span><span>Work Approved</span></span>\n<br>\n A\n<ol>\n <li><span><span>RP approval</span></span></li>\n <li><span><span>Person Responsible - K. Jobe</span></span><br>\n   &nbsp;</li>\n</ol><span><span>Needs PPS group to re-energize keybanks, fill in \"Work Complete\" sign-off, then OPS PPS interlock checks for the keybank.</span></span><span>8600</span><span>Replace limit switch bracket for DM60 OUT limit switch to provide for a second switch</span><span>TBD</span><span>Work Not Approved</span><span>TBD</span><span>TBD</span>",
    "lastName": "Smith",
    "firstName": "Howard",
    "userName": "hvs",
    "tags": [],
    "attachments": [],
    "followUps": [],
    "references": [],
    "loggedAt": {
      "$date": "2022-01-15T01:53:48.000Z"
    },
    "eventAt": {
      "$date": "2022-01-15T05:00:00.000Z"
    },
    "version": {
      "$numberLong": "2"
    },
    "_class": "edu.stanford.slac.elog_plus.model.Entry",
    "supersededBy": "653847f45ec1e72404bf3724"
  },
  {
    "_id": {
      "$oid": "653847f45ec1e72404bf3723"
    },
    "originId": "MCC_1119287",
    "logbooks": [
      "6536f0b5fbf92e44a767571d"
    ],
    "title": "RSWCF#8592 (BPM work HXR BTMDPM, HXR BTMSFT, SXR BT3K2) -&gt; CLOSED",
    "text": "",
    "lastName": "Smith",
    "firstName": "Howard",
    "userName": "hvs",
    "tags": [],
    "attachments": [],
    "followUps": [],
    "references": [],
    "loggedAt": {
      "$date": "2022-01-15T01:56:57.000Z"
    },
    "eventAt": {
      "$date": "2022-01-15T01:56:57.000Z"
    },
    "version": 0,
    "_class": "edu.stanford.slac.elog_plus.model.Entry"
  },
  {
    "_id": {
      "$oid": "653847f45ec1e72404bf3724"
    },
    "originId": "MCC_1119288",
    "logbooks": [
      "6536f0b5fbf92e44a767571d"
    ],
    "title": "RSWCFs Winter Downtime --- Daily Update",
    "text": "<span><strong>RSWCF</strong></span><span><strong>Description</strong></span><span><strong>Conditions</strong></span><span><strong>Status</strong></span><span><strong>Needs</strong></span><span><strong>Status Comments</strong></span><span><span>8550</span></span><span><span>TS&amp;R ST34 CHB communications issue</span></span><span><span>N/A</span></span><span><span>DO NOT APPROVE</span></span><span><span>DO NOT APPROVE - Work will not happen this downtime</span></span>A<span><span>8582</span></span><span><span>Muon shield reconfiguration</span></span>\n<p><span><span>Disable 30-BSY (ANR) </span></span></p>\n<p><span>OR</span></p>\n<p><span>VVS 5-15 control power and All Linac West SSAs 480 VAC locked off by ADSO.</span></p><span><span>Work Approved</span></span>\n<ol>\n <li><span><span>Work Complete</span></span></li>\n <li><span><span>RP Inspection</span></span><br>\n   &nbsp;</li>\n</ol><span>Work is complete needs RP signoff.</span><span><span>8587</span></span><span><span>Remove/reinstall EBD-FEE PPS Door microswitches (for mirror assembly removal)</span></span><span><span>Disable HXR and SXR BTH Stoppers (ANR)</span></span><span><span>Work Approved</span></span>\n<ol>\n <li><span><span>Work Complete</span></span></li>\n <li><span><span>Reinstall</span></span></li>\n <li><span><span>Interlock Checks: keybank, door, gate</span></span><br>\n   &nbsp;</li>\n</ol><span>Needs OPS PPS interlock checks to close out.</span><span><span>8590</span></span><span><span>EBD sump pit shielding reconfiguration. </span></span><span><span>Disable HXR and SXR BTH Stoppers (ANR)</span></span><span><span>Work Approved</span></span>\n<ol>\n <li><span><span>Work Complete</span></span></li>\n <li><span><span>ADSO Inspection</span></span></li>\n <li><span><span>RP Inspection</span></span><br>\n   &nbsp;</li>\n</ol><span><span>Work is ongoing.</span></span><span><span>8593</span></span><span><span>Penetration shielding S25-10</span></span>\n<p><span><span><span><span>Linac East Odd Sector key in ACR red keysafe</span></span></span></span></p>\n<p><span><span><span><span><span>OR</span></span></span></span></span></p>\n<p><span>VVS 5-15 control power and All Linac West SSAs 480 VAC locked off by ADSO.</span></p>\n<p>A</p><span><span>WorkA Approved</span></span>\n<ol>\n <li><span>Work Complete</span></li>\n <li><span>RP Inspection</span><br>\n   &nbsp;</li>\n</ol><span><span>Work is complete needs RP signoff</span></span><span><span>8585</span></span><span><span>S14 hatch open to lower differential pumps</span></span>\n<p><span><span>Linac Middle Odd Sector key in ACR red keysafe</span></span></p>\n<p><span><span><span>OR</span></span></span></p>\n<p><span>VVS 5-15 control power and All Linac West SSAs 480 VAC locked off by ADSO.</span></p>\n<p>A</p><span><span>Work Approved</span></span>\n<ol>\n <li><span><span>Work Complete</span></span></li>\n <li><span><span>Relock hatch</span></span></li>\n <li><span><span>Safety Inspection</span></span><br>\n   &nbsp;</li>\n</ol><span>All jobs associated with the CATER are either complete or dropped. Needs cover in place and OPS Safety Inspection.</span><span><span>8596</span></span><span><span>Insulate exposed 110 VAC wiring in the keybank at sector 14 manway.</span></span><span><span>Linac Middle Odd Sector keyA <span><span>in ACR red keysafe </span></span>(except as needed to complete AOSD Linac Middle Interlock Checklist)</span></span><span><span><span><span><span>Work Approved</span></span></span></span></span>\n<ol>\n <li><span><span>RP approval</span></span></li>\n <li><span><span>Person Responsible - K. Jobe</span></span><br>\n   &nbsp;</li>\n</ol><span><span>Needs PPS group to re-energize keybanks, fill in \"Work Complete\" sign-off, then OPS PPS interlock checks for the keybank.</span></span><span><span>8586</span></span><span><span>B913 gas system tubing and cable relocation </span></span><span><span>Disable HXR and SXR BTH Stoppers (ANR)</span></span><span><span>Work Approved</span></span>\n<ol>\n <li><span><span>Work Complete</span></span></li>\n <li><span><span>BCS pre-run checkout</span></span><br>\n   &nbsp;</li>\n</ol><span><span>Work is ongoing.</span></span><span><span>8597</span></span><span><span>Insulate exposed 110 VAC wiring in the key bank at MCC for LINAC EAST.</span></span><span><span>Linac East Odd Sector key in ACR Red Keysafe (except as needed to complete AOSD Linac East Interlock Checklist).</span></span><span><span>Work Approved</span></span>\n<br>\n A\n<ol>\n <li><span><span>RP approval</span></span></li>\n <li><span><span>Person Responsible - K. Jobe</span></span><br>\n   &nbsp;</li>\n</ol><span><span>Needs PPS group to re-energize keybanks, fill in \"Work Complete\" sign-off, then OPS PPS interlock checks for the keybank.</span></span><span>8600</span><span>Replace limit switch bracket for DM60 OUT limit switch to provide for a second switch</span><span>TBD</span><span>Work Not Approved</span><span>TBD</span><span>TBD</span>",
    "lastName": "Smith",
    "firstName": "Howard",
    "userName": "hvs",
    "tags": [],
    "attachments": [],
    "followUps": [],
    "references": [],
    "loggedAt": {
      "$date": "2022-01-15T01:58:22.000Z"
    },
    "eventAt": {
      "$date": "2022-01-15T05:00:00.000Z"
    },
    "version": {
      "$numberLong": "2"
    },
    "_class": "edu.stanford.slac.elog_plus.model.Entry",
    "supersededBy": "653847f45ec1e72404bf3725"
  },
  {
    "_id": {
      "$oid": "653847f45ec1e72404bf3725"
    },
    "originId": "MCC_1119289",
    "logbooks": [
      "6536f0b5fbf92e44a767571d"
    ],
    "title": "RSWCFs Winter Downtime --- Daily Update N=11",
    "text": "<span><strong>RSWCF</strong></span><span><strong>Description</strong></span><span><strong>Conditions</strong></span><span><strong>Status</strong></span><span><strong>Needs</strong></span><span><strong>Status Comments</strong></span><span><span>8550</span></span><span><span>TS&amp;R ST34 CHB communications issue</span></span><span><span>N/A</span></span><span><span>DO NOT APPROVE</span></span><span><span>DO NOT APPROVE - Work will not happen this downtime</span></span>A<span><span>8582</span></span><span><span>Muon shield reconfiguration</span></span>\n<p><span><span>Disable 30-BSY (ANR) </span></span></p>\n<p><span>OR</span></p>\n<p><span>VVS 5-15 control power and All Linac West SSAs 480 VAC locked off by ADSO.</span></p><span><span>Work Approved</span></span>\n<ol>\n <li><span><span>Work Complete</span></span></li>\n <li><span><span>RP Inspection</span></span><br>\n   &nbsp;</li>\n</ol><span>Work is complete needs RP signoff.</span><span>8601</span><span>Refill BTM Bt2K0 after MR2K3 install&nbsp;</span><span>Disable HXR and SXR BTH Stoppers (ANR)</span><span>Work Not Approved</span><span>TBD</span><span>TBD</span><span><span>8587</span></span><span><span>Remove/reinstall EBD-FEE PPS Door microswitches (for mirror assembly removal)</span></span><span><span>Disable HXR and SXR BTH Stoppers (ANR)</span></span><span><span>Work Approved</span></span>\n<ol>\n <li><span><span>Work Complete</span></span></li>\n <li><span><span>Reinstall</span></span></li>\n <li><span><span>Interlock Checks: keybank, door, gate</span></span><br>\n   &nbsp;</li>\n</ol><span>Needs OPS PPS interlock checks to close out.</span><span><span>8590</span></span><span><span>EBD sump pit shielding reconfiguration. </span></span><span><span>Disable HXR and SXR BTH Stoppers (ANR)</span></span><span><span>Work Approved</span></span>\n<ol>\n <li><span><span>Work Complete</span></span></li>\n <li><span><span>ADSO Inspection</span></span></li>\n <li><span><span>RP Inspection</span></span><br>\n   &nbsp;</li>\n</ol><span><span>Work is ongoing.</span></span><span><span>8593</span></span><span><span>Penetration shielding S25-10</span></span>\n<p><span><span><span><span>Linac East Odd Sector key in ACR red keysafe</span></span></span></span></p>\n<p><span><span><span><span><span>OR</span></span></span></span></span></p>\n<p><span>VVS 5-15 control power and All Linac West SSAs 480 VAC locked off by ADSO.</span></p>\n<p>A</p><span><span>WorkA Approved</span></span>\n<ol>\n <li><span>Work Complete</span></li>\n <li><span>RP Inspection</span><br>\n   &nbsp;</li>\n</ol><span><span>Work is complete needs RP signoff</span></span><span><span>8585</span></span><span><span>S14 hatch open to lower differential pumps</span></span>\n<p><span><span>Linac Middle Odd Sector key in ACR red keysafe</span></span></p>\n<p><span><span><span>OR</span></span></span></p>\n<p><span>VVS 5-15 control power and All Linac West SSAs 480 VAC locked off by ADSO.</span></p>\n<p>A</p><span><span>Work Approved</span></span>\n<ol>\n <li><span><span>Work Complete</span></span></li>\n <li><span><span>Relock hatch</span></span></li>\n <li><span><span>Safety Inspection</span></span><br>\n   &nbsp;</li>\n</ol><span>All jobs associated with the CATER are either complete or dropped. Needs cover in place and OPS Safety Inspection.</span><span><span>8596</span></span><span><span>Insulate exposed 110 VAC wiring in the keybank at sector 14 manway.</span></span><span><span>Linac Middle Odd Sector keyA <span><span>in ACR red keysafe </span></span>(except as needed to complete AOSD Linac Middle Interlock Checklist)</span></span><span><span><span><span><span>Work Approved</span></span></span></span></span>\n<ol>\n <li><span><span>RP approval</span></span></li>\n <li><span><span>Person Responsible - K. Jobe</span></span><br>\n   &nbsp;</li>\n</ol><span><span>Needs PPS group to re-energize keybanks, fill in \"Work Complete\" sign-off, then OPS PPS interlock checks for the keybank.</span></span><span><span>8586</span></span><span><span>B913 gas system tubing and cable relocation </span></span><span><span>Disable HXR and SXR BTH Stoppers (ANR)</span></span><span><span>Work Approved</span></span>\n<ol>\n <li><span><span>Work Complete</span></span></li>\n <li><span><span>BCS pre-run checkout</span></span><br>\n   &nbsp;</li>\n</ol><span><span>Work is ongoing.</span></span><span><span>8597</span></span><span><span>Insulate exposed 110 VAC wiring in the key bank at MCC for LINAC EAST.</span></span><span><span>Linac East Odd Sector key in ACR Red Keysafe (except as needed to complete AOSD Linac East Interlock Checklist).</span></span><span><span>Work Approved</span></span>\n<br>\n A\n<ol>\n <li><span><span>RP approval</span></span></li>\n <li><span><span>Person Responsible - K. Jobe</span></span><br>\n   &nbsp;</li>\n</ol><span><span>Needs PPS group to re-energize keybanks, fill in \"Work Complete\" sign-off, then OPS PPS interlock checks for the keybank.</span></span><span>8600</span><span>Replace limit switch bracket for DM60 OUT limit switch to provide for a second switch</span><span>TBD</span><span>Work Not Approved</span><span>TBD</span><span>TBD</span>",
    "lastName": "Smith",
    "firstName": "Howard",
    "userName": "hvs",
    "tags": [],
    "attachments": [],
    "followUps": [],
    "references": [],
    "loggedAt": {
      "$date": "2022-01-15T02:02:34.000Z"
    },
    "eventAt": {
      "$date": "2022-01-15T05:00:00.000Z"
    },
    "version": {
      "$numberLong": "2"
    },
    "_class": "edu.stanford.slac.elog_plus.model.Entry",
    "supersededBy": "653847fd5ec1e72404bf37b0"
  },
  {
    "_id": {
      "$oid": "653847f45ec1e72404bf3726"
    },
    "originId": "MCC_1119290",
    "logbooks": [
      "6536f0b5fbf92e44a767571d"
    ],
    "title": "BSY Subzones (NIT, SIT, NARC, SARC, BTHW searches all complete)",
    "text": "",
    "lastName": "Bisi",
    "firstName": "Derikka",
    "userName": "dabisi",
    "tags": [
      "68acd11d-05a8-45f5-b559-55a8d8833373"
    ],
    "attachments": [],
    "followUps": [],
    "references": [],
    "loggedAt": {
      "$date": "2022-01-15T02:51:13.000Z"
    },
    "eventAt": {
      "$date": "2022-01-15T02:51:13.000Z"
    },
    "version": 0,
    "_class": "edu.stanford.slac.elog_plus.model.Entry"
  },
  {
    "_id": {
      "$oid": "653847f55ec1e72404bf3727"
    },
    "originId": "MCC_1119291",
    "logbooks": [
      "6536f0b5fbf92e44a767571d"
    ],
    "title": "Linac West Interlock Checks Update:",
    "text": "We got through most of the rest of the interlock checks that were not conducted last night. What is left to initially check: All Search resets, housing lights flashing and audible warning alarms Presets: PR-7E, PR-5H, PR-3H Sector 6 Manway Door and Hatch Statuses (the search key from sector 4 was unable to be turned in the keypod, could do this in permitted but I forgot that this was possible) Sector 0: Manway Checks, Keybank checks Left to recheck with new procedural edits: 0/1 boundary gate door checks + SAT Level Checks New CATERS: 154603 154604 154605",
    "lastName": "Garske",
    "firstName": "Maddy",
    "userName": "mwgarske",
    "tags": [],
    "attachments": [],
    "followUps": [],
    "references": [],
    "loggedAt": {
      "$date": "2022-01-15T02:58:01.000Z"
    },
    "eventAt": {
      "$date": "2022-01-15T02:58:01.000Z"
    },
    "version": {
      "$numberLong": "2"
    },
    "_class": "edu.stanford.slac.elog_plus.model.Entry",
    "supersededBy": "653847f75ec1e72404bf3755"
  },
  {
    "_id": {
      "$oid": "653847f55ec1e72404bf3728"
    },
    "originId": "MCC_1119292",
    "logbooks": [
      "6536f0b5fbf92e44a767571d"
    ],
    "title": "Remaining Checks for BSY Search",
    "text": "We left concrete door open since the plug is not in place yet. Still need to do: -Big door interlock checks, as well as vestibule EOs and search. Safety inspection item. -BSY and BTHW warning and flashing lights. -Interior gates mechanically latched.",
    "lastName": "Osman",
    "firstName": "Ahmed",
    "userName": "aosman",
    "tags": [],
    "attachments": [],
    "followUps": [],
    "references": [],
    "loggedAt": {
      "$date": "2022-01-15T04:52:11.000Z"
    },
    "eventAt": {
      "$date": "2022-01-18T15:00:06.000Z"
    },
    "version": 0,
    "_class": "edu.stanford.slac.elog_plus.model.Entry"
  },
  {
    "_id": {
      "$oid": "653847f55ec1e72404bf3729"
    },
    "originId": "MCC_1119293",
    "logbooks": [
      "6536f0b5fbf92e44a767571d"
    ],
    "title": "Completed doable BSY interlock checks and safety inspection.",
    "text": "",
    "lastName": "Osman",
    "firstName": "Ahmed",
    "userName": "aosman",
    "tags": [],
    "attachments": [],
    "followUps": [],
    "references": [],
    "loggedAt": {
      "$date": "2022-01-15T04:52:43.000Z"
    },
    "eventAt": {
      "$date": "2022-01-15T04:52:43.000Z"
    },
    "version": 0,
    "_class": "edu.stanford.slac.elog_plus.model.Entry"
  },
  {
    "_id": {
      "$oid": "653847f55ec1e72404bf372a"
    },
    "originId": "MCC_1119294",
    "logbooks": [
      "6536f0b5fbf92e44a767572a"
    ],
    "title": "All 3 BTS-ACMs tripped at 20:45:10 right after completing 20:45 fill. Reset",
    "text": "",
    "lastName": "Nguyen",
    "firstName": "Thomas",
    "userName": "tnguyen",
    "tags": [],
    "attachments": [],
    "followUps": [],
    "references": [],
    "loggedAt": {
      "$date": "2022-01-15T04:53:28.000Z"
    },
    "eventAt": {
      "$date": "2022-01-15T04:46:36.000Z"
    },
    "version": 0,
    "_class": "edu.stanford.slac.elog_plus.model.Entry"
  },
  {
    "_id": {
      "$oid": "653847f55ec1e72404bf372b"
    },
    "originId": "MCC_1119295",
    "logbooks": [
      "6536f0b5fbf92e44a767572a"
    ],
    "title": "20:50 fill okay, 44mA/min, 94% injecting efficiency",
    "text": "",
    "lastName": "Nguyen",
    "firstName": "Thomas",
    "userName": "tnguyen",
    "tags": [],
    "attachments": [],
    "followUps": [],
    "references": [],
    "loggedAt": {
      "$date": "2022-01-15T04:54:22.000Z"
    },
    "eventAt": {
      "$date": "2022-01-15T04:50:32.000Z"
    },
    "version": {
      "$numberLong": "2"
    },
    "_class": "edu.stanford.slac.elog_plus.model.Entry",
    "supersededBy": "653847f55ec1e72404bf372c"
  },
  {
    "_id": {
      "$oid": "653847f55ec1e72404bf372c"
    },
    "originId": "MCC_1119296",
    "logbooks": [
      "6536f0b5fbf92e44a767572a"
    ],
    "title": "20:50 fill okay, 44mA/min, 94% injecting efficiency. No missed fill",
    "text": "",
    "lastName": "Nguyen",
    "firstName": "Thomas",
    "userName": "tnguyen",
    "tags": [],
    "attachments": [],
    "followUps": [],
    "references": [],
    "loggedAt": {
      "$date": "2022-01-15T04:55:07.000Z"
    },
    "eventAt": {
      "$date": "2022-01-15T04:50:32.000Z"
    },
    "version": 0,
    "_class": "edu.stanford.slac.elog_plus.model.Entry"
  },
  {
    "_id": {
      "$oid": "653847f55ec1e72404bf372d"
    },
    "originId": "MCC_1119297",
    "logbooks": [
      "6536f0b5fbf92e44a767571d"
    ],
    "title": "* Re: Completed doable BSY interlock checks and safety inspection.",
    "text": "",
    "lastName": "Ripman",
    "firstName": "Ben",
    "userName": "bripman",
    "tags": [
      "68acd11d-05a8-45f5-b559-55a8d8833373"
    ],
    "attachments": [],
    "followUps": [],
    "references": [
      "653847f55ec1e72404bf3729"
    ],
    "loggedAt": {
      "$date": "2022-01-15T04:55:26.000Z"
    },
    "eventAt": {
      "$date": "2022-01-18T16:15:00.000Z"
    },
    "version": {
      "$numberLong": "2"
    },
    "_class": "edu.stanford.slac.elog_plus.model.Entry",
    "supersededBy": "653847f55ec1e72404bf372e"
  },
  {
    "_id": {
      "$oid": "653847f55ec1e72404bf372e"
    },
    "originId": "MCC_1119298",
    "logbooks": [
      "6536f0b5fbf92e44a7675742"
    ],
    "title": "* Re: Completed doable BSY interlock checks and safety inspection.",
    "text": "",
    "lastName": "Ripman",
    "firstName": "Ben",
    "userName": "bripman",
    "tags": [
      "de6c5693-3eb3-40d7-9b61-53ff2f56af2b"
    ],
    "attachments": [],
    "followUps": [],
    "references": [
      "653847f55ec1e72404bf3729"
    ],
    "loggedAt": {
      "$date": "2022-01-15T04:55:54.000Z"
    },
    "eventAt": {
      "$date": "2022-01-18T16:15:00.000Z"
    },
    "version": 0,
    "_class": "edu.stanford.slac.elog_plus.model.Entry"
  },
  {
    "_id": {
      "$oid": "653847f55ec1e72404bf372f"
    },
    "originId": "MCC_1119299",
    "logbooks": [
      "6536f0b5fbf92e44a767571d"
    ],
    "title": "ACR shutdown complete, unstaffed until Tuesday morning",
    "text": "",
    "lastName": "Ripman",
    "firstName": "Ben",
    "userName": "bripman",
    "tags": [],
    "attachments": [],
    "followUps": [],
    "references": [],
    "loggedAt": {
      "$date": "2022-01-15T04:56:42.000Z"
    },
    "eventAt": {
      "$date": "2022-01-15T04:56:42.000Z"
    },
    "version": 0,
    "_class": "edu.stanford.slac.elog_plus.model.Entry"
  },
  {
    "_id": {
      "$oid": "653847f55ec1e72404bf3730"
    },
    "originId": "MCC_1119300",
    "logbooks": [
      "6536f0b5fbf92e44a767571d"
    ],
    "title": "Taking credit for SL10, SL30, and DL11 searches remaining intact over the downtime",
    "text": "According to the BSY PPS Logbook, the equipment keys have not been checked out during the downtime and B. Catania also confirmed that there should have been no work done in the enclosures.",
    "lastName": "Bisi",
    "firstName": "Derikka",
    "userName": "dabisi",
    "tags": [
      "68acd11d-05a8-45f5-b559-55a8d8833373"
    ],
    "attachments": [],
    "followUps": [],
    "references": [],
    "loggedAt": {
      "$date": "2022-01-15T05:34:28.000Z"
    },
    "eventAt": {
      "$date": "2022-01-15T05:34:28.000Z"
    },
    "version": 0,
    "_class": "edu.stanford.slac.elog_plus.model.Entry"
  },
  {
    "_id": {
      "$oid": "653847f55ec1e72404bf3731"
    },
    "originId": "MCC_1119301",
    "logbooks": [
      "6536f0b5fbf92e44a767573d"
    ],
    "title": "Swingshift - HRS log",
    "text": "Opened MV86048 connection Secondary to primary return false false 01/14/22 06:35 - Dirk Pflueckhahn - C1 - HRS.UT.SW-Opened MV86048 connection Secondary to primary return Troubleshooting &amp; investigating external purifier temperatures &amp; pressure signals that are not reading correctly. false false 01/14/22 07:30 - Roland Evans - C0 (common) - HRS.UT.EP-Troubleshooting &amp; investigating external purifier temperatures &amp; pressure signals that are not reading correctly. HRS.CS.MC-MP- Disassembly of Mechanical Flow Gauge. Clean out brass valve H2O flow lines. Research possible disassembly of gauge body. Make NCR. false false 01/14/22 07:00 - Kyle Connally - C1 - HRS.CS.MC-HRS.CS.MC-MP- Disassembly of Mechanical Flow Gauge. Clean out brass valve H2O flow lines. Research possible disassembly of gauge body. Make NCR. Backfilled lines A and B to 1.5bara...hold for pressure check over the weekend. false false 01/14/22 08:45 - Greg Shinsato - C0 (common) - HRS.LI.00-Backfilled lines A and B to 1.5bara...hold for pressure check over the weekend. HRS.UT.CW- Make NCR for a Tee and Valve Drain Assembly. If and when the compressors can get drained. This will need to get installed. false false 01/14/22 09:00 - Kyle Connally - C0 (common) - HRS.UT.CW-HRS.UT.CW- Make NCR for a Tee and Valve Drain Assembly. If and when the compressors can get drained. This will need to get installed. While helping Dirk backfill Cooldown line to 1.5bara, we accidently filled MP line to @2.6bara. So we transferred gas into LP line to 1.5bara and Cooldown line to 1.55bara false false 01/14/22 10:10 - Greg Shinsato - C0 (common) - HRS.00.00-While helping Dirk backfill Cooldown line to 1.5bara, we accidently filled MP line to @2.6bara. So we transferred gas into LP line to 1.5bara and Cooldown line to 1.55bara Stopped UCB and LCB vacuum groups to test the secondary cooling water pump issue. 01/14/22 12:43 - Akanksha Apte - C1 - HRS.4K.VG-Stopped UCB and LCB vacuum groups to test the secondary cooling water pump issue. \"Leak checked all new burst disks Leak detector background for all tests 4.5E-6 mbar/l/sec Leak rates: Downstream A = No indicated leak Downstream B = 5.5E-6 mbar/l/sec Upstream A = 9.1E-6 mbar/l/sec Upstream B= No indicated leak Leak checked all other flange connections loosened for installation\" false false \"01/14/22 14:00 - Randy Hollis - C0 (common) - HRS.DB.00-Leak checked all new burst disks Leak detector background for all tests 4.5E-6 mbar/l/sec Leak rates: Downstream A = No indicated leak Downstream B = 5.5E-6 mbar/l/sec Upstream A = 9.1E-6 mbar/l/sec Upstream B= No indicated leak Leak checked all other flange connections loosened for installation\"",
    "lastName": "Peralta",
    "firstName": "Jesse",
    "userName": "jesse",
    "tags": [],
    "attachments": [],
    "followUps": [],
    "references": [],
    "loggedAt": {
      "$date": "2022-01-15T06:13:56.000Z"
    },
    "eventAt": {
      "$date": "2022-01-14T22:30:40.000Z"
    },
    "version": {
      "$numberLong": "2"
    },
    "_class": "edu.stanford.slac.elog_plus.model.Entry",
    "supersededBy": "653847f55ec1e72404bf3737"
  },
  {
    "_id": {
      "$oid": "653847f55ec1e72404bf3732"
    },
    "originId": "MCC_1119302",
    "logbooks": [
      "6536f0b5fbf92e44a7675730"
    ],
    "title": "Shop: completed work on phase control stack S1 A+.",
    "text": "Re-assembled S1 A+. During ops check, discovered right side top driver card had a bad secondary. Removed top right side driver card and installed new card. Stack ops check good. 35.9 KVDC self-fire. Begain work on S2 C-. All gate drive HV components measure good. Will continue work tomorrow.",
    "lastName": "Jenks",
    "firstName": "Stephen",
    "userName": "saj",
    "tags": [],
    "attachments": [],
    "followUps": [],
    "references": [],
    "loggedAt": {
      "$date": "2022-01-15T06:51:14.000Z"
    },
    "eventAt": {
      "$date": "2022-01-15T06:51:14.000Z"
    },
    "version": 0,
    "_class": "edu.stanford.slac.elog_plus.model.Entry"
  },
  {
    "_id": {
      "$oid": "653847f55ec1e72404bf3733"
    },
    "originId": "MCC_1119303",
    "logbooks": [
      "6536f0b5fbf92e44a767572a"
    ],
    "title": "Shift summary: Friday swing",
    "text": "SUMMARY: User beam all shift. No missed fill or beam loss. INJECTOR: Autofill, average fill rate 44mA/min, 94% injection efficiency. All 3 BTS ACMs tripped once between fills; reset. SPEAR: 500mA stored beam with top-up fills every 5 minutes.",
    "lastName": "Nguyen",
    "firstName": "Thomas",
    "userName": "tnguyen",
    "tags": [],
    "attachments": [],
    "followUps": [],
    "references": [],
    "loggedAt": {
      "$date": "2022-01-15T07:50:59.000Z"
    },
    "eventAt": {
      "$date": "2022-01-15T07:45:00.000Z"
    },
    "version": 0,
    "_class": "edu.stanford.slac.elog_plus.model.Entry"
  },
  {
    "_id": {
      "$oid": "653847f55ec1e72404bf3734"
    },
    "originId": "MCC_1119304",
    "logbooks": [
      "6536f0b5fbf92e44a767572a"
    ],
    "title": "Shift Start, Sat, 15 Jan 2022, Owl.",
    "text": "Program User Beams Injector Autofill is running, fill rate is near 45mA/min. SPEAR BEAMS, 3GeV, 7nm lattice, 500mA. BLs All BLs are open; except BL-17 is shut.",
    "lastName": "Hoover",
    "firstName": "Chris",
    "userName": "hoover",
    "tags": [],
    "attachments": [],
    "followUps": [],
    "references": [],
    "loggedAt": {
      "$date": "2022-01-15T07:54:41.000Z"
    },
    "eventAt": {
      "$date": "2022-01-15T07:45:56.000Z"
    },
    "version": 0,
    "_class": "edu.stanford.slac.elog_plus.model.Entry"
  },
  {
    "_id": {
      "$oid": "653847f55ec1e72404bf3735"
    },
    "originId": "MCC_1119305",
    "logbooks": [
      "6536f0b5fbf92e44a767573d"
    ],
    "title": "Swing Shift - HRS Log",
    "text": "\"01/14/22 22:30 - Jesse Peralta - C1 - HRS..-HRS. SCWS 1) Worked on Layout for adding Isolation valves to Hot side of Plate &amp; Frame HTX on secondary water loop filter skid - Located 2 - 2\" Jamesburry Valves - Staged the Box wrench and socket wrench for separation of HTX plates (1 5/8\") - marked 2\" SS pipe for cut and modifying the inlet and outlet of Hot side of HTX 2) Research cleaning solutions for flushing and cleaning of HTX in place and if separated\" 01/14/22 18:10 - Mike Stivala - C2 - HRS.CS.CW-C2-FL21460 (C2-CMP214 H2O flow gauge) observed to have gathered condensation on inside of lens and reading incorrectly. Gauge may be defective or damaged. 01/14/22 18:00 - Mike Stivala - C0 (common) - HRS.AX.RC-Recovery compressor controls (for both compressors) reset in order to energize oil sump heaters. Controls must be reset each time the recovery compressors are shut down. 01/14/22 17:45 - Roland Evans - C0 (common) - HRS.UT.EP-I found a total of 7 signals on the purifier system that had wiring problems. I found 5 analog input channels wired incorrectly TP73224H, PT73262, TP73124H, TP73112, TP73212. They were wired for rack power instead of field power. I found 2 analog input channels TP73224H, TP73212 that were occupied by incorrect transmitters. I tested each channel bacK to EPICS. They are all correct. I also move the LN2 liquid level back to it's original location on the same card. it seems with all of the miswiring on this one card, it caused the level to read incorrectly. These analog input cards share resources so a miswiring can cause other channels to read oddly or not work at all. \"01/14/22 17:18 - Dayne Robinson - C0 (common) - HRS.UT.SW-Corrected Field Wiring for Purifier 1 Nitrogen Boiler Liquid Level Did a download of updated C-UTIL-PLC Code. Reassigned Analog Input Channel for Purifier 1 Nitrogen Boiler Liquid Level from R2S6C2 to R2S5C6\" \"01/14/22 16:20 - Akanksha Apte - C1 - HRS.UT.CW-- Performed bunch of tests on SCW system by isolating each side of primary water with no luck. No good explaination available yet. - With no flow on primary water side of HX and SCW pump running, we see ~0 bar DP. - With nominal flow on Primary water side of HX and SCW pump running we see same spike as reported by Dirk before. - Roland checked the pressure transmitters on Primary water across the HX and they seem to be working fine and are showing real pressure readings. - 1 SCW pump is running. - LCB and UCB vacuum groups are left in Stop condition.\" \"01/14/22 16:05 - Dayne Robinson - C0 (common) - HRS.UT.HD-Swapped Analog Input Cards on Utility PLC while Troubleshooting Purifier Signals. Corrected Field Wiring\"",
    "lastName": "DeGraff",
    "firstName": "Tim",
    "userName": "degraff",
    "tags": [],
    "attachments": [],
    "followUps": [],
    "references": [],
    "loggedAt": {
      "$date": "2022-01-15T07:57:16.000Z"
    },
    "eventAt": {
      "$date": "2022-01-15T06:30:00.000Z"
    },
    "version": 0,
    "_class": "edu.stanford.slac.elog_plus.model.Entry"
  },
  {
    "_id": {
      "$oid": "653847f55ec1e72404bf3737"
    },
    "originId": "MCC_1119306",
    "logbooks": [
      "6536f0b5fbf92e44a767573d"
    ],
    "title": "Day Shift - HRS log",
    "text": "\"01/14/22 14:00 - Randy Hollis - C0 (common) - HRS.DB.00-Leak checked all new burst disks Leak detector background for all tests 4.5E-6 mbar/l/sec Leak rates: Downstream A = No indicated leak Downstream B = 5.5E-6 mbar/l/sec Upstream A = 9.1E-6 mbar/l/sec Upstream B= No indicated leak Leak checked all other flange connections loosened for installation\" 01/14/22 12:43 - Akanksha Apte - C1 - HRS.4K.VG-Stopped UCB and LCB vacuum groups to test the secondary cooling water pump issue. 01/14/22 10:10 - Greg Shinsato - C0 (common) - HRS.00.00-While helping Dirk backfill Cooldown line to 1.5bara, we accidently filled MP line to @2.6bara. So we transferred gas into LP line to 1.5bara and Cooldown line to 1.55bara 01/14/22 09:00 - Kyle Connally - C0 (common) - HRS.UT.CW-HRS.UT.CW- Make NCR for a Tee and Valve Drain Assembly. If and when the compressors can get drained. This will need to get installed. 01/14/22 08:45 - Greg Shinsato - C0 (common) - HRS.LI.00-Backfilled lines A and B to 1.5bara...hold for pressure check over the weekend. 01/14/22 07:30 - Roland Evans - C0 (common) - HRS.UT.EP-Troubleshooting &amp; investigating external purifier temperatures &amp; pressure signals that are not reading correctly. 01/14/22 07:00 - Kyle Connally - C1 - HRS.CS.MC-HRS.CS.MC-MP- Disassembly of Mechanical Flow Gauge. Clean out brass valve H2O flow lines. Research possible disassembly of gauge body. Make NCR. 01/14/22 06:35 - Dirk Pflueckhahn - C1 - HRS.UT.SW-Opened MV86048 connection Secondary to primary return",
    "lastName": "DeGraff",
    "firstName": "Tim",
    "userName": "degraff",
    "tags": [],
    "attachments": [
      "653847f55ec1e72404bf3736"
    ],
    "followUps": [],
    "references": [],
    "loggedAt": {
      "$date": "2022-01-15T08:00:54.000Z"
    },
    "eventAt": {
      "$date": "2022-01-14T22:30:00.000Z"
    },
    "version": 0,
    "_class": "edu.stanford.slac.elog_plus.model.Entry"
  },
  {
    "_id": {
      "$oid": "653847f65ec1e72404bf3739"
    },
    "originId": "MCC_1119307",
    "logbooks": [
      "6536f0b5fbf92e44a767573d"
    ],
    "title": "Owl Shift - HRS Log",
    "text": "\"01/14/22 05:00 - Tim DeGraff - C0 (common) - HRS.ST.LN-Closed LN2 LOTO #33. LOTO Spreadsheet updated. Closed paperwork uploaded to SharePoint. https://slac.sharepoint.com/:f:/r/sites/lcls/lcls-2/cryogenic/cryop/A-%20PROJECT%20DOCUMENTATION/22-LO/033_HRS.ST.LN-LO-LN2%20Distribution%20System?csf=1&amp;web=1&amp;e=iCHn3w\" 01/14/22 04:00 - Tim DeGraff - C0 (common) - HRS.DB.VG-Possible issue with vacuum skid pressure readout on both DB. DB VJ is in the 1e-6bar range. Pressure between turbo and roughing pump in 1e-8bar range. 1e-8 range seems way better than the ultimate of the rotary vain roughing pump normally is. Also, unless during startup pumpdown or with extreme backing pump, the pressure at the inlet to the turbo pump normally operates lower than the exhaust pressure. Possible calibration/readback issue on pressure gauge. Please check with Controls Group about this issue. \"01/14/22 02:00 - Tim DeGraff - C1 - HRS.4K.00-Gathered hardware and generated draft procedure for removing LT22195A and fix the leak on the CF flange. Procedure has been uploaded to SharePoint: https://slac.sharepoint.com/:f:/r/sites/lcls/lcls-2/cryogenic/cryop/A-%20PROJECT%20DOCUMENTATION/13-OM/HRS.00.00-OM-SLAC-4k%20CB%20LHe%20SubCooler%20Level%20Probe%20Extraction?csf=1&amp;web=1&amp;e=3bKVNa\"",
    "lastName": "DeGraff",
    "firstName": "Tim",
    "userName": "degraff",
    "tags": [],
    "attachments": [
      "653847f55ec1e72404bf3738"
    ],
    "followUps": [],
    "references": [],
    "loggedAt": {
      "$date": "2022-01-15T08:03:20.000Z"
    },
    "eventAt": {
      "$date": "2022-01-14T14:30:00.000Z"
    },
    "version": 0,
    "_class": "edu.stanford.slac.elog_plus.model.Entry"
  },
  {
    "_id": {
      "$oid": "653847f65ec1e72404bf373a"
    },
    "originId": "MCC_1119308",
    "logbooks": [
      "6536f0b5fbf92e44a767571d"
    ],
    "title": "Daily BCS Checks - 1/15/2022 - Failed",
    "text": "LCLS BCS checks performed using the 4/29/2021 version of the checklist. [Passed] LI28 --&gt; Summary Chassis --&gt; LI28 PIC GAS PS1 Currently ACTIVE, must not be BYPASS. [Passed] LI28 --&gt; Summary Chassis --&gt; LI28 PIC GAS PS2 Currently ACTIVE, must not be BYPASS. [Passed] LI28 --&gt; PIC Chassis --&gt; IC 951 Status Currently ACTIVE, must not be BYPASS. [Passed] LI28 --&gt; PIC Chassis --&gt; IC 961 Status Currently ACTIVE, must not be BYPASS. [Passed] LI24 --&gt; Summary Chassis --&gt; PIC Summary #1 Currently ACTIVE, must not be BYPASS. [Passed] LI24 --&gt; Summary Chassis --&gt; PIC Summary #2 Currently ACTIVE, must not be BYPASS. [Passed] LI24 --&gt; Summary Chassis --&gt; LION Gas Pressure #1 Currently ACTIVE, must not be BYPASS. [Passed] LI24 --&gt; Summary Chassis --&gt; LION Gas Pressure #2 Currently ACTIVE, must not be BYPASS. [Passed] LI24 --&gt; PIC Chassis --&gt; CH01: BC2LION-1N Currently ACTIVE, must not be BYPASS. [Passed] LI24 --&gt; PIC Chassis --&gt; CH02: BC2LION-1S Currently ACTIVE, must not be BYPASS. [Passed] LCLS Injector --&gt; Summary Chassis --&gt; CH01: PIC Summary #1 Currently ACTIVE, must not be BYPASS. [Passed] LCLS Injector --&gt; Summary Chassis --&gt; CH02: PIC Summary #2 Currently ACTIVE, must not be BYPASS. [Passed] LCLS Injector --&gt; Summary Chassis --&gt; CH03: Dump Flow Switch Currently ACTIVE, must not be BYPASS. [Passed] LCLS Injector --&gt; Summary Chassis --&gt; CH04: Dump Flow Switch Currently ACTIVE, must not be BYPASS. [Passed] LCLS Injector --&gt; Summary Chassis --&gt; CH05: LION Gas Pres #1 Currently ACTIVE, must not be BYPASS. [Passed] LCLS Injector --&gt; Summary Chassis --&gt; CH06: LION Gas Pres #2 Currently ACTIVE, must not be BYPASS. [Passed] LCLS Injector --&gt; PIC Chassis --&gt; INJLION-1N Currently ACTIVE, must not be BYPASS. [Passed] LCLS Injector --&gt; PIC Chassis --&gt; INJLION-1S Currently ACTIVE, must not be BYPASS. [Passed] LCLS Injector --&gt; PIC Chassis --&gt; BC1LION-1N Currently ACTIVE, must not be BYPASS. [Passed] LCLS Injector --&gt; PIC Chassis --&gt; BC1LION-1S Currently ACTIVE, must not be BYPASS. [Passed] B136 / B005 --&gt; DTC --&gt; DTC CH1: BLRCUS (active/inactive) Currently ACTIVE, must not be BYPASS. [Passed] B136 / B005 --&gt; DTC --&gt; DTC CH3: BRCUS1 (active/inactive) Currently ACTIVE, must not be BYPASS. [Passed] B136 / B005 --&gt; Digital Summary Chassis 2 --&gt; CH01: R119B PIC SUM1 Currently ACTIVE, must not be BYPASS. [Passed] B136 / B005 --&gt; Digital Summary Chassis 2 --&gt; CH02: R119B PIC SUM2 Currently ACTIVE, must not be BYPASS. [Passed] B136 / B005 --&gt; Digital Summary Chassis 2 --&gt; CH03: R119C PIC SUM1 Currently ACTIVE, must not be BYPASS. [Passed] B136 / B005 --&gt; Digital Summary Chassis 2 --&gt; CH04: R119C PIC SUM2 Currently ACTIVE, must not be BYPASS. [Passed] B136 / B005 --&gt; Digital Summary Chassis 2 --&gt; CH05: R119D PIC SUM1 Currently ACTIVE, must not be BYPASS. [Passed] B136 / B005 --&gt; Digital Summary Chassis 2 --&gt; CH06: R119D PIC SUM2 Currently ACTIVE, must not be BYPASS. [Passed] B136 / B005 --&gt; Digital Summary Chassis 2 --&gt; CH09: 136 DTC SUM1 Currently ACTIVE, must not be BYPASS. [Passed] B136 / B005 --&gt; Digital Summary Chassis 2 --&gt; CH10: 136 DTC SUM2 Currently ACTIVE, must not be BYPASS. [Passed] B136 / B005 --&gt; Digital Summary Chassis 2 --&gt; CH11: 005 DTC SUM1 Currently ACTIVE, must not be BYPASS. [Passed] B136 / B005 --&gt; Digital Summary Chassis 2 --&gt; CH12: 005 DTC SUM2 Currently ACTIVE, must not be BYPASS. [Passed] B136 / B005 --&gt; Digital Summary Chassis 2 --&gt; CH13: 005 PPS1-BCS Currently ACTIVE, must not be BYPASS. [Passed] B136 / B005 --&gt; Digital Summary Chassis 2 --&gt; CH14: 005 PPS2-BCS Currently ACTIVE, must not be BYPASS. [Passed] B136 / B005 --&gt; Digital Summary Chassis 1 --&gt; CH01: D2 FS1 Currently ACTIVE, must not be BYPASS. [Passed] B136 / B005 --&gt; Digital Summary Chassis 1 --&gt; CH02: D2 FS2 Currently ACTIVE, must not be BYPASS. [Passed] B136 / B005 --&gt; Digital Summary Chassis 1 --&gt; CH03: ST CLTS FS1 Currently ACTIVE, must not be BYPASS. [Passed] B136 / B005 --&gt; Digital Summary Chassis 1 --&gt; CH04: ST CLTS FS2 Currently ACTIVE, must not be BYPASS. [Passed] B136 / B005 --&gt; Digital Summary Chassis 1 --&gt; CH07: BSY PIC GAS PS1 Currently ACTIVE, must not be BYPASS. [Passed] B136 / B005 --&gt; Digital Summary Chassis 1 --&gt; CH08: BSY PIC GAS PS2 Currently ACTIVE, must not be BYPASS. [Passed] B911 --&gt; Bypass and Summary Chassis #1 --&gt; CH01: PIC Summary #1 Currently ACTIVE, must not be BYPASS. [Passed] B911 --&gt; Bypass and Summary Chassis #1 --&gt; CH02: PIC Summary #2 Currently ACTIVE, must not be BYPASS. [Passed] B911 --&gt; Bypass and Summary Chassis #1 --&gt; CH07: BTHW Summary #1 Currently ACTIVE, must not be BYPASS. [Passed] B911 --&gt; Bypass and Summary Chassis #1 --&gt; CH08: BTHW Summary #2 Currently ACTIVE, must not be BYPASS. [Passed] B911 --&gt; Bypass and Summary Chassis #2 (BTHW) --&gt; CH1: PIC Summary #1 Currently ACTIVE, must not be BYPASS. [Passed] B911 --&gt; Bypass and Summary Chassis #2 (BTHW) --&gt; CH2: PIC Summary #2 Currently ACTIVE, must not be BYPASS. [Passed] B911 --&gt; Bypass and Summary Chassis #2 (BTHW) --&gt; CH3: DTC Summary #1 Currently ACTIVE, must not be BYPASS. [Passed] B911 --&gt; Bypass and Summary Chassis #2 (BTHW) --&gt; CH4: DTC Summary #2 Currently ACTIVE, must not be BYPASS. [Passed] B911 --&gt; PIC Chassis 1 --&gt; CH1: LTU-LION-1N Currently ACTIVE, must not be BYPASS. [Passed] B911 --&gt; PIC Chassis 1 --&gt; CH2: LTU-LION-1S Currently ACTIVE, must not be BYPASS. [Passed] B911 --&gt; PIC Chassis 1 --&gt; CH3: LTU-LION-2N Currently ACTIVE, must not be BYPASS. [Passed] B911 --&gt; PIC Chassis 1 --&gt; CH4: LTU-LION-2S Currently ACTIVE, must not be BYPASS. [Passed] B911 --&gt; PIC Chassis 1 --&gt; CH5: LTU-LION-3N Currently ACTIVE, must not be BYPASS. [Passed] B911 --&gt; PIC Chassis 1 --&gt; CH6: LTU-LION-3S Currently ACTIVE, must not be BYPASS. [Passed] B911 --&gt; PIC Chassis 1 --&gt; CH9: LTU-PIC-BTM22-IC1 Currently ACTIVE, must not be BYPASS. [Passed] B911 --&gt; PIC Chassis 1 --&gt; CH10: LTU-PIC-BTM42-IC1 Currently ACTIVE, must not be BYPASS. [Passed] B911 --&gt; PIC Chassis 2 --&gt; CH01: PIC-BTM1-IC1 Currently ACTIVE, must not be BYPASS. [Passed] B911 --&gt; PIC Chassis 2 --&gt; CH02: PIC-BTM01B-IC1 Currently ACTIVE, must not be BYPASS. [Passed] B911 --&gt; PIC Chassis 2 --&gt; CH03: PIC-BTM2-IC1 Currently ACTIVE, must not be BYPASS. [Passed] B911 --&gt; PIC Chassis 2 --&gt; CH05: PIC-BTM3-IC1 Currently ACTIVE, must not be BYPASS. [Passed] B911 --&gt; PIC Chassis 2 --&gt; CH06: PIC-BTM03B-IC1 Currently ACTIVE, must not be BYPASS. [Passed] B911 --&gt; PIC Chassis 2 --&gt; CH07: PIC-BTM4-IC1 Currently ACTIVE, must not be BYPASS. [Passed] B911 --&gt; PIC Chassis 2 --&gt; CH08: PIC-BTM04B-IC1 Currently ACTIVE, must not be BYPASS. [Passed] B911 --&gt; PIC Chassis 2 --&gt; CH09: PIC-TDUND-IC1 Currently ACTIVE, must not be BYPASS. [Passed] B911 --&gt; DTC --&gt; CH1: BYD1 (active/inactive) Currently ACTIVE, must not be BYPASS. [Passed] B911 --&gt; DTC --&gt; CH2: BYD1 (redundant) (active/inactive) Currently ACTIVE, must not be BYPASS. [Passed] B911 --&gt; DTC --&gt; CH3: BY1B (active/inactive) Currently ACTIVE, must not be BYPASS. [Passed] B911 --&gt; DTC --&gt; CH4: BYD1B (active/inactive) Currently ACTIVE, must not be BYPASS. [Passed] B913 --&gt; Digital Summary Chassis #1 --&gt; CH01: PIC SUM #1 Currently ACTIVE, must not be BYPASS. [Passed] B913 --&gt; Digital Summary Chassis #1 --&gt; CH02: PIC SUM #2 Currently ACTIVE, must not be BYPASS. [Passed] B913 --&gt; Digital Summary Chassis #1 --&gt; CH03: LION GAS PSW #1 Currently ACTIVE, must not be BYPASS. [Passed] B913 --&gt; Digital Summary Chassis #1 --&gt; CH04: LION GAS PSW #2 Currently ACTIVE, must not be BYPASS. [Passed] B913 --&gt; Digital Summary Chassis #1 --&gt; CH05: PIC GAS PSW #1 Currently ACTIVE, must not be BYPASS. [Passed] B913 --&gt; Digital Summary Chassis #1 --&gt; CH06: PIC GAS PSW #2 Currently ACTIVE, must not be BYPASS. [Passed] B913 --&gt; PIC Chassis #1 --&gt; CH01: LTU LION-4N Currently ACTIVE, must not be BYPASS. [Passed] B913 --&gt; PIC Chassis #1 --&gt; CH02: LTU LION-4S Currently ACTIVE, must not be BYPASS. [Passed] B913 --&gt; PIC Chassis #1 --&gt; CH03: LTU LION-5N Currently ACTIVE, must not be BYPASS. [Passed] B913 --&gt; PIC Chassis #1 --&gt; CH04: LTU LION-5S Currently ACTIVE, must not be BYPASS. [Passed] B913 --&gt; PIC Chassis #1 --&gt; CH05: LTU LION-6N Currently ACTIVE, must not be BYPASS. [Passed] B913 --&gt; PIC Chassis #1 --&gt; CH06: LTU LION-6S Currently ACTIVE, must not be BYPASS. [Passed] B913 --&gt; PIC Chassis #1 --&gt; CH07: LTU LION-7N Currently ACTIVE, must not be BYPASS. [Passed] B913 --&gt; PIC Chassis #1 --&gt; CH08: LTU LION-7S Currently ACTIVE, must not be BYPASS. [Passed] B913 --&gt; PIC Chassis #1 --&gt; CH10: PIC-TDUNDB-IC1 Currently ACTIVE, must not be BYPASS. [Passed] B921 --&gt; PICS --&gt; DUMP PIC Chassis #1 --&gt; CH01: PIC-BTMQUE/PCPM0-IC1 Currently ACTIVE, must not be BYPASS. [Passed] B921 --&gt; PICS --&gt; DUMP PIC Chassis #1 --&gt; CH03: PIC-PCPM1-IC1 Currently ACTIVE, must not be BYPASS. [Passed] B921 --&gt; PICS --&gt; DUMP PIC Chassis #1 --&gt; CH04: PIC-PCPM1B-IC1 Currently ACTIVE, must not be BYPASS. [Passed] B921 --&gt; PICS --&gt; DUMP PIC Chassis #1 --&gt; CH05: PIC-PCPM2-IC1 Currently ACTIVE, must not be BYPASS. [Passed] B921 --&gt; PICS --&gt; DUMP PIC Chassis #1 --&gt; CH06: PIC-PCPM2B-IC1 Currently ACTIVE, must not be BYPASS. [Passed] B921 --&gt; PICS --&gt; DUMP PIC Chassis #1 --&gt; CH07: PIC-BYD-IC1 Currently ACTIVE, must not be BYPASS. [Passed] B921 --&gt; PICS --&gt; DUMP PIC Chassis #1 --&gt; CH08: PIC-BYDB-IC1 Currently ACTIVE, must not be BYPASS. [Passed] B921 --&gt; PICS --&gt; DUMP PIC Chassis #1 --&gt; CH010: PIC-BTMQUEB/PCPM0B-IC1 Currently ACTIVE, must not be BYPASS. [Passed] B921 --&gt; PICS --&gt; DUMP PIC Chassis #2 --&gt; CH01: PIC-PCPM3-IC1 Currently ACTIVE, must not be BYPASS. [Passed] B921 --&gt; PICS --&gt; DUMP PIC Chassis #2 --&gt; CH02: PIC-PCPM3B-IC1 Currently ACTIVE, must not be BYPASS. [Passed] B921 --&gt; PICS --&gt; DUMP PIC Chassis #2 --&gt; CH03: PIC-PCTCX-IC1 Currently ACTIVE, must not be BYPASS. [Passed] B921 --&gt; PICS --&gt; DUMP PIC Chassis #2 --&gt; CH05: PIC-SFTDMP-IC1 Currently ACTIVE, must not be BYPASS. [Passed] B921 --&gt; PICS --&gt; DUMP PIC Chassis #2 --&gt; CH06: PIC-SFTDMPB-IC1 Currently ACTIVE, must not be BYPASS. [Passed] B921 --&gt; DTC --&gt; DTC1 CH1: BYDSS (active/inactive) Currently ACTIVE, must not be BYPASS. [Passed] B921 --&gt; DTC --&gt; DTC1 CH2: BYDSH (active/inactive) Currently ACTIVE, must not be BYPASS. [Passed] B921 --&gt; Digital Summary Chassis --&gt; CH1: DTC SUM1 Currently ACTIVE, must not be BYPASS. [Passed] B921 --&gt; Digital Summary Chassis --&gt; CH2: DTC SUM2 Currently ACTIVE, must not be BYPASS. [Passed] B921 --&gt; Digital Summary Chassis --&gt; CH3: ND1S Currently ACTIVE, must not be BYPASS. [Passed] B921 --&gt; Digital Summary Chassis --&gt; CH4: ND1H Currently ACTIVE, must not be BYPASS. [Passed] B921 --&gt; Digital Summary Chassis --&gt; CH5: ND2S Currently ACTIVE, must not be BYPASS. [Passed] B921 --&gt; Digital Summary Chassis --&gt; CH9: PIC SUM1 Currently ACTIVE, must not be BYPASS. [Passed] B921 --&gt; Digital Summary Chassis --&gt; CH10: PIC SUM2 Currently ACTIVE, must not be BYPASS. [Passed] B921 --&gt; Digital Summary Chassis --&gt; CH11: EDMP FS1 Currently ACTIVE, must not be BYPASS. [Passed] B921 --&gt; Digital Summary Chassis --&gt; CH12: EDMP FS2 Currently ACTIVE, must not be BYPASS. [Passed] B921 --&gt; Digital Summary Chassis --&gt; CH13: VAT SUM1 Currently ACTIVE, must not be BYPASS. [Passed] B921 --&gt; Digital Summary Chassis --&gt; CH14: VAT SUM2 Currently ACTIVE, must not be BYPASS. [Passed] B921 --&gt; Digital Summary Chassis --&gt; CH15: VAT SUM3 Currently ACTIVE, must not be BYPASS. [Passed] B921 --&gt; Digital Summary Chassis --&gt; CH16: VAT SUM4 Currently ACTIVE, must not be BYPASS. *** ST950/960 status is IN *** [Passed] LI28 --&gt; Summary Chassis --&gt; CH01: PIC Summary 1 Currently ACTIVE, must not be BYPASS. [Passed] LI28 --&gt; Summary Chassis --&gt; CH02: PIC Summary 2 Currently ACTIVE, must not be BYPASS. [Passed] LI28 --&gt; Summary Chassis --&gt; CH03: ST950 Flwswch 1 Currently ACTIVE, must not be BYPASS. [Passed] LI28 --&gt; Summary Chassis --&gt; CH04: ST950 Flwswch 2 Currently ACTIVE, must not be BYPASS. [Passed] LI28 --&gt; Summary Chassis --&gt; CH05: ST960 Flwswch 1 Currently ACTIVE, must not be BYPASS. [Passed] LI28 --&gt; Summary Chassis --&gt; CH06: ST960 Flwswch 2 Currently ACTIVE, must not be BYPASS. [Failed] B136 / B005 --&gt; DTC --&gt; B136 --&gt; DTC CH1: BLRCUS (low trip) Currently at 6.65430685893, must be 6.55 +/- 0.01 [Failed] B136 / B005 --&gt; DTC --&gt; B136 --&gt; DTC CH1: BLRCUS (high trip) Currently at 7.9284351873, must be 7.78 +/- 0.01 [Failed] B136 / B005 --&gt; DTC --&gt; B136 --&gt; DTC CH3: BRCUS1 (low trip) Currently at 6.6918440528, must be 6.6 +/- 0.01 [Failed] B136 / B005 --&gt; DTC --&gt; B136 --&gt; DTC CH3: BRCUS1 (high trip) Currently at 8.01510643168, must be 7.92 +/- 0.01 [Passed] B136 / B005 --&gt; DTC --&gt; B005 --&gt; DTC1 CH1: BY1-BY2 (low trip) Currently at 6.17914091707, must be 6.17 +/- 0.01 [Failed] B136 / B005 --&gt; DTC --&gt; B005 --&gt; DTC1 CH1: BY1-BY2 (high trip) Currently at 7.06263828489, must be 7.09 +/- 0.01 [Passed] B911 --&gt; DTC --&gt; DTC1 CH1: BYD1 (low trip) Currently at 6.4553292134, must be 6.45 +/- 0.01 [Passed] B911 --&gt; DTC --&gt; DTC1 CH1: BYD1 (high trip) Currently at 8.43045700771, must be 8.43 +/- 0.01 [Passed] B911 --&gt; DTC --&gt; DTC1 CH2: BYD1 (redundant) (low trip) Currently at 6.56183718624, must be 6.56 +/- 0.01 [Passed] B911 --&gt; DTC --&gt; DTC1 CH2: BYD1 (redundant) (high trip) Currently at 8.47653925383, must be 8.47 +/- 0.01 [Passed] B911 --&gt; DTC --&gt; DTC1 CH3: BY1B (low trip) Currently at 6.2743572137, must be 6.27 +/- 0.01 [Passed] B911 --&gt; DTC --&gt; DTC1 CH3: BY1B (high trip) Currently at 6.7006942855, must be 6.7 +/- 0.01 [Passed] B911 --&gt; DTC --&gt; DTC1 CH4: BYD1B (low trip) Currently at 6.85725185016, must be 6.86 +/- 0.01 [Passed] B911 --&gt; DTC --&gt; DTC1 CH4: BYD1B (high trip) Currently at 8.81376363775, must be 8.81 +/- 0.01 [Passed] B921 --&gt; DTC --&gt; DTC1 CH1: BYDSS (low trip) Currently at 6.20874341955, must be 6.21 +/- 0.01 [Passed] B921 --&gt; DTC --&gt; DTC1 CH1: BYDSS (high trip) Currently at 6.79957274739, must be 6.8 +/- 0.01 [Passed] B921 --&gt; DTC --&gt; DTC1 CH2: BYDSH (low trip) Currently at 6.16937514305, must be 6.17 +/- 0.01 [Passed] B921 --&gt; DTC --&gt; DTC1 CH2: BYDSH (high trip) Currently at 7.25856412604, must be 7.26 +/- 0.01 [Passed] B136 / B005 --&gt; R119B PICs --&gt; CH01: PCBSY4-IC1 Currently ACTIVE, must not be BYPASS. [Passed] B136 / B005 --&gt; R119B PICs --&gt; CH02: PCBSY5-IC1 Currently ACTIVE, must not be BYPASS. [Passed] B136 / B005 --&gt; R119B PICs --&gt; CH04: ST34B-IC1 Currently ACTIVE, must not be BYPASS. [Passed] B136 / B005 --&gt; R119B PICs --&gt; CH05: PCBP33-IC1 Currently ACTIVE, must not be BYPASS. [Passed] B136 / B005 --&gt; R119B PICs --&gt; CH08: ST60-IC1 Currently ACTIVE, must not be BYPASS. [Passed] B136 / B005 --&gt; R119C PICs --&gt; CH07: BLRCUS-IC1 Currently ACTIVE, must not be BYPASS. [Passed] B136 / B005 --&gt; R119C PICs --&gt; CH08: ST61-IC1 Currently ACTIVE, must not be BYPASS. [Passed] B136 / B005 --&gt; R119C PICs --&gt; CH10: PCSP3S-IC1 Currently ACTIVE, must not be BYPASS. [Passed] B136 / B005 --&gt; R119D PICs --&gt; CH01: PCSP4S-IC1 Currently ACTIVE, must not be BYPASS. [Passed] B136 / B005 --&gt; R119D PICs --&gt; CH05: STCLTS-IC1 Currently ACTIVE, must not be BYPASS. [Passed] B136 / B005 --&gt; R119D PICs --&gt; CH07: ST34A-IC1 Currently ACTIVE, must not be BYPASS. [Passed] B136 / B005 --&gt; R119D PICs --&gt; CH10: D2-IC1 Currently ACTIVE, must not be BYPASS. *** D2 stopper status is IN *** *** ST34 stopper status is IN *** *** STCLTS stopper status is IN *** [Passed] B136 / B005 --&gt; DTC --&gt; B005 --&gt; DTC1 CH1: BY1-BY2 (active/inactive) Currently BYPASS, must not be ACTIVE. LCLS BCS checks failed. FACET BCS checks performed using the 3/1/2021 version of the checklist. [Passed] LI20 --&gt; PIC Summary 1 Currently ACTIVE, must not be BYPASS. [Passed] LI20 --&gt; PIC Summary 2 Currently ACTIVE, must not be BYPASS. [Passed] LI20 --&gt; LION Gas Pressure Switch 1 Currently ACTIVE, must not be BYPASS. [Passed] LI20 --&gt; LION Gas Pressure Switch 2 Currently ACTIVE, must not be BYPASS. [Passed] LI20 --&gt; PIC Gas Pressure Switch 1 Currently ACTIVE, must not be BYPASS. [Passed] LI20 --&gt; PIC Gas Pressure Switch 2 Currently ACTIVE, must not be BYPASS. [Passed] LI20 --&gt; FACET-II Dump Flow Switch 1 Currently ACTIVE, must not be BYPASS. [Passed] LI20 --&gt; FACET-II Dump Flow Switch 2 Currently ACTIVE, must not be BYPASS. [Passed] LI20 --&gt; B1 Dump Flow Switch 1 Currently ACTIVE, must not be BYPASS. [Passed] LI20 --&gt; B1 Dump Flow Switch 2 Currently ACTIVE, must not be BYPASS. [Passed] LI20 --&gt; LI19 LION 1N Currently OK, must not be BYPASS. [Passed] LI20 --&gt; LI19 LION 1S Currently OK, must not be BYPASS. [Passed] LI20 --&gt; LI19 LION 2N Currently OK, must not be BYPASS. [Passed] LI20 --&gt; LI19 LION 2S Currently OK, must not be BYPASS. [Passed] LI20 --&gt; LI19 LION 3N Currently OK, must not be BYPASS. [Passed] LI20 --&gt; LI19 LION 3S Currently OK, must not be BYPASS. [Passed] LI20 --&gt; SCAVEXT-LION-1N Currently OK, must not be BYPASS. [Passed] LI20 --&gt; SCAVEXT-LION-1S Currently OK, must not be BYPASS. [Passed] LI20 --&gt; FDMP-IC1 Currently OK, must not be BYPASS. [Passed] LI20 --&gt; FDMP-IC2 Currently OK, must not be BYPASS. FACET BCS checks successful.",
    "lastName": "Physics",
    "userName": "physics",
    "tags": [],
    "attachments": [],
    "followUps": [],
    "references": [],
    "loggedAt": {
      "$date": "2022-01-15T08:15:07.000Z"
    },
    "eventAt": {
      "$date": "2022-01-15T08:15:07.000Z"
    },
    "version": 0,
    "_class": "edu.stanford.slac.elog_plus.model.Entry"
  },
  {
    "_id": {
      "$oid": "653847f65ec1e72404bf373c"
    },
    "originId": "MCC_1119309",
    "logbooks": [
      "6536f0b5fbf92e44a767572a"
    ],
    "title": "Steady injection near 45mA/min.",
    "text": "",
    "lastName": "Hoover",
    "firstName": "Chris",
    "userName": "hoover",
    "tags": [],
    "attachments": [
      "653847f65ec1e72404bf373b"
    ],
    "followUps": [],
    "references": [],
    "loggedAt": {
      "$date": "2022-01-15T09:36:03.000Z"
    },
    "eventAt": {
      "$date": "2022-01-15T09:34:33.000Z"
    },
    "version": 0,
    "_class": "edu.stanford.slac.elog_plus.model.Entry"
  },
  {
    "_id": {
      "$oid": "653847f65ec1e72404bf373d"
    },
    "originId": "MCC_1119310",
    "logbooks": [
      "6536f0b5fbf92e44a767572c"
    ],
    "title": "SSRL BLDO Night Shift Report 2022-JAN-14/15",
    "text": "SPEAR: User Beam, 500 mA, 300 s top-off injection. BEAMLINES: All open FAULTS: none EXPERIMENTS: no concerns",
    "lastName": "Lazareva",
    "firstName": "Lena",
    "userName": "lazareva",
    "tags": [],
    "attachments": [],
    "followUps": [],
    "references": [],
    "loggedAt": {
      "$date": "2022-01-15T13:51:38.000Z"
    },
    "eventAt": {
      "$date": "2022-01-15T13:51:38.000Z"
    },
    "version": 0,
    "_class": "edu.stanford.slac.elog_plus.model.Entry"
  },
  {
    "_id": {
      "$oid": "653847f65ec1e72404bf373e"
    },
    "originId": "MCC_1119311",
    "logbooks": [
      "6536f0b5fbf92e44a7675730"
    ],
    "title": "Shop",
    "text": "Submitted monthly vehicle mileage for APS vehicles.",
    "lastName": "Taylor",
    "firstName": "Critt",
    "userName": "ctaylor",
    "tags": [],
    "attachments": [],
    "followUps": [],
    "references": [],
    "loggedAt": {
      "$date": "2022-01-15T15:17:36.000Z"
    },
    "eventAt": {
      "$date": "2022-01-15T15:17:36.000Z"
    },
    "version": 0,
    "_class": "edu.stanford.slac.elog_plus.model.Entry"
  },
  {
    "_id": {
      "$oid": "653847f65ec1e72404bf373f"
    },
    "originId": "MCC_1119312",
    "logbooks": [
      "6536f0b5fbf92e44a767572a"
    ],
    "title": "Shift start: Saturday swing",
    "text": "<p><strong>Operators:</strong></p>\n<p>Haggart</p>\n<p><strong>Injector Status:</strong></p>\n<p>RUN mode, 300mV Q</p>\n<p><strong>SPEAR Status:</strong></p>\n<p>BEAMS mode, 500mA stored current</p>\n<p><strong>Program:</strong></p>\n<p>User beam with 500mA autofill topoffs every 5 minutes</p>",
    "lastName": "Haggart",
    "firstName": "Craig",
    "userName": "haggart",
    "tags": [],
    "attachments": [],
    "followUps": [],
    "references": [],
    "loggedAt": {
      "$date": "2022-01-15T19:40:19.000Z"
    },
    "eventAt": {
      "$date": "2022-01-15T19:45:59.000Z"
    },
    "version": 0,
    "_class": "edu.stanford.slac.elog_plus.model.Entry"
  },
  {
    "_id": {
      "$oid": "653847f65ec1e72404bf3740"
    },
    "originId": "MCC_1119313",
    "logbooks": [
      "6536f0b5fbf92e44a767572a"
    ],
    "title": "Shift Summary, Sat, 15 Jan 2022, Owl.",
    "text": "Summary User Beams Injector 500mA refills this shift; fill rate is near 45mA/min. SPEAR 3GeV 500mA 7nm lattice User beam. BLs All BLs open this shift, except BL-17 is shut.",
    "lastName": "Hoover",
    "firstName": "Chris",
    "userName": "hoover",
    "tags": [],
    "attachments": [],
    "followUps": [],
    "references": [],
    "loggedAt": {
      "$date": "2022-01-15T19:44:44.000Z"
    },
    "eventAt": {
      "$date": "2022-01-15T20:00:05.000Z"
    },
    "version": 0,
    "_class": "edu.stanford.slac.elog_plus.model.Entry"
  },
  {
    "_id": {
      "$oid": "653847f65ec1e72404bf3741"
    },
    "originId": "MCC_1119314",
    "logbooks": [
      "6536f0b5fbf92e44a7675730"
    ],
    "title": "10-3 Modulator PFN Caps",
    "text": "Moved 16 small PFN caps to 10-3 modulator in preparation for replacement. Values, cap numbers, and placement chart done. Still need cleaning before installation. Moved unused caps back to staging area with other caps.",
    "lastName": "Taylor",
    "firstName": "Critt",
    "userName": "ctaylor",
    "tags": [
      "a322161d-e930-4ad4-b481-7aa10be41996"
    ],
    "attachments": [],
    "followUps": [],
    "references": [],
    "loggedAt": {
      "$date": "2022-01-15T21:39:26.000Z"
    },
    "eventAt": {
      "$date": "2022-01-15T21:39:26.000Z"
    },
    "version": 0,
    "_class": "edu.stanford.slac.elog_plus.model.Entry"
  },
  {
    "_id": {
      "$oid": "653847f65ec1e72404bf3742"
    },
    "originId": "MCC_1119315",
    "logbooks": [
      "6536f0b5fbf92e44a7675730"
    ],
    "title": "Shop",
    "text": "Cleaned up my shop cart and table in shop some. Cleaned up inside of electric cart some too.",
    "lastName": "Taylor",
    "firstName": "Critt",
    "userName": "ctaylor",
    "tags": [],
    "attachments": [],
    "followUps": [],
    "references": [],
    "loggedAt": {
      "$date": "2022-01-15T21:41:24.000Z"
    },
    "eventAt": {
      "$date": "2022-01-15T21:41:24.000Z"
    },
    "version": 0,
    "_class": "edu.stanford.slac.elog_plus.model.Entry"
  },
  {
    "_id": {
      "$oid": "653847f65ec1e72404bf3743"
    },
    "originId": "MCC_1119316",
    "logbooks": [
      "6536f0b5fbf92e44a767573d"
    ],
    "title": "Owl shift HRS-log",
    "text": "\"01/15/22 04:30 - Tim DeGraff - C1 - HRS.4K.00-Repaired Leak on C1-LT22195A. - Level probe is entirely solid; hard G10 sleeve with shielding disks. - Attempted to remove with crane. Found Probe is longer than from 4k flange to bottom of crane bridge. - Since crane was not possible, used pole with hook to carefully lift level probe out of subcooler. - Found CF gasket not completely engaged. No other issues found other than minimal dirt. - Cleaned and reinstalled level probe with new CF gasket. - Passed leak check with background of 3.0e-5. - Purged level probe connection port while removing using GHe bottle regulated to 2psi supplying purge gas at test port of PT22195.\" 01/15/22 04:15 - Tim DeGraff - C1 - HRS.4K.00-4e-4 leak found on He-563 LHe dewar vapor return utube, 4k side, npt connection to bayonet. LHe Dewar needs to be depressurize for repairs. 01/14/22 23:30 - Tim DeGraff - C0 (common) - HRS.00.00-Walkdown complete. Only anomaly: DB-US-VG pressure gauges are not reading back.",
    "lastName": "Hollis",
    "firstName": "Randy",
    "userName": "randysh",
    "tags": [],
    "attachments": [],
    "followUps": [],
    "references": [],
    "loggedAt": {
      "$date": "2022-01-15T22:28:18.000Z"
    },
    "eventAt": {
      "$date": "2022-01-15T22:28:18.000Z"
    },
    "version": 0,
    "_class": "edu.stanford.slac.elog_plus.model.Entry"
  }
]