[
  {
    "_id": {
      "$oid": "65384a275ec1e72404bf58d6"
    },
    "originId": "MCC_1126967",
    "logbooks": [
      "6536f0b5fbf92e44a767571d"
    ],
    "title": "Way to see FACET SSSB amplitude and other information regarding LLRF",
    "text": "FACET home RF-&gt; Sector -&gt; KLY LLRF feedback panel for specific KLY on the bottom, expert display -&gt; Feedback Main. This will open a PyDM window (This is an expert panel, do not change/modify anything..) in the middle section, under down convertor, see ch2, ch5 for SSSB IN and SSSB out",
    "lastName": "Wang",
    "firstName": "Irene",
    "userName": "wirene",
    "tags": [
      "0ba5394e-30cf-47f3-aaca-cfe5794332bd"
    ],
    "attachments": [],
    "followUps": [],
    "references": [],
    "loggedAt": {
      "$date": "2022-02-27T00:00:59.000Z"
    },
    "eventAt": {
      "$date": "2022-02-27T00:00:59.000Z"
    },
    "version": {
      "$numberLong": "2"
    },
    "_class": "edu.stanford.slac.elog_plus.model.Entry",
    "supersededBy": "65384a275ec1e72404bf58d8"
  },
  {
    "_id": {
      "$oid": "65384a275ec1e72404bf58d8"
    },
    "originId": "MCC_1126968",
    "logbooks": [
      "6536f0b5fbf92e44a767571d"
    ],
    "title": "Way to see FACET SSSB amplitude and other information regarding LLRF",
    "text": "FACET home RF-&gt; Sector -&gt; KLY LLRF feedback panel for specific KLY on the bottom, expert display -&gt; Feedback Main. This will open a PyDM window (This is an expert panel, do not change/modify anything..) in the middle section, under down convertor, see ch2, ch5 for SSSB IN and SSSB out",
    "lastName": "Wang",
    "firstName": "Irene",
    "userName": "wirene",
    "tags": [
      "0ba5394e-30cf-47f3-aaca-cfe5794332bd"
    ],
    "attachments": [
      "65384a275ec1e72404bf58d7"
    ],
    "followUps": [],
    "references": [],
    "loggedAt": {
      "$date": "2022-02-27T00:02:06.000Z"
    },
    "eventAt": {
      "$date": "2022-02-27T00:00:59.000Z"
    },
    "version": 0,
    "_class": "edu.stanford.slac.elog_plus.model.Entry"
  },
  {
    "_id": {
      "$oid": "65384a275ec1e72404bf58da"
    },
    "originId": "MCC_1126969",
    "logbooks": [
      "6536f0b5fbf92e44a7675730"
    ],
    "title": "CATER 155364, Q5FF: updated DEPOT + applied temporary breaker labels to Q5FF + Q0FF feed 208 VAC, 3 phase rack breakers.",
    "text": "Applied temporary labels to feed 208 volt breakers in breaker pan at top of rack FKG20-40 for magnet power supplies Q5FF + Q0FF. Updated DEPOT for various swapped components.",
    "lastName": "Jenks",
    "firstName": "Stephen",
    "userName": "saj",
    "tags": [
      "a322161d-e930-4ad4-b481-7aa10be41996"
    ],
    "attachments": [
      "65384a275ec1e72404bf58d9"
    ],
    "followUps": [],
    "references": [],
    "loggedAt": {
      "$date": "2022-02-27T00:49:33.000Z"
    },
    "eventAt": {
      "$date": "2022-02-27T00:49:33.000Z"
    },
    "version": 0,
    "_class": "edu.stanford.slac.elog_plus.model.Entry"
  },
  {
    "_id": {
      "$oid": "65384a285ec1e72404bf58db"
    },
    "originId": "MCC_1126970",
    "logbooks": [
      "6536f0b5fbf92e44a7675724"
    ],
    "title": "Swing shift 1st walk through complete, no issues noted.",
    "text": "Swing shift 1st routine walk through complete. Hutch 1.2 N2 dewar weights and pressure recorded.",
    "lastName": "Willard",
    "firstName": "Ydran",
    "userName": "ywillard",
    "tags": [
      "bda8d02e-57a4-4ec7-90fd-46d0187d57a9"
    ],
    "attachments": [],
    "followUps": [],
    "references": [],
    "loggedAt": {
      "$date": "2022-02-27T00:51:41.000Z"
    },
    "eventAt": {
      "$date": "2022-02-27T00:51:41.000Z"
    },
    "version": 0,
    "_class": "edu.stanford.slac.elog_plus.model.Entry"
  },
  {
    "_id": {
      "$oid": "65384a285ec1e72404bf58dc"
    },
    "originId": "MCC_1126971",
    "logbooks": [
      "6536f0b5fbf92e44a767571d"
    ],
    "title": "XLEAP for tonight",
    "text": "Heard from James Cryan on Slack. Likely to be XLEAP all night tonight. Various modes for shifts starting Monday.",
    "lastName": "Maxwell",
    "firstName": "Timothy",
    "userName": "tmaxwell",
    "tags": [
      "68acd11d-05a8-45f5-b559-55a8d8833373"
    ],
    "attachments": [],
    "followUps": [],
    "references": [],
    "loggedAt": {
      "$date": "2022-02-27T00:53:07.000Z"
    },
    "eventAt": {
      "$date": "2022-02-27T00:53:07.000Z"
    },
    "version": 0,
    "_class": "edu.stanford.slac.elog_plus.model.Entry"
  },
  {
    "_id": {
      "$oid": "65384a285ec1e72404bf58dd"
    },
    "originId": "MCC_1126972",
    "logbooks": [
      "6536f0b5fbf92e44a767571d"
    ],
    "title": "16-6 HVR, leaving it on the beam and faulted as it is right now",
    "text": "since there's no beam due to 10-4 issue 16-6 SCP shows HV ready",
    "lastName": "Wang",
    "firstName": "Irene",
    "userName": "wirene",
    "tags": [
      "0ba5394e-30cf-47f3-aaca-cfe5794332bd"
    ],
    "attachments": [],
    "followUps": [],
    "references": [],
    "loggedAt": {
      "$date": "2022-02-27T01:07:56.000Z"
    },
    "eventAt": {
      "$date": "2022-02-27T01:07:56.000Z"
    },
    "version": 0,
    "_class": "edu.stanford.slac.elog_plus.model.Entry"
  },
  {
    "_id": {
      "$oid": "65384a285ec1e72404bf58de"
    },
    "originId": "MCC_1126973",
    "logbooks": [
      "6536f0b5fbf92e44a767572c"
    ],
    "title": "SSRL-BLDO dayshift report 2022-Feb-26",
    "text": "Program: Beam to users w/500ma 5min. freq. fill mode. Beam lines: All open. Faults/Alarms: None this shift. Experiments: User on BL10-2 said detector has died and is ending experiment early. No other concerns expressed. Other: Small machining job. Phone system has been restored @1500 hrs.",
    "lastName": "Day",
    "firstName": "David",
    "userName": "dday",
    "tags": [],
    "attachments": [],
    "followUps": [],
    "references": [],
    "loggedAt": {
      "$date": "2022-02-27T01:23:24.000Z"
    },
    "eventAt": {
      "$date": "2022-02-27T01:23:24.000Z"
    },
    "version": 0,
    "_class": "edu.stanford.slac.elog_plus.model.Entry"
  },
  {
    "_id": {
      "$oid": "65384a285ec1e72404bf58df"
    },
    "originId": "MCC_1126974",
    "logbooks": [
      "6536f0b5fbf92e44a767571d"
    ],
    "title": "10-4 SSSB has been replaced. Waiting for timeout now.",
    "text": "",
    "lastName": "Barcklay",
    "firstName": "Rachel",
    "userName": "barcklay",
    "tags": [
      "0ba5394e-30cf-47f3-aaca-cfe5794332bd"
    ],
    "attachments": [],
    "followUps": [],
    "references": [],
    "loggedAt": {
      "$date": "2022-02-27T02:03:39.000Z"
    },
    "eventAt": {
      "$date": "2022-02-27T02:03:39.000Z"
    },
    "version": 0,
    "_class": "edu.stanford.slac.elog_plus.model.Entry"
  },
  {
    "_id": {
      "$oid": "65384a285ec1e72404bf58e0"
    },
    "originId": "MCC_1126975",
    "logbooks": [
      "6536f0b5fbf92e44a767571d"
    ],
    "title": "11-2 KMC, 13-2 WGV, 13-6 MOD faulted",
    "text": "",
    "lastName": "Wang",
    "firstName": "Irene",
    "userName": "wirene",
    "tags": [
      "0ba5394e-30cf-47f3-aaca-cfe5794332bd"
    ],
    "attachments": [],
    "followUps": [],
    "references": [],
    "loggedAt": {
      "$date": "2022-02-27T02:43:40.000Z"
    },
    "eventAt": {
      "$date": "2022-02-27T02:43:40.000Z"
    },
    "version": 0,
    "_class": "edu.stanford.slac.elog_plus.model.Entry"
  },
  {
    "_id": {
      "$oid": "65384a285ec1e72404bf58e1"
    },
    "originId": "MCC_1126976",
    "logbooks": [
      "6536f0b5fbf92e44a767573d"
    ],
    "title": "Day Shift HRS-Log",
    "text": "02/26/22 13:30 - Roland Evans - C2 - HRS.4K.IT-Working on lower cold box temperature checks. 02/26/22 13:20 - Roland Evans - C1 - HRS.4K.IT-I set the \"0\" on C1FT22391, 22391A, 22392, &amp; 22392A in preparation for cool down next week. 02/26/22 13:15 - Roland Evans - C1 - HRS.2K.VG-Replaced the heater on the 2K cold box diffusion pump. It reads 6.7 ohms at the contactor &amp; 9 mohm to ground. The vacuum system is ready to be returned to service. 02/26/22 10:00 - Randy Hollis - C0 (common) - HRS.00.00-Plant walkdown. No problems noted 02/26/22 10:00 - Randy Hollis - C1 - HRS.4K.GH-Continued fire watch for Lou. Isolation vacuum clam shell pieces on new check valve line welded in place. Gathered pump and parts for pumping down the space in the morning.",
    "lastName": "Stivala",
    "firstName": "Mike",
    "userName": "mstivala",
    "tags": [],
    "attachments": [],
    "followUps": [],
    "references": [],
    "loggedAt": {
      "$date": "2022-02-27T02:57:05.000Z"
    },
    "eventAt": {
      "$date": "2022-02-27T02:57:05.000Z"
    },
    "version": 0,
    "_class": "edu.stanford.slac.elog_plus.model.Entry"
  },
  {
    "_id": {
      "$oid": "65384a285ec1e72404bf58e2"
    },
    "originId": "MCC_1126977",
    "logbooks": [
      "6536f0b5fbf92e44a767571d"
    ],
    "title": "Irene reset 13-2 vacuum gauge HV * Re: 11-2 KMC, 13-2 WGV, 13-6 MOD faulted",
    "text": "",
    "lastName": "Barcklay",
    "firstName": "Rachel",
    "userName": "barcklay",
    "tags": [
      "0ba5394e-30cf-47f3-aaca-cfe5794332bd"
    ],
    "attachments": [],
    "followUps": [],
    "references": [
      "65384a285ec1e72404bf58e0"
    ],
    "loggedAt": {
      "$date": "2022-02-27T03:15:36.000Z"
    },
    "eventAt": {
      "$date": "2022-02-27T03:15:36.000Z"
    },
    "version": 0,
    "_class": "edu.stanford.slac.elog_plus.model.Entry"
  },
  {
    "_id": {
      "$oid": "65384a285ec1e72404bf58e3"
    },
    "originId": "MCC_1126978",
    "logbooks": [
      "6536f0b5fbf92e44a767571d"
    ],
    "title": "11-2 KMC was due to work planned by FACET folks * Re: 11-2 KMC, 13-2 WGV, 13-6 MOD faulted",
    "text": "",
    "lastName": "Barcklay",
    "firstName": "Rachel",
    "userName": "barcklay",
    "tags": [
      "0ba5394e-30cf-47f3-aaca-cfe5794332bd"
    ],
    "attachments": [],
    "followUps": [],
    "references": [
      "65384a285ec1e72404bf58e0"
    ],
    "loggedAt": {
      "$date": "2022-02-27T03:16:09.000Z"
    },
    "eventAt": {
      "$date": "2022-02-27T03:16:09.000Z"
    },
    "version": 0,
    "_class": "edu.stanford.slac.elog_plus.model.Entry"
  },
  {
    "_id": {
      "$oid": "65384a285ec1e72404bf58e4"
    },
    "originId": "MCC_1126979",
    "logbooks": [
      "6536f0b5fbf92e44a767571d"
    ],
    "title": "replaced 13-6 with 14-1",
    "text": "",
    "lastName": "Wang",
    "firstName": "Irene",
    "userName": "wirene",
    "tags": [
      "0ba5394e-30cf-47f3-aaca-cfe5794332bd"
    ],
    "attachments": [],
    "followUps": [],
    "references": [],
    "loggedAt": {
      "$date": "2022-02-27T03:44:33.000Z"
    },
    "eventAt": {
      "$date": "2022-02-27T03:44:33.000Z"
    },
    "version": 0,
    "_class": "edu.stanford.slac.elog_plus.model.Entry"
  },
  {
    "_id": {
      "$oid": "65384a285ec1e72404bf58e5"
    },
    "originId": "MCC_1126980",
    "logbooks": [
      "6536f0b5fbf92e44a767571d"
    ],
    "title": "beam to DUMP",
    "text": "",
    "lastName": "Wang",
    "firstName": "Irene",
    "userName": "wirene",
    "tags": [
      "0ba5394e-30cf-47f3-aaca-cfe5794332bd"
    ],
    "attachments": [],
    "followUps": [],
    "references": [],
    "loggedAt": {
      "$date": "2022-02-27T03:44:44.000Z"
    },
    "eventAt": {
      "$date": "2022-02-27T03:44:44.000Z"
    },
    "version": 0,
    "_class": "edu.stanford.slac.elog_plus.model.Entry"
  },
  {
    "_id": {
      "$oid": "65384a285ec1e72404bf58e6"
    },
    "originId": "MCC_1126981",
    "logbooks": [
      "6536f0b5fbf92e44a767571d"
    ],
    "title": "11-2 issue remains, there is still hashiness on the BC11 energy BPM",
    "text": "",
    "lastName": "Wang",
    "firstName": "Irene",
    "userName": "wirene",
    "tags": [
      "0ba5394e-30cf-47f3-aaca-cfe5794332bd"
    ],
    "attachments": [],
    "followUps": [],
    "references": [],
    "loggedAt": {
      "$date": "2022-02-27T04:09:49.000Z"
    },
    "eventAt": {
      "$date": "2022-02-27T04:09:49.000Z"
    },
    "version": {
      "$numberLong": "2"
    },
    "_class": "edu.stanford.slac.elog_plus.model.Entry",
    "supersededBy": "65384a285ec1e72404bf58e8"
  },
  {
    "_id": {
      "$oid": "65384a285ec1e72404bf58e8"
    },
    "originId": "MCC_1126982",
    "logbooks": [
      "6536f0b5fbf92e44a767571d"
    ],
    "title": "11-2 issue remains, there is still hashiness on the BC11 energy BPM",
    "text": "",
    "lastName": "Wang",
    "firstName": "Irene",
    "userName": "wirene",
    "tags": [
      "0ba5394e-30cf-47f3-aaca-cfe5794332bd"
    ],
    "attachments": [
      "65384a285ec1e72404bf58e7"
    ],
    "followUps": [],
    "references": [],
    "loggedAt": {
      "$date": "2022-02-27T04:15:57.000Z"
    },
    "eventAt": {
      "$date": "2022-02-27T04:09:49.000Z"
    },
    "version": 0,
    "_class": "edu.stanford.slac.elog_plus.model.Entry"
  },
  {
    "_id": {
      "$oid": "65384a285ec1e72404bf58e9"
    },
    "originId": "MCC_1126983",
    "logbooks": [
      "6536f0b5fbf92e44a767571d"
    ],
    "title": "XPP and MFX done, starting energy change.",
    "text": "",
    "lastName": "Barcklay",
    "firstName": "Rachel",
    "userName": "barcklay",
    "tags": [
      "68acd11d-05a8-45f5-b559-55a8d8833373"
    ],
    "attachments": [],
    "followUps": [],
    "references": [],
    "loggedAt": {
      "$date": "2022-02-27T05:02:30.000Z"
    },
    "eventAt": {
      "$date": "2022-02-27T05:02:30.000Z"
    },
    "version": 0,
    "_class": "edu.stanford.slac.elog_plus.model.Entry"
  },
  {
    "_id": {
      "$oid": "65384a285ec1e72404bf58ea"
    },
    "originId": "MCC_1126984",
    "logbooks": [
      "6536f0b5fbf92e44a767571d"
    ],
    "title": "XPP/MFX finished, setting up for TMO.",
    "text": "",
    "lastName": "Osman",
    "firstName": "Ahmed",
    "userName": "aosman",
    "tags": [],
    "attachments": [],
    "followUps": [],
    "references": [],
    "loggedAt": {
      "$date": "2022-02-27T05:02:55.000Z"
    },
    "eventAt": {
      "$date": "2022-02-27T05:02:55.000Z"
    },
    "version": 0,
    "_class": "edu.stanford.slac.elog_plus.model.Entry"
  },
  {
    "_id": {
      "$oid": "65384a285ec1e72404bf58eb"
    },
    "originId": "MCC_1126985",
    "logbooks": [
      "6536f0b5fbf92e44a7675730"
    ],
    "title": "CATER 155388, Kly Mod 11-5: FLK'd, no reset.",
    "text": "Kly Mod 11-5: found station FLK'd off with no reset. The SS Durant fault counter shows err chk message. Replaced fault counter module. Station timed in and energized with zero faults showing in counter display. CATER ready to close.",
    "lastName": "Jenks",
    "firstName": "Stephen",
    "userName": "saj",
    "tags": [
      "a322161d-e930-4ad4-b481-7aa10be41996"
    ],
    "attachments": [],
    "followUps": [],
    "references": [],
    "loggedAt": {
      "$date": "2022-02-27T05:17:09.000Z"
    },
    "eventAt": {
      "$date": "2022-02-27T05:17:09.000Z"
    },
    "version": 0,
    "_class": "edu.stanford.slac.elog_plus.model.Entry"
  },
  {
    "_id": {
      "$oid": "65384a2d5ec1e72404bf58ee"
    },
    "originId": "MCC_1126987",
    "logbooks": [
      "6536f0b5fbf92e44a7675730"
    ],
    "title": "CATER 155393, Kly Mod 11-2: replace focus coil trim power supply.",
    "text": "Kly Mod 11-2: replaced trim supply with spare from sector 21 spares shelf. In = PC32717; out = PC32669. CATER ready to close.",
    "lastName": "Jenks",
    "firstName": "Stephen",
    "userName": "saj",
    "tags": [
      "a322161d-e930-4ad4-b481-7aa10be41996"
    ],
    "attachments": [],
    "followUps": [],
    "references": [],
    "loggedAt": {
      "$date": "2022-02-27T05:30:29.000Z"
    },
    "eventAt": {
      "$date": "2022-02-27T05:30:29.000Z"
    },
    "version": 0,
    "_class": "edu.stanford.slac.elog_plus.model.Entry"
  },
  {
    "_id": {
      "$oid": "65384a2d5ec1e72404bf58ef"
    },
    "originId": "MCC_1126988",
    "logbooks": [
      "6536f0b5fbf92e44a7675730"
    ],
    "title": "CATER 155391, Kly Mod 10-4: SSSB has no RF output.",
    "text": "Kly Mod 10-4: replaced SSSB chassis in rack KF10-4B with SSSB chassis removed from 10-5. SSSB chassis has no RF output. Chassis from 10-5 installed in 10-4 now outputting RF and station is on. Left removed chassis by fiat rack for pickup and repair tomorrow by Phil Nguyen. S/N out = 04; in = 07. CATER ready to close.",
    "lastName": "Jenks",
    "firstName": "Stephen",
    "userName": "saj",
    "tags": [
      "a322161d-e930-4ad4-b481-7aa10be41996"
    ],
    "attachments": [],
    "followUps": [],
    "references": [],
    "loggedAt": {
      "$date": "2022-02-27T05:36:47.000Z"
    },
    "eventAt": {
      "$date": "2022-02-27T05:36:47.000Z"
    },
    "version": 0,
    "_class": "edu.stanford.slac.elog_plus.model.Entry"
  },
  {
    "_id": {
      "$oid": "65384a2d5ec1e72404bf58f1"
    },
    "originId": "MCC_1126989",
    "logbooks": [
      "6536f0b5fbf92e44a767571d"
    ],
    "title": "VVPG LI20 3250 fall in",
    "text": "3250 gauge died see vacuum activity in VVPG LI20 3259 with P 10e-8 -&gt;10e-2 Noticed turbo pump at 3259 was off, ramping it back up now",
    "lastName": "Wang",
    "firstName": "Irene",
    "userName": "wirene",
    "tags": [
      "0ba5394e-30cf-47f3-aaca-cfe5794332bd"
    ],
    "attachments": [
      "65384a2d5ec1e72404bf58f0"
    ],
    "followUps": [],
    "references": [],
    "loggedAt": {
      "$date": "2022-02-27T06:16:50.000Z"
    },
    "eventAt": {
      "$date": "2022-02-27T06:16:50.000Z"
    },
    "version": {
      "$numberLong": "2"
    },
    "_class": "edu.stanford.slac.elog_plus.model.Entry",
    "supersededBy": "65384a2d5ec1e72404bf58f4"
  },
  {
    "_id": {
      "$oid": "65384a2d5ec1e72404bf58f2"
    },
    "originId": "MCC_1126990",
    "logbooks": [
      "6536f0b5fbf92e44a767571d"
    ],
    "title": "pressure at 3259 is still climbing up* Re: VVPG LI20 3250 fall in",
    "text": "",
    "lastName": "Wang",
    "firstName": "Irene",
    "userName": "wirene",
    "tags": [
      "0ba5394e-30cf-47f3-aaca-cfe5794332bd"
    ],
    "attachments": [],
    "followUps": [],
    "references": [
      "65384a2d5ec1e72404bf58f1"
    ],
    "loggedAt": {
      "$date": "2022-02-27T06:18:28.000Z"
    },
    "eventAt": {
      "$date": "2022-02-27T06:18:28.000Z"
    },
    "version": 0,
    "_class": "edu.stanford.slac.elog_plus.model.Entry"
  },
  {
    "_id": {
      "$oid": "65384a2d5ec1e72404bf58f4"
    },
    "originId": "MCC_1126991",
    "logbooks": [
      "6536f0b5fbf92e44a767571d"
    ],
    "title": "VVPG LI20 3250 fall in, noticed turbo pump at 3259 was off, ramping it back up now",
    "text": "3250 gauge died see vacuum activity in VVPG LI20 3259 with P 10e-8 -&gt;10e-2",
    "lastName": "Wang",
    "firstName": "Irene",
    "userName": "wirene",
    "tags": [
      "0ba5394e-30cf-47f3-aaca-cfe5794332bd"
    ],
    "attachments": [
      "65384a2d5ec1e72404bf58f3"
    ],
    "followUps": [],
    "references": [],
    "loggedAt": {
      "$date": "2022-02-27T06:19:21.000Z"
    },
    "eventAt": {
      "$date": "2022-02-27T06:16:50.000Z"
    },
    "version": {
      "$numberLong": "2"
    },
    "_class": "edu.stanford.slac.elog_plus.model.Entry",
    "supersededBy": "65384a2d5ec1e72404bf58f6"
  },
  {
    "_id": {
      "$oid": "65384a2d5ec1e72404bf58f6"
    },
    "originId": "MCC_1126992",
    "logbooks": [
      "6536f0b5fbf92e44a767571d"
    ],
    "title": "VVPG LI20 3250 fall in, noticed turbo pump at 3259 was off, ramping it back up now",
    "text": "3291 gauge died see vacuum activity in VVPG LI20 3259 with P 10e-8 -&gt;10e-2",
    "lastName": "Wang",
    "firstName": "Irene",
    "userName": "wirene",
    "tags": [
      "0ba5394e-30cf-47f3-aaca-cfe5794332bd"
    ],
    "attachments": [
      "65384a2d5ec1e72404bf58f5"
    ],
    "followUps": [],
    "references": [],
    "loggedAt": {
      "$date": "2022-02-27T06:38:23.000Z"
    },
    "eventAt": {
      "$date": "2022-02-27T06:16:50.000Z"
    },
    "version": 0,
    "_class": "edu.stanford.slac.elog_plus.model.Entry"
  },
  {
    "_id": {
      "$oid": "65384a2d5ec1e72404bf58f8"
    },
    "originId": "MCC_1126993",
    "logbooks": [
      "6536f0b5fbf92e44a767571d"
    ],
    "title": "Called Doug Storey, we found a roughing pump had tripped off. Beamline pumping down.",
    "text": "There are two sets of Turbo/roughing pumps in this area. I had found one turbo turned off, and turned it on, but it turns out that one had already been off. Doug pulled a valve between the second turbo that I had turned on and a roughing pump, and the area began to pump down again. In picture form, which switched from the pumps on the left to the ones on the right. If we run into more issues, call Doug again at 6506565940",
    "lastName": "Osman",
    "firstName": "Ahmed",
    "userName": "aosman",
    "tags": [],
    "attachments": [
      "65384a2d5ec1e72404bf58f7"
    ],
    "followUps": [],
    "references": [],
    "loggedAt": {
      "$date": "2022-02-27T06:49:51.000Z"
    },
    "eventAt": {
      "$date": "2022-02-27T06:49:51.000Z"
    },
    "version": {
      "$numberLong": "2"
    },
    "_class": "edu.stanford.slac.elog_plus.model.Entry",
    "supersededBy": "65384a2d5ec1e72404bf58fa"
  },
  {
    "_id": {
      "$oid": "65384a2d5ec1e72404bf58fa"
    },
    "originId": "MCC_1126994",
    "logbooks": [
      "6536f0b5fbf92e44a767571d"
    ],
    "title": "Called Doug Storey, we found a roughing pump had tripped off. Beamline pumping down.",
    "text": "There are two sets of Turbo/roughing pumps in this area. I had found one turbo turned off, and turned it on, but it turns out that one had already been off. Doug pulled a valve between the second turbo that I had turned on and a roughing pump, and the area began to pump down again. In picture form, which switched from the pumps on the right to the ones on the left. If we run into more issues, call Doug again at 6506565940",
    "lastName": "Osman",
    "firstName": "Ahmed",
    "userName": "aosman",
    "tags": [],
    "attachments": [
      "65384a2d5ec1e72404bf58f9"
    ],
    "followUps": [],
    "references": [],
    "loggedAt": {
      "$date": "2022-02-27T06:51:36.000Z"
    },
    "eventAt": {
      "$date": "2022-02-27T06:49:51.000Z"
    },
    "version": 0,
    "_class": "edu.stanford.slac.elog_plus.model.Entry"
  },
  {
    "_id": {
      "$oid": "65384a2d5ec1e72404bf58fb"
    },
    "originId": "MCC_1126995",
    "logbooks": [
      "6536f0b5fbf92e44a767571d"
    ],
    "title": "19-4 MOD faulted, unable to reset",
    "text": "",
    "lastName": "Wang",
    "firstName": "Irene",
    "userName": "wirene",
    "tags": [
      "0ba5394e-30cf-47f3-aaca-cfe5794332bd"
    ],
    "attachments": [],
    "followUps": [],
    "references": [],
    "loggedAt": {
      "$date": "2022-02-27T06:54:00.000Z"
    },
    "eventAt": {
      "$date": "2022-02-27T06:54:00.000Z"
    },
    "version": 0,
    "_class": "edu.stanford.slac.elog_plus.model.Entry"
  },
  {
    "_id": {
      "$oid": "65384a2d5ec1e72404bf58fc"
    },
    "originId": "MCC_1126996",
    "logbooks": [
      "6536f0b5fbf92e44a767571d"
    ],
    "title": "Open the VVPG LI20 3250 valve, everything looks ok now",
    "text": "",
    "lastName": "Wang",
    "firstName": "Irene",
    "userName": "wirene",
    "tags": [
      "0ba5394e-30cf-47f3-aaca-cfe5794332bd"
    ],
    "attachments": [],
    "followUps": [],
    "references": [],
    "loggedAt": {
      "$date": "2022-02-27T07:02:47.000Z"
    },
    "eventAt": {
      "$date": "2022-02-27T07:02:47.000Z"
    },
    "version": 0,
    "_class": "edu.stanford.slac.elog_plus.model.Entry"
  },
  {
    "_id": {
      "$oid": "65384a2e5ec1e72404bf58fd"
    },
    "originId": "MCC_1126997",
    "logbooks": [
      "6536f0b5fbf92e44a7675730"
    ],
    "title": "CATER 155397, Kly Mod 13-6: HV rectifier burned. Fire alarm activated.",
    "text": "Opened 13-6 T20 compartment which has a strong burned smell. Found center stack of 3 phase HV rectifier burned. Stack requires replacment. Made job on CATER to replace rectifier. Applied blue lock to CB 7.",
    "lastName": "Jenks",
    "firstName": "Stephen",
    "userName": "saj",
    "tags": [
      "a322161d-e930-4ad4-b481-7aa10be41996"
    ],
    "attachments": [],
    "followUps": [],
    "references": [],
    "loggedAt": {
      "$date": "2022-02-27T07:08:18.000Z"
    },
    "eventAt": {
      "$date": "2022-02-27T07:08:18.000Z"
    },
    "version": 0,
    "_class": "edu.stanford.slac.elog_plus.model.Entry"
  },
  {
    "_id": {
      "$oid": "65384a2e5ec1e72404bf58fe"
    },
    "originId": "MCC_1126998",
    "logbooks": [
      "6536f0b5fbf92e44a7675730"
    ],
    "title": "CATER 155401, Kly Mod 13-7: loud arc sound from cabinet 3 of modulator.",
    "text": "Loud arc sound from compartment 3 after few seconds of HV energized. Applied blue lock to CB 7. It appears 2 of the upper string PFN cap coil straps are too close to the panel of the PFN enclosure. DQing capacitors look burned also. PFN cap #2 in top string has tiny leak on rear panel of cap case. Investigate source of very loud arc.",
    "lastName": "Jenks",
    "firstName": "Stephen",
    "userName": "saj",
    "tags": [
      "a322161d-e930-4ad4-b481-7aa10be41996"
    ],
    "attachments": [],
    "followUps": [],
    "references": [],
    "loggedAt": {
      "$date": "2022-02-27T07:13:51.000Z"
    },
    "eventAt": {
      "$date": "2022-02-27T07:13:51.000Z"
    },
    "version": 0,
    "_class": "edu.stanford.slac.elog_plus.model.Entry"
  },
  {
    "_id": {
      "$oid": "65384a2e5ec1e72404bf58ff"
    },
    "originId": "MCC_1126999",
    "logbooks": [
      "6536f0b5fbf92e44a767571d"
    ],
    "title": "~80% transmission to DUMP, continue with BBA",
    "text": "",
    "lastName": "Wang",
    "firstName": "Irene",
    "userName": "wirene",
    "tags": [
      "0ba5394e-30cf-47f3-aaca-cfe5794332bd"
    ],
    "attachments": [],
    "followUps": [],
    "references": [],
    "loggedAt": {
      "$date": "2022-02-27T07:23:06.000Z"
    },
    "eventAt": {
      "$date": "2022-02-27T07:23:06.000Z"
    },
    "version": 0,
    "_class": "edu.stanford.slac.elog_plus.model.Entry"
  },
  {
    "_id": {
      "$oid": "65384a2e5ec1e72404bf5900"
    },
    "originId": "MCC_1127000",
    "logbooks": [
      "6536f0b5fbf92e44a767571d"
    ],
    "title": "Had lots of trouble because we forgot to trun off LI11 steering and BC11 energy feedback* Re: ~80% transmission to DUMP, continue with BBA",
    "text": "",
    "lastName": "Wang",
    "firstName": "Irene",
    "userName": "wirene",
    "tags": [
      "0ba5394e-30cf-47f3-aaca-cfe5794332bd"
    ],
    "attachments": [],
    "followUps": [],
    "references": [
      "65384a2e5ec1e72404bf58ff"
    ],
    "loggedAt": {
      "$date": "2022-02-27T07:39:17.000Z"
    },
    "eventAt": {
      "$date": "2022-02-27T07:39:17.000Z"
    },
    "version": 0,
    "_class": "edu.stanford.slac.elog_plus.model.Entry"
  },
  {
    "_id": {
      "$oid": "65384a2e5ec1e72404bf5901"
    },
    "originId": "MCC_1127001",
    "logbooks": [
      "6536f0b5fbf92e44a7675724"
    ],
    "title": "Swing shift 2nd walk through complete, no issues noted.",
    "text": "Swing shift 2nd routine walk through complete. Changed out left-hand N2 dewar in hutch 1.2. Removed pallets from B999 entry and B950 loading dock area.",
    "lastName": "Willard",
    "firstName": "Ydran",
    "userName": "ywillard",
    "tags": [
      "bda8d02e-57a4-4ec7-90fd-46d0187d57a9"
    ],
    "attachments": [],
    "followUps": [],
    "references": [],
    "loggedAt": {
      "$date": "2022-02-27T07:43:27.000Z"
    },
    "eventAt": {
      "$date": "2022-02-27T07:43:27.000Z"
    },
    "version": 0,
    "_class": "edu.stanford.slac.elog_plus.model.Entry"
  },
  {
    "_id": {
      "$oid": "65384a2e5ec1e72404bf5902"
    },
    "originId": "MCC_1127002",
    "logbooks": [
      "6536f0b5fbf92e44a767571d"
    ],
    "title": "SWING SHIFT SUMMARY",
    "text": "Comment # Comment 1LCLS: Delivered 10.7 GeV / 9.8 KeV to XPP and MFX until 2100. 2LCLS: Setup 4.5 GeV / 890 eV XLEAP config and delivered to TMO.  3FACET-II: Recovered beam to dump after L0B was recovered and 11-2 work was completed. (3.5 h downtime). 11-2 still very unstable.  4FACET-II: Roughing pump in LI20 experimental area tripped off, causing vacuum to spike and tripping valves in. Vacuum pumped down after switching to alternate pump. ~0.7 h downtime.  5FACET-II: Targeted BBA. \n<br>\n<br>Program Delivered User Off Tuning Config \u0394s Accl. Down Sched. Off FACET-II_comm3.80.00.00.04.20LCLS-MD0.00.00.00.00.03LCLS-MD-CU_SXR0.00.00.00.00.05TMO_user1.70.01.00.30.00XPP-MFX5.00.00.00.00.00\n<br>",
    "lastName": "Osman",
    "firstName": "Ahmed",
    "userName": "aosman",
    "tags": [],
    "attachments": [],
    "followUps": [],
    "references": [],
    "loggedAt": {
      "$date": "2022-02-27T07:52:12.000Z"
    },
    "eventAt": {
      "$date": "2022-02-27T07:59:59.000Z"
    },
    "version": 0,
    "_class": "edu.stanford.slac.elog_plus.model.Entry"
  },
  {
    "_id": {
      "$oid": "65384a2e5ec1e72404bf5903"
    },
    "originId": "MCC_1127003",
    "logbooks": [
      "6536f0b5fbf92e44a767571d"
    ],
    "title": "MCC Shift Change: Owl Shift, Saturday, 26-Feb-2022",
    "text": "LCLS HXR: Off LCLS SXR: TMO delivery with XLEAP. FACET: Complete BBA, set up various charge configs from the injector.",
    "lastName": "Ripman",
    "firstName": "Ben",
    "userName": "bripman",
    "tags": [],
    "attachments": [],
    "followUps": [],
    "references": [],
    "loggedAt": {
      "$date": "2022-02-27T07:53:55.000Z"
    },
    "eventAt": {
      "$date": "2022-02-27T08:00:00.000Z"
    },
    "version": 0,
    "_class": "edu.stanford.slac.elog_plus.model.Entry"
  },
  {
    "_id": {
      "$oid": "65384a2e5ec1e72404bf5904"
    },
    "originId": "MCC_1127004",
    "logbooks": [
      "6536f0b5fbf92e44a767572a"
    ],
    "title": "Shift summary: Saturday swing",
    "text": "SUMMARY: User beam all shift. No missed fill or beam loss. INJECTOR: Autofill, average fill rate 49mA/min, 97% injection efficiency. SPEAR: 500mA stored beam with top-off fills every 5 minutes.",
    "lastName": "Nguyen",
    "firstName": "Thomas",
    "userName": "tnguyen",
    "tags": [],
    "attachments": [],
    "followUps": [],
    "references": [],
    "loggedAt": {
      "$date": "2022-02-27T07:54:11.000Z"
    },
    "eventAt": {
      "$date": "2022-02-27T07:54:11.000Z"
    },
    "version": 0,
    "_class": "edu.stanford.slac.elog_plus.model.Entry"
  },
  {
    "_id": {
      "$oid": "65384a2e5ec1e72404bf5905"
    },
    "originId": "MCC_1127005",
    "logbooks": [
      "6536f0b5fbf92e44a767572a"
    ],
    "title": "Shift Start: Sunday Owl Shift",
    "text": "<p><strong>Operators:</strong></p>\n<p>Calloway, Schroder</p>\n<p><strong>Injector Status:</strong></p>\n<p>Autofill RUN mode</p>\n<p><strong>SPEAR Status:</strong></p>\n<p>BEAMS; 500mA stored; topoff enabled; BLs open</p>\n<p><strong>Program:</strong></p>\n<p>User beam delivery w/ 5-minute topoff injections</p>",
    "lastName": "Calloway",
    "firstName": "David",
    "userName": "calloway",
    "tags": [],
    "attachments": [],
    "followUps": [],
    "references": [],
    "loggedAt": {
      "$date": "2022-02-27T07:58:19.000Z"
    },
    "eventAt": {
      "$date": "2022-02-27T07:45:00.000Z"
    },
    "version": 0,
    "_class": "edu.stanford.slac.elog_plus.model.Entry"
  },
  {
    "_id": {
      "$oid": "65384a2e5ec1e72404bf5906"
    },
    "originId": "MCC_1127006",
    "logbooks": [
      "6536f0b5fbf92e44a7675724"
    ],
    "title": "Elog End of Shift Report Summary for Slack Swing Shift",
    "text": "Date/Time: 2/26/22 Swing shift @ 23:59 Outgoing Duty Tech: Ydran Willard Incoming Duty Tech: ACR Hutch 1.1: Online Taking beam since 21:00 Hutch 1.2: Offline Idle Hutch 1.3: Online FEH Took beam until 21:00 Hutch 2.2: Online Idle Hutch 4 : Online H5 Idle Hutch 4.5: Online Took beam until 21:00 Hutch 5 : Online Idle Hutch 6 : Online Idle XRT : No Access Shift Notes: Took turnover from Day shift. Both walk throughs good. Changed out Left-hand N2 dewar in Hutch 1.2. Took inventory of gas bottles for flammable cabinets near the receiving area. Cleared a few pallets from B999 entry and B950 loading dock area. Continued LCA worker training. State of BTMs: All BTM's green (ST1K3.1, ST1K3.2, ST1L1.1, ST1L1.2 are bypassed and therefore show up as red.). Open RSWCFs: 1569 CXI Operate CXI with DG2 focusing lenses unlocked (OK to run) 1579 RIX- Drilling into RIX 2.2 flooring (shielding) for qRIX base plate anchors: 8.125\" long anchors (x10), 5\" anchors (x10). (Not ok to run with this form open) Time Accounting (hrs): \u00e2\u0097\u008f TMO: 3.5 \u00e2\u0097\u008f TXI: \u00e2\u0097\u008f XPP: 7 \u00e2\u0097\u008f RIX: \u00e2\u0097\u008f XCS: \u00e2\u0097\u008f MFX: 7 \u00e2\u0097\u008f CXI: \u00e2\u0097\u008f MEC:",
    "lastName": "Willard",
    "firstName": "Ydran",
    "userName": "ywillard",
    "tags": [],
    "attachments": [],
    "followUps": [],
    "references": [],
    "loggedAt": {
      "$date": "2022-02-27T08:01:37.000Z"
    },
    "eventAt": {
      "$date": "2022-02-27T08:01:37.000Z"
    },
    "version": 0,
    "_class": "edu.stanford.slac.elog_plus.model.Entry"
  },
  {
    "_id": {
      "$oid": "65384a2e5ec1e72404bf5907"
    },
    "originId": "MCC_1127007",
    "logbooks": [
      "6536f0b5fbf92e44a767571d"
    ],
    "title": "Daily BCS Checks - 2/27/2022 - Passed",
    "text": "LCLS BCS checks performed using the 2/22/2022 version of the checklist. [Passed] LI28 --&gt; Summary Chassis --&gt; LI28 PIC GAS PS1 Currently ACTIVE, must not be BYPASS. [Passed] LI28 --&gt; Summary Chassis --&gt; LI28 PIC GAS PS2 Currently ACTIVE, must not be BYPASS. [Passed] LI28 --&gt; PIC Chassis --&gt; IC 951 Status Currently ACTIVE, must not be BYPASS. [Passed] LI28 --&gt; PIC Chassis --&gt; IC 961 Status Currently ACTIVE, must not be BYPASS. [Passed] LI24 --&gt; Summary Chassis --&gt; PIC Summary #1 Currently ACTIVE, must not be BYPASS. [Passed] LI24 --&gt; Summary Chassis --&gt; PIC Summary #2 Currently ACTIVE, must not be BYPASS. [Passed] LI24 --&gt; Summary Chassis --&gt; LION Gas Pressure #1 Currently ACTIVE, must not be BYPASS. [Passed] LI24 --&gt; Summary Chassis --&gt; LION Gas Pressure #2 Currently ACTIVE, must not be BYPASS. [Passed] LI24 --&gt; PIC Chassis --&gt; CH01: BC2LION-1N Currently ACTIVE, must not be BYPASS. [Passed] LI24 --&gt; PIC Chassis --&gt; CH02: BC2LION-1S Currently ACTIVE, must not be BYPASS. [Passed] LCLS Injector --&gt; Summary Chassis --&gt; CH01: PIC Summary #1 Currently ACTIVE, must not be BYPASS. [Passed] LCLS Injector --&gt; Summary Chassis --&gt; CH02: PIC Summary #2 Currently ACTIVE, must not be BYPASS. [Passed] LCLS Injector --&gt; Summary Chassis --&gt; CH03: Dump Flow Switch Currently ACTIVE, must not be BYPASS. [Passed] LCLS Injector --&gt; Summary Chassis --&gt; CH04: Dump Flow Switch Currently ACTIVE, must not be BYPASS. [Passed] LCLS Injector --&gt; Summary Chassis --&gt; CH05: LION Gas Pres #1 Currently ACTIVE, must not be BYPASS. [Passed] LCLS Injector --&gt; Summary Chassis --&gt; CH06: LION Gas Pres #2 Currently ACTIVE, must not be BYPASS. [Passed] LCLS Injector --&gt; PIC Chassis --&gt; INJLION-1N Currently ACTIVE, must not be BYPASS. [Passed] LCLS Injector --&gt; PIC Chassis --&gt; INJLION-1S Currently ACTIVE, must not be BYPASS. [Passed] LCLS Injector --&gt; PIC Chassis --&gt; BC1LION-1N Currently ACTIVE, must not be BYPASS. [Passed] LCLS Injector --&gt; PIC Chassis --&gt; BC1LION-1S Currently ACTIVE, must not be BYPASS. [Passed] B136 / B005 --&gt; DTC --&gt; DTC CH1: BLRCUS (active/inactive) Currently ACTIVE, must not be BYPASS. [Passed] B136 / B005 --&gt; DTC --&gt; DTC CH3: BRCUS1 (active/inactive) Currently ACTIVE, must not be BYPASS. [Passed] B136 / B005 --&gt; Digital Summary Chassis 2 --&gt; CH01: R119B PIC SUM1 Currently ACTIVE, must not be BYPASS. [Passed] B136 / B005 --&gt; Digital Summary Chassis 2 --&gt; CH02: R119B PIC SUM2 Currently ACTIVE, must not be BYPASS. [Passed] B136 / B005 --&gt; Digital Summary Chassis 2 --&gt; CH03: R119C PIC SUM1 Currently ACTIVE, must not be BYPASS. [Passed] B136 / B005 --&gt; Digital Summary Chassis 2 --&gt; CH04: R119C PIC SUM2 Currently ACTIVE, must not be BYPASS. [Passed] B136 / B005 --&gt; Digital Summary Chassis 2 --&gt; CH05: R119D PIC SUM1 Currently ACTIVE, must not be BYPASS. [Passed] B136 / B005 --&gt; Digital Summary Chassis 2 --&gt; CH06: R119D PIC SUM2 Currently ACTIVE, must not be BYPASS. [Passed] B136 / B005 --&gt; Digital Summary Chassis 2 --&gt; CH09: 136 DTC SUM1 Currently ACTIVE, must not be BYPASS. [Passed] B136 / B005 --&gt; Digital Summary Chassis 2 --&gt; CH10: 136 DTC SUM2 Currently ACTIVE, must not be BYPASS. [Passed] B136 / B005 --&gt; Digital Summary Chassis 2 --&gt; CH11: 005 DTC SUM1 Currently ACTIVE, must not be BYPASS. [Passed] B136 / B005 --&gt; Digital Summary Chassis 2 --&gt; CH12: 005 DTC SUM2 Currently ACTIVE, must not be BYPASS. [Passed] B136 / B005 --&gt; Digital Summary Chassis 2 --&gt; CH13: 005 PPS1-BCS Currently ACTIVE, must not be BYPASS. [Passed] B136 / B005 --&gt; Digital Summary Chassis 2 --&gt; CH14: 005 PPS2-BCS Currently ACTIVE, must not be BYPASS. [Passed] B136 / B005 --&gt; Digital Summary Chassis 1 --&gt; CH01: D2 FS1 Currently ACTIVE, must not be BYPASS. [Passed] B136 / B005 --&gt; Digital Summary Chassis 1 --&gt; CH02: D2 FS2 Currently ACTIVE, must not be BYPASS. [Passed] B136 / B005 --&gt; Digital Summary Chassis 1 --&gt; CH03: ST CLTS FS1 Currently ACTIVE, must not be BYPASS. [Passed] B136 / B005 --&gt; Digital Summary Chassis 1 --&gt; CH04: ST CLTS FS2 Currently ACTIVE, must not be BYPASS. [Passed] B136 / B005 --&gt; Digital Summary Chassis 1 --&gt; CH07: BSY PIC GAS PS1 Currently ACTIVE, must not be BYPASS. [Passed] B136 / B005 --&gt; Digital Summary Chassis 1 --&gt; CH08: BSY PIC GAS PS2 Currently ACTIVE, must not be BYPASS. [Passed] B911 --&gt; Bypass and Summary Chassis #1 --&gt; CH01: PIC Summary #1 Currently ACTIVE, must not be BYPASS. [Passed] B911 --&gt; Bypass and Summary Chassis #1 --&gt; CH02: PIC Summary #2 Currently ACTIVE, must not be BYPASS. [Passed] B911 --&gt; Bypass and Summary Chassis #1 --&gt; CH07: BTHW Summary #1 Currently ACTIVE, must not be BYPASS. [Passed] B911 --&gt; Bypass and Summary Chassis #1 --&gt; CH08: BTHW Summary #2 Currently ACTIVE, must not be BYPASS. [Passed] B911 --&gt; Bypass and Summary Chassis #2 (BTHW) --&gt; CH1: PIC Summary #1 Currently ACTIVE, must not be BYPASS. [Passed] B911 --&gt; Bypass and Summary Chassis #2 (BTHW) --&gt; CH2: PIC Summary #2 Currently ACTIVE, must not be BYPASS. [Passed] B911 --&gt; Bypass and Summary Chassis #2 (BTHW) --&gt; CH3: DTC Summary #1 Currently ACTIVE, must not be BYPASS. [Passed] B911 --&gt; Bypass and Summary Chassis #2 (BTHW) --&gt; CH4: DTC Summary #2 Currently ACTIVE, must not be BYPASS. [Passed] B911 --&gt; PIC Chassis 1 --&gt; CH1: LTU-LION-1N Currently ACTIVE, must not be BYPASS. [Passed] B911 --&gt; PIC Chassis 1 --&gt; CH2: LTU-LION-1S Currently ACTIVE, must not be BYPASS. [Passed] B911 --&gt; PIC Chassis 1 --&gt; CH3: LTU-LION-2N Currently ACTIVE, must not be BYPASS. [Passed] B911 --&gt; PIC Chassis 1 --&gt; CH4: LTU-LION-2S Currently ACTIVE, must not be BYPASS. [Passed] B911 --&gt; PIC Chassis 1 --&gt; CH5: LTU-LION-3N Currently ACTIVE, must not be BYPASS. [Passed] B911 --&gt; PIC Chassis 1 --&gt; CH6: LTU-LION-3S Currently ACTIVE, must not be BYPASS. [Passed] B911 --&gt; PIC Chassis 1 --&gt; CH9: LTU-PIC-BTM22-IC1 Currently ACTIVE, must not be BYPASS. [Passed] B911 --&gt; PIC Chassis 1 --&gt; CH10: LTU-PIC-BTM42-IC1 Currently ACTIVE, must not be BYPASS. [Passed] B911 --&gt; PIC Chassis 2 --&gt; CH01: PIC-BTM1-IC1 Currently ACTIVE, must not be BYPASS. [Passed] B911 --&gt; PIC Chassis 2 --&gt; CH02: PIC-BTM01B-IC1 Currently ACTIVE, must not be BYPASS. [Passed] B911 --&gt; PIC Chassis 2 --&gt; CH03: PIC-BTM2-IC1 Currently ACTIVE, must not be BYPASS. [Passed] B911 --&gt; PIC Chassis 2 --&gt; CH05: PIC-BTM3-IC1 Currently ACTIVE, must not be BYPASS. [Passed] B911 --&gt; PIC Chassis 2 --&gt; CH06: PIC-BTM03B-IC1 Currently ACTIVE, must not be BYPASS. [Passed] B911 --&gt; PIC Chassis 2 --&gt; CH07: PIC-BTM4-IC1 Currently ACTIVE, must not be BYPASS. [Passed] B911 --&gt; PIC Chassis 2 --&gt; CH08: PIC-BTM04B-IC1 Currently ACTIVE, must not be BYPASS. [Passed] B911 --&gt; PIC Chassis 2 --&gt; CH09: PIC-TDUND-IC1 Currently ACTIVE, must not be BYPASS. [Passed] B911 --&gt; DTC --&gt; CH1: BYD1 (active/inactive) Currently ACTIVE, must not be BYPASS. [Passed] B911 --&gt; DTC --&gt; CH2: BYD1 (redundant) (active/inactive) Currently ACTIVE, must not be BYPASS. [Passed] B911 --&gt; DTC --&gt; CH3: BY1B (active/inactive) Currently ACTIVE, must not be BYPASS. [Passed] B911 --&gt; DTC --&gt; CH4: BYD1B (active/inactive) Currently ACTIVE, must not be BYPASS. [Passed] B913 --&gt; Digital Summary Chassis #1 --&gt; CH01: PIC SUM #1 Currently ACTIVE, must not be BYPASS. [Passed] B913 --&gt; Digital Summary Chassis #1 --&gt; CH02: PIC SUM #2 Currently ACTIVE, must not be BYPASS. [Passed] B913 --&gt; Digital Summary Chassis #1 --&gt; CH03: LION GAS PSW #1 Currently ACTIVE, must not be BYPASS. [Passed] B913 --&gt; Digital Summary Chassis #1 --&gt; CH04: LION GAS PSW #2 Currently ACTIVE, must not be BYPASS. [Passed] B913 --&gt; Digital Summary Chassis #1 --&gt; CH05: PIC GAS PSW #1 Currently ACTIVE, must not be BYPASS. [Passed] B913 --&gt; Digital Summary Chassis #1 --&gt; CH06: PIC GAS PSW #2 Currently ACTIVE, must not be BYPASS. [Passed] B913 --&gt; PIC Chassis #1 --&gt; CH01: LTU LION-4N Currently ACTIVE, must not be BYPASS. [Passed] B913 --&gt; PIC Chassis #1 --&gt; CH02: LTU LION-4S Currently ACTIVE, must not be BYPASS. [Passed] B913 --&gt; PIC Chassis #1 --&gt; CH03: LTU LION-5N Currently ACTIVE, must not be BYPASS. [Passed] B913 --&gt; PIC Chassis #1 --&gt; CH04: LTU LION-5S Currently ACTIVE, must not be BYPASS. [Passed] B913 --&gt; PIC Chassis #1 --&gt; CH05: LTU LION-6N Currently ACTIVE, must not be BYPASS. [Passed] B913 --&gt; PIC Chassis #1 --&gt; CH06: LTU LION-6S Currently ACTIVE, must not be BYPASS. [Passed] B913 --&gt; PIC Chassis #1 --&gt; CH07: LTU LION-7N Currently ACTIVE, must not be BYPASS. [Passed] B913 --&gt; PIC Chassis #1 --&gt; CH08: LTU LION-7S Currently ACTIVE, must not be BYPASS. [Passed] B913 --&gt; PIC Chassis #1 --&gt; CH10: PIC-TDUNDB-IC1 Currently ACTIVE, must not be BYPASS. [Passed] B921 --&gt; PICS --&gt; DUMP PIC Chassis #1 --&gt; CH01: PIC-BTMQUE/PCPM0-IC1 Currently ACTIVE, must not be BYPASS. [Passed] B921 --&gt; PICS --&gt; DUMP PIC Chassis #1 --&gt; CH03: PIC-PCPM1-IC1 Currently ACTIVE, must not be BYPASS. [Passed] B921 --&gt; PICS --&gt; DUMP PIC Chassis #1 --&gt; CH04: PIC-PCPM1B-IC1 Currently ACTIVE, must not be BYPASS. [Passed] B921 --&gt; PICS --&gt; DUMP PIC Chassis #1 --&gt; CH05: PIC-PCPM2-IC1 Currently ACTIVE, must not be BYPASS. [Passed] B921 --&gt; PICS --&gt; DUMP PIC Chassis #1 --&gt; CH06: PIC-PCPM2B-IC1 Currently ACTIVE, must not be BYPASS. [Passed] B921 --&gt; PICS --&gt; DUMP PIC Chassis #1 --&gt; CH07: PIC-BYD-IC1 Currently ACTIVE, must not be BYPASS. [Passed] B921 --&gt; PICS --&gt; DUMP PIC Chassis #1 --&gt; CH08: PIC-BYDB-IC1 Currently ACTIVE, must not be BYPASS. [Passed] B921 --&gt; PICS --&gt; DUMP PIC Chassis #1 --&gt; CH010: PIC-BTMQUEB/PCPM0B-IC1 Currently ACTIVE, must not be BYPASS. [Passed] B921 --&gt; PICS --&gt; DUMP PIC Chassis #2 --&gt; CH01: PIC-PCPM3-IC1 Currently ACTIVE, must not be BYPASS. [Passed] B921 --&gt; PICS --&gt; DUMP PIC Chassis #2 --&gt; CH02: PIC-PCPM3B-IC1 Currently ACTIVE, must not be BYPASS. [Passed] B921 --&gt; PICS --&gt; DUMP PIC Chassis #2 --&gt; CH03: PIC-PCTCX-IC1 Currently ACTIVE, must not be BYPASS. [Passed] B921 --&gt; PICS --&gt; DUMP PIC Chassis #2 --&gt; CH05: PIC-SFTDMP-IC1 Currently ACTIVE, must not be BYPASS. [Passed] B921 --&gt; PICS --&gt; DUMP PIC Chassis #2 --&gt; CH06: PIC-SFTDMPB-IC1 Currently ACTIVE, must not be BYPASS. [Passed] B921 --&gt; DTC --&gt; DTC1 CH1: BYDSS (active/inactive) Currently ACTIVE, must not be BYPASS. [Passed] B921 --&gt; DTC --&gt; DTC1 CH2: BYDSH (active/inactive) Currently ACTIVE, must not be BYPASS. [Passed] B921 --&gt; Digital Summary Chassis --&gt; CH1: DTC SUM1 Currently ACTIVE, must not be BYPASS. [Passed] B921 --&gt; Digital Summary Chassis --&gt; CH2: DTC SUM2 Currently ACTIVE, must not be BYPASS. [Passed] B921 --&gt; Digital Summary Chassis --&gt; CH3: ND1S Currently ACTIVE, must not be BYPASS. [Passed] B921 --&gt; Digital Summary Chassis --&gt; CH4: ND1H Currently ACTIVE, must not be BYPASS. [Passed] B921 --&gt; Digital Summary Chassis --&gt; CH5: ND2S Currently ACTIVE, must not be BYPASS. [Passed] B921 --&gt; Digital Summary Chassis --&gt; CH9: PIC SUM1 Currently ACTIVE, must not be BYPASS. [Passed] B921 --&gt; Digital Summary Chassis --&gt; CH10: PIC SUM2 Currently ACTIVE, must not be BYPASS. [Passed] B921 --&gt; Digital Summary Chassis --&gt; CH11: EDMP FS1 Currently ACTIVE, must not be BYPASS. [Passed] B921 --&gt; Digital Summary Chassis --&gt; CH12: EDMP FS2 Currently ACTIVE, must not be BYPASS. [Passed] B921 --&gt; Digital Summary Chassis --&gt; CH13: VAT SUM1 Currently ACTIVE, must not be BYPASS. [Passed] B921 --&gt; Digital Summary Chassis --&gt; CH14: VAT SUM2 Currently ACTIVE, must not be BYPASS. [Passed] B921 --&gt; Digital Summary Chassis --&gt; CH15: VAT SUM3 Currently ACTIVE, must not be BYPASS. [Passed] B921 --&gt; Digital Summary Chassis --&gt; CH16: VAT SUM4 Currently ACTIVE, must not be BYPASS. *** ST950/960 status is NOT_IN *** [Passed] LI28 --&gt; Summary Chassis --&gt; CH01: PIC Summary 1 Currently BYPASS, must not be ACTIVE. [Passed] LI28 --&gt; Summary Chassis --&gt; CH02: PIC Summary 2 Currently BYPASS, must not be ACTIVE. [Passed] LI28 --&gt; Summary Chassis --&gt; CH03: ST950 Flwswch 1 Currently BYPASS, must not be ACTIVE. [Passed] LI28 --&gt; Summary Chassis --&gt; CH04: ST950 Flwswch 2 Currently BYPASS, must not be ACTIVE. [Passed] LI28 --&gt; Summary Chassis --&gt; CH05: ST960 Flwswch 1 Currently BYPASS, must not be ACTIVE. [Passed] LI28 --&gt; Summary Chassis --&gt; CH06: ST960 Flwswch 2 Currently BYPASS, must not be ACTIVE. [Passed] B136 / B005 --&gt; DTC --&gt; B136 --&gt; DTC CH1: BLRCUS (low trip) Currently at 6.54993514916, must be 6.55 +/- 0.01 [Passed] B136 / B005 --&gt; DTC --&gt; B136 --&gt; DTC CH1: BLRCUS (high trip) Currently at 7.78377965972, must be 7.78 +/- 0.01 [Passed] B136 / B005 --&gt; DTC --&gt; B136 --&gt; DTC CH3: BRCUS1 (low trip) Currently at 6.64087891966, must be 6.64 +/- 0.01 [Passed] B136 / B005 --&gt; DTC --&gt; B136 --&gt; DTC CH3: BRCUS1 (high trip) Currently at 7.93514915694, must be 7.93 +/- 0.01 [Passed] B136 / B005 --&gt; DTC --&gt; B005 --&gt; DTC1 CH1: BY1-BY2 (low trip) Currently at 6.18707560845, must be 6.19 +/- 0.01 [Passed] B136 / B005 --&gt; DTC --&gt; B005 --&gt; DTC1 CH1: BY1-BY2 (high trip) Currently at 7.09224078737, must be 7.09 +/- 0.01 [Passed] B911 --&gt; DTC --&gt; DTC1 CH1: BYD1 (low trip) Currently at 6.45502403296, must be 6.45 +/- 0.01 [Passed] B911 --&gt; DTC --&gt; DTC1 CH1: BYD1 (high trip) Currently at 8.43045700771, must be 8.43 +/- 0.01 [Passed] B911 --&gt; DTC --&gt; DTC1 CH2: BYD1 (redundant) (low trip) Currently at 6.5615320058, must be 6.56 +/- 0.01 [Passed] B911 --&gt; DTC --&gt; DTC1 CH2: BYD1 (redundant) (high trip) Currently at 8.47592889296, must be 8.47 +/- 0.01 [Passed] B911 --&gt; DTC --&gt; DTC1 CH3: BY1B (low trip) Currently at 6.27374685283, must be 6.27 +/- 0.01 [Passed] B911 --&gt; DTC --&gt; DTC1 CH3: BY1B (high trip) Currently at 6.70038910506, must be 6.7 +/- 0.01 [Passed] B911 --&gt; DTC --&gt; DTC1 CH4: BYD1B (low trip) Currently at 6.85633630884, must be 6.86 +/- 0.01 [Passed] B911 --&gt; DTC --&gt; DTC1 CH4: BYD1B (high trip) Currently at 8.81284809644, must be 8.81 +/- 0.01 [Passed] B921 --&gt; DTC --&gt; DTC1 CH1: BYDSS (low trip) Currently at 6.20782787823, must be 6.21 +/- 0.01 [Passed] B921 --&gt; DTC --&gt; DTC1 CH1: BYDSS (high trip) Currently at 6.79926756695, must be 6.8 +/- 0.01 [Passed] B921 --&gt; DTC --&gt; DTC1 CH2: BYDSH (low trip) Currently at 6.16845960174, must be 6.17 +/- 0.01 [Passed] B921 --&gt; DTC --&gt; DTC1 CH2: BYDSH (high trip) Currently at 7.25764858473, must be 7.26 +/- 0.01 [Passed] B136 / B005 --&gt; R119B PICs --&gt; CH01: PCBSY4-IC1 Currently ACTIVE, must not be BYPASS. [Passed] B136 / B005 --&gt; R119B PICs --&gt; CH02: PCBSY5-IC1 Currently ACTIVE, must not be BYPASS. [Passed] B136 / B005 --&gt; R119B PICs --&gt; CH04: ST34B-IC1 Currently ACTIVE, must not be BYPASS. [Passed] B136 / B005 --&gt; R119B PICs --&gt; CH05: PCBP33-IC1 Currently ACTIVE, must not be BYPASS. [Passed] B136 / B005 --&gt; R119B PICs --&gt; CH08: ST60-IC1 Currently ACTIVE, must not be BYPASS. [Passed] B136 / B005 --&gt; R119C PICs --&gt; CH07: BLRCUS-IC1 Currently ACTIVE, must not be BYPASS. [Passed] B136 / B005 --&gt; R119C PICs --&gt; CH08: ST61-IC1 Currently ACTIVE, must not be BYPASS. [Passed] B136 / B005 --&gt; R119C PICs --&gt; CH10: PCSP3S-IC1 Currently ACTIVE, must not be BYPASS. [Passed] B136 / B005 --&gt; R119D PICs --&gt; CH01: PCSP4S-IC1 Currently ACTIVE, must not be BYPASS. [Passed] B136 / B005 --&gt; R119D PICs --&gt; CH05: STCLTS-IC1 Currently ACTIVE, must not be BYPASS. [Passed] B136 / B005 --&gt; R119D PICs --&gt; CH07: ST34A-IC1 Currently ACTIVE, must not be BYPASS. [Passed] B136 / B005 --&gt; R119D PICs --&gt; CH10: D2-IC1 Currently ACTIVE, must not be BYPASS. *** D2 stopper status is NOT_IN *** *** ST34 stopper status is NOT_IN *** *** STCLTS stopper status is NOT_IN *** [Passed] B136 / B005 --&gt; DTC --&gt; B005 --&gt; DTC1 CH1: BY1-BY2 (active/inactive) Currently ACTIVE, must not be BYPASS. LCLS BCS checks successful. FACET BCS checks performed using the 3/1/2021 version of the checklist. [Passed] LI20 --&gt; PIC Summary 1 Currently ACTIVE, must not be BYPASS. [Passed] LI20 --&gt; PIC Summary 2 Currently ACTIVE, must not be BYPASS. [Passed] LI20 --&gt; LION Gas Pressure Switch 1 Currently ACTIVE, must not be BYPASS. [Passed] LI20 --&gt; LION Gas Pressure Switch 2 Currently ACTIVE, must not be BYPASS. [Passed] LI20 --&gt; PIC Gas Pressure Switch 1 Currently ACTIVE, must not be BYPASS. [Passed] LI20 --&gt; PIC Gas Pressure Switch 2 Currently ACTIVE, must not be BYPASS. [Passed] LI20 --&gt; FACET-II Dump Flow Switch 1 Currently ACTIVE, must not be BYPASS. [Passed] LI20 --&gt; FACET-II Dump Flow Switch 2 Currently ACTIVE, must not be BYPASS. [Passed] LI20 --&gt; B1 Dump Flow Switch 1 Currently ACTIVE, must not be BYPASS. [Passed] LI20 --&gt; B1 Dump Flow Switch 2 Currently ACTIVE, must not be BYPASS. [Passed] LI20 --&gt; LI19 LION 1N Currently OK, must not be BYPASS. [Passed] LI20 --&gt; LI19 LION 1S Currently OK, must not be BYPASS. [Passed] LI20 --&gt; LI19 LION 2N Currently OK, must not be BYPASS. [Passed] LI20 --&gt; LI19 LION 2S Currently OK, must not be BYPASS. [Passed] LI20 --&gt; LI19 LION 3N Currently OK, must not be BYPASS. [Passed] LI20 --&gt; LI19 LION 3S Currently OK, must not be BYPASS. [Passed] LI20 --&gt; SCAVEXT-LION-1N Currently OK, must not be BYPASS. [Passed] LI20 --&gt; SCAVEXT-LION-1S Currently OK, must not be BYPASS. [Passed] LI20 --&gt; FDMP-IC1 Currently OK, must not be BYPASS. [Passed] LI20 --&gt; FDMP-IC2 Currently OK, must not be BYPASS. FACET BCS checks successful.",
    "lastName": "Physics",
    "userName": "physics",
    "tags": [],
    "attachments": [],
    "followUps": [],
    "references": [],
    "loggedAt": {
      "$date": "2022-02-27T08:15:09.000Z"
    },
    "eventAt": {
      "$date": "2022-02-27T08:15:08.000Z"
    },
    "version": 0,
    "_class": "edu.stanford.slac.elog_plus.model.Entry"
  },
  {
    "_id": {
      "$oid": "65384a2e5ec1e72404bf5908"
    },
    "originId": "MCC_1127008",
    "logbooks": [
      "6536f0b5fbf92e44a767571d"
    ],
    "title": "21-5 got a WA1 fault",
    "text": "",
    "lastName": "Duong",
    "firstName": "Tri",
    "userName": "thduong2",
    "tags": [
      "68acd11d-05a8-45f5-b559-55a8d8833373"
    ],
    "attachments": [],
    "followUps": [],
    "references": [],
    "loggedAt": {
      "$date": "2022-02-27T10:04:29.000Z"
    },
    "eventAt": {
      "$date": "2022-02-27T10:04:29.000Z"
    },
    "version": {
      "$numberLong": "2"
    },
    "_class": "edu.stanford.slac.elog_plus.model.Entry",
    "supersededBy": "65384a2e5ec1e72404bf5909"
  },
  {
    "_id": {
      "$oid": "65384a2e5ec1e72404bf5909"
    },
    "originId": "MCC_1127009",
    "logbooks": [
      "6536f0b5fbf92e44a767571d"
    ],
    "title": "21-5 got a WA1 and AMM fault. Feedback ran away and beam recovered.",
    "text": "",
    "lastName": "Duong",
    "firstName": "Tri",
    "userName": "thduong2",
    "tags": [
      "68acd11d-05a8-45f5-b559-55a8d8833373"
    ],
    "attachments": [],
    "followUps": [],
    "references": [],
    "loggedAt": {
      "$date": "2022-02-27T10:11:25.000Z"
    },
    "eventAt": {
      "$date": "2022-02-27T10:04:29.000Z"
    },
    "version": 0,
    "_class": "edu.stanford.slac.elog_plus.model.Entry"
  },
  {
    "_id": {
      "$oid": "65384a2e5ec1e72404bf590a"
    },
    "originId": "MCC_1127010",
    "logbooks": [
      "6536f0b5fbf92e44a767571d",
      "6536f0b5fbf92e44a7675730"
    ],
    "title": "Standby-&gt;PSV Klystrons (39 stations)",
    "text": "Standby-&gt;PSV Klystrons 23-1 23-2 23-3 23-4 23-5 23-6 23-7 23-8 25-1 25-2 25-3 25-4 25-5 25-6 25-7 25-8 26-1 26-2 26-4 26-5 26-6 26-7 26-8 27-1 27-2 27-3 27-4 27-5 27-6 27-7 27-8 28-1 28-2 28-3 28-4 28-5 28-6 28-7 28-8",
    "lastName": "Physics",
    "userName": "physics",
    "tags": [],
    "attachments": [],
    "followUps": [],
    "references": [],
    "loggedAt": {
      "$date": "2022-02-27T10:35:22.000Z"
    },
    "eventAt": {
      "$date": "2022-02-27T10:35:22.000Z"
    },
    "version": 0,
    "_class": "edu.stanford.slac.elog_plus.model.Entry"
  },
  {
    "_id": {
      "$oid": "65384a2e5ec1e72404bf590b"
    },
    "originId": "MCC_1127011",
    "logbooks": [
      "6536f0b5fbf92e44a767571d",
      "6536f0b5fbf92e44a7675724"
    ],
    "title": "Walkthrough complete. No problems found.",
    "text": "",
    "lastName": "Duong",
    "firstName": "Tri",
    "userName": "thduong2",
    "tags": [
      "68acd11d-05a8-45f5-b559-55a8d8833373",
      "bda8d02e-57a4-4ec7-90fd-46d0187d57a9"
    ],
    "attachments": [],
    "followUps": [],
    "references": [],
    "loggedAt": {
      "$date": "2022-02-27T10:51:47.000Z"
    },
    "eventAt": {
      "$date": "2022-02-27T10:51:47.000Z"
    },
    "version": 0,
    "_class": "edu.stanford.slac.elog_plus.model.Entry"
  },
  {
    "_id": {
      "$oid": "65384a2e5ec1e72404bf590c"
    },
    "originId": "MCC_1127012",
    "logbooks": [
      "6536f0b5fbf92e44a767571d"
    ],
    "title": "Done with LI11 and LI14 BBA. Tranmission is still at ~80%. Will work on all of LI19 QUADs BBA.",
    "text": "",
    "lastName": "Duong",
    "firstName": "Tri",
    "userName": "thduong2",
    "tags": [
      "0ba5394e-30cf-47f3-aaca-cfe5794332bd"
    ],
    "attachments": [],
    "followUps": [],
    "references": [],
    "loggedAt": {
      "$date": "2022-02-27T11:19:10.000Z"
    },
    "eventAt": {
      "$date": "2022-02-27T11:19:10.000Z"
    },
    "version": 0,
    "_class": "edu.stanford.slac.elog_plus.model.Entry"
  },
  {
    "_id": {
      "$oid": "65384a2e5ec1e72404bf590d"
    },
    "originId": "MCC_1127013",
    "logbooks": [
      "6536f0b5fbf92e44a767571d"
    ],
    "title": "21-5 continues to have water faults from time to time",
    "text": "For some reason these mostly aren't showing up on the Klystron CUD.",
    "lastName": "Ripman",
    "firstName": "Ben",
    "userName": "bripman",
    "tags": [
      "68acd11d-05a8-45f5-b559-55a8d8833373"
    ],
    "attachments": [],
    "followUps": [],
    "references": [],
    "loggedAt": {
      "$date": "2022-02-27T11:41:48.000Z"
    },
    "eventAt": {
      "$date": "2022-02-27T11:41:48.000Z"
    },
    "version": 0,
    "_class": "edu.stanford.slac.elog_plus.model.Entry"
  },
  {
    "_id": {
      "$oid": "65384a2e5ec1e72404bf590e"
    },
    "originId": "MCC_1127014",
    "logbooks": [
      "6536f0b5fbf92e44a767571d"
    ],
    "title": "Reminder to take stations out of PSV",
    "text": "",
    "lastName": "Ripman",
    "firstName": "Ben",
    "userName": "bripman",
    "tags": [
      "68acd11d-05a8-45f5-b559-55a8d8833373"
    ],
    "attachments": [],
    "followUps": [],
    "references": [],
    "loggedAt": {
      "$date": "2022-02-27T11:58:46.000Z"
    },
    "eventAt": {
      "$date": "2022-02-27T16:30:00.000Z"
    },
    "version": 0,
    "_class": "edu.stanford.slac.elog_plus.model.Entry"
  },
  {
    "_id": {
      "$oid": "65384a2e5ec1e72404bf590f"
    },
    "originId": "MCC_1127015",
    "logbooks": [
      "6536f0b5fbf92e44a767572c"
    ],
    "title": "NIGHT-Shift Report 2/26-27/2022 Sat-Sun",
    "text": "PROGRAM: SPEAR to BEAMS delivering 500mA to users with top-off every 5 mins. BEAMLINES: All open. FAULTS: None. EXPERIMENTS: 2315-2330 BL6-2 user support. Sample horizontal motor jammed in one direction. Gave user Moly 50 lube to clean threaded screw. OPERATIONS: Cabinet shelf liners installed in all new-style cabinets around lab.",
    "lastName": "Gooding",
    "firstName": "Sarah",
    "userName": "sarahed",
    "tags": [],
    "attachments": [],
    "followUps": [],
    "references": [],
    "loggedAt": {
      "$date": "2022-02-27T13:23:49.000Z"
    },
    "eventAt": {
      "$date": "2022-02-27T13:23:49.000Z"
    },
    "version": 0,
    "_class": "edu.stanford.slac.elog_plus.model.Entry"
  },
  {
    "_id": {
      "$oid": "65384a2e5ec1e72404bf5910"
    },
    "originId": "MCC_1127016",
    "logbooks": [
      "6536f0b5fbf92e44a767571d"
    ],
    "title": "21-5 is becoming more and more of a problem - contacted Facilities to request an instrument tech's help",
    "text": "They're making phone calls and will get back to us shortly.",
    "lastName": "Ripman",
    "firstName": "Ben",
    "userName": "bripman",
    "tags": [
      "68acd11d-05a8-45f5-b559-55a8d8833373"
    ],
    "attachments": [],
    "followUps": [],
    "references": [],
    "loggedAt": {
      "$date": "2022-02-27T13:38:39.000Z"
    },
    "eventAt": {
      "$date": "2022-02-27T13:38:39.000Z"
    },
    "version": 0,
    "_class": "edu.stanford.slac.elog_plus.model.Entry"
  },
  {
    "_id": {
      "$oid": "65384a2e5ec1e72404bf5911"
    },
    "originId": "MCC_1127017",
    "logbooks": [
      "6536f0b5fbf92e44a767571d"
    ],
    "title": "Instrument tech Butler is coming in, ETA ~45 minutes",
    "text": "",
    "lastName": "Ripman",
    "firstName": "Ben",
    "userName": "bripman",
    "tags": [
      "68acd11d-05a8-45f5-b559-55a8d8833373"
    ],
    "attachments": [],
    "followUps": [],
    "references": [],
    "loggedAt": {
      "$date": "2022-02-27T13:50:26.000Z"
    },
    "eventAt": {
      "$date": "2022-02-27T13:50:26.000Z"
    },
    "version": 0,
    "_class": "edu.stanford.slac.elog_plus.model.Entry"
  },
  {
    "_id": {
      "$oid": "65384a2e5ec1e72404bf5912"
    },
    "originId": "MCC_1127018",
    "logbooks": [
      "6536f0b5fbf92e44a767571d"
    ],
    "title": "We've been gradually raising the photon energy for TMO - instructions inside",
    "text": "The script shifts the relevant girders in order to change the photon energy by a user-requested amount. We could do this via the taper GUI of course, but the script is quite convenient. To use the script, open a Matlab terminal and cd to /home/physics/dcesar/taper_tools. From this directory you can run the script with the following command: shift_k(15,[[26:34] [36:43]],'PSfiles',cellData) Here the first argument (15) is the number of electron volts by which you're changing the energy, the next few arguments tell the script which girders to move, and the final couple of arguments are opaque to me. You will need to initialize the cellData argument before running the script, which you can do by copying the following, pasting it into the Matlab terminal, and executing it: if ~exist('cellData') addpath ( genpath ( '/home/physics/nuhn/wrk/matlab' ), genpath ( '/home/physics/wolf/PhaseShifterManagerR2' ) ); addpath ( genpath ( '/home/physics/wolf/PhaseShifterManager' ) ); cellData={}; cellData.param=cell_data_param(); cellData.PSdata=sxr_ps_manage_init(cellData.param); %or hxr_ps_manage_init(); cellData.undulatorLine='SXR';%end init end",
    "lastName": "Ripman",
    "firstName": "Ben",
    "userName": "bripman",
    "tags": [
      "68acd11d-05a8-45f5-b559-55a8d8833373"
    ],
    "attachments": [],
    "followUps": [],
    "references": [],
    "loggedAt": {
      "$date": "2022-02-27T14:38:20.000Z"
    },
    "eventAt": {
      "$date": "2022-02-27T14:38:20.000Z"
    },
    "version": 0,
    "_class": "edu.stanford.slac.elog_plus.model.Entry"
  },
  {
    "_id": {
      "$oid": "65384a2e5ec1e72404bf5913"
    },
    "originId": "MCC_1127019",
    "logbooks": [
      "6536f0b5fbf92e44a767571d"
    ],
    "title": "Butler is here, he's taking 21-5 down for a few minutes to adjust the flow",
    "text": "",
    "lastName": "Ripman",
    "firstName": "Ben",
    "userName": "bripman",
    "tags": [
      "68acd11d-05a8-45f5-b559-55a8d8833373"
    ],
    "attachments": [],
    "followUps": [],
    "references": [],
    "loggedAt": {
      "$date": "2022-02-27T14:42:39.000Z"
    },
    "eventAt": {
      "$date": "2022-02-27T14:42:39.000Z"
    },
    "version": 0,
    "_class": "edu.stanford.slac.elog_plus.model.Entry"
  },
  {
    "_id": {
      "$oid": "65384a2f5ec1e72404bf5914"
    },
    "originId": "MCC_1127020",
    "logbooks": [
      "6536f0b5fbf92e44a767571d"
    ],
    "title": "Beam back to TMO",
    "text": "Butler said that the flowswitch trip setting had drifted down over time; he adjusted it back up to the normal value.",
    "lastName": "Ripman",
    "firstName": "Ben",
    "userName": "bripman",
    "tags": [
      "68acd11d-05a8-45f5-b559-55a8d8833373"
    ],
    "attachments": [],
    "followUps": [],
    "references": [],
    "loggedAt": {
      "$date": "2022-02-27T14:56:10.000Z"
    },
    "eventAt": {
      "$date": "2022-02-27T14:56:10.000Z"
    },
    "version": 0,
    "_class": "edu.stanford.slac.elog_plus.model.Entry"
  },
  {
    "_id": {
      "$oid": "65384a2f5ec1e72404bf5915"
    },
    "originId": "MCC_1127021",
    "logbooks": [
      "6536f0b5fbf92e44a7675724"
    ],
    "title": "Day shift Duty Tech Wing Chang 0645-1515",
    "text": "Day shift Duty Tech Wing Chang 0645-1515",
    "lastName": "Chang",
    "firstName": "Wing Poi",
    "userName": "wchang",
    "tags": [
      "bda8d02e-57a4-4ec7-90fd-46d0187d57a9"
    ],
    "attachments": [],
    "followUps": [],
    "references": [],
    "loggedAt": {
      "$date": "2022-02-27T15:05:20.000Z"
    },
    "eventAt": {
      "$date": "2022-02-27T15:05:20.000Z"
    },
    "version": 0,
    "_class": "edu.stanford.slac.elog_plus.model.Entry"
  },
  {
    "_id": {
      "$oid": "65384a2f5ec1e72404bf5916"
    },
    "originId": "MCC_1127022",
    "logbooks": [
      "6536f0b5fbf92e44a767571d"
    ],
    "title": "11-2 jitter is getting worse and worse, asked PEM to take a look",
    "text": "I believe Ahmed mentioned that they said it needs a new solid state subbooster and than there are no spares, but I asked the day shift PEM tech to double check that that's true. The transverse jitter down in LI19/20 is bad enough that we're having trouble getting BBA data.",
    "lastName": "Ripman",
    "firstName": "Ben",
    "userName": "bripman",
    "tags": [
      "0ba5394e-30cf-47f3-aaca-cfe5794332bd"
    ],
    "attachments": [],
    "followUps": [],
    "references": [],
    "loggedAt": {
      "$date": "2022-02-27T15:12:10.000Z"
    },
    "eventAt": {
      "$date": "2022-02-27T15:12:10.000Z"
    },
    "version": 0,
    "_class": "edu.stanford.slac.elog_plus.model.Entry"
  },
  {
    "_id": {
      "$oid": "65384a2f5ec1e72404bf5917"
    },
    "originId": "MCC_1127023",
    "logbooks": [
      "6536f0b5fbf92e44a767571d"
    ],
    "title": "Stopping with BBA. Setting up variable charge config.",
    "text": "",
    "lastName": "Duong",
    "firstName": "Tri",
    "userName": "thduong2",
    "tags": [
      "0ba5394e-30cf-47f3-aaca-cfe5794332bd"
    ],
    "attachments": [],
    "followUps": [],
    "references": [],
    "loggedAt": {
      "$date": "2022-02-27T15:34:05.000Z"
    },
    "eventAt": {
      "$date": "2022-02-27T15:34:05.000Z"
    },
    "version": 0,
    "_class": "edu.stanford.slac.elog_plus.model.Entry"
  },
  {
    "_id": {
      "$oid": "65384a2f5ec1e72404bf5918"
    },
    "originId": "MCC_1127024",
    "logbooks": [
      "6536f0b5fbf92e44a767571d"
    ],
    "title": "OWL SHIFT SUMMARY",
    "text": "Comment # Comment 1LCLS: Delivered to TMO all night - 4.5 GeV, various energies in the ~850-900 eV range. 2LCLS: 21-5 tripped on water faults with increasing frequency over the course of the night, eventually called in an instrument tech to adjust the flowswitch. (-0.5 H total) 3FACET: Quad BBA measurements all shift.\n<br>\n<br>Program Delivered User Off Tuning Config \u0394s Accl. Down Sched. Off FACET-II_comm8.00.00.00.00.00LCLS-MD0.00.00.00.00.08TMO_user7.50.00.00.00.50\n<br>",
    "lastName": "Ripman",
    "firstName": "Ben",
    "userName": "bripman",
    "tags": [],
    "attachments": [],
    "followUps": [],
    "references": [],
    "loggedAt": {
      "$date": "2022-02-27T15:39:31.000Z"
    },
    "eventAt": {
      "$date": "2022-02-27T15:59:59.000Z"
    },
    "version": 0,
    "_class": "edu.stanford.slac.elog_plus.model.Entry"
  },
  {
    "_id": {
      "$oid": "65384a2f5ec1e72404bf5919"
    },
    "originId": "MCC_1127025",
    "logbooks": [
      "6536f0b5fbf92e44a767571d"
    ],
    "title": "MCC Shift Change: Day Shift, Sunday, 27-Feb-2022",
    "text": "LCLS: XLEAP to TMO until 09:00, then 9.831 keV to XPP/MFX FACET: Build injector configurations at different charges, then ML MD at noon",
    "lastName": "Saad",
    "firstName": "Alexander",
    "userName": "aasaad",
    "tags": [],
    "attachments": [],
    "followUps": [],
    "references": [],
    "loggedAt": {
      "$date": "2022-02-27T16:16:35.000Z"
    },
    "eventAt": {
      "$date": "2022-02-27T16:00:00.000Z"
    },
    "version": 0,
    "_class": "edu.stanford.slac.elog_plus.model.Entry"
  },
  {
    "_id": {
      "$oid": "65384a2f5ec1e72404bf591a"
    },
    "originId": "MCC_1127026",
    "logbooks": [
      "6536f0b5fbf92e44a7675724"
    ],
    "title": "Walkthrough complete. No problems found.",
    "text": "Walkthrough complete. No problems found.",
    "lastName": "Chang",
    "firstName": "Wing Poi",
    "userName": "wchang",
    "tags": [
      "bda8d02e-57a4-4ec7-90fd-46d0187d57a9"
    ],
    "attachments": [],
    "followUps": [],
    "references": [],
    "loggedAt": {
      "$date": "2022-02-27T16:19:53.000Z"
    },
    "eventAt": {
      "$date": "2022-02-27T16:19:53.000Z"
    },
    "version": 0,
    "_class": "edu.stanford.slac.elog_plus.model.Entry"
  },
  {
    "_id": {
      "$oid": "65384a2f5ec1e72404bf591b"
    },
    "originId": "MCC_1127027",
    "logbooks": [
      "6536f0b5fbf92e44a767571d",
      "6536f0b5fbf92e44a7675730"
    ],
    "title": "PSV-&gt;Standby Klystrons (15 stations)",
    "text": "PSV-&gt;Standby Klystrons 25-1 25-2 25-3 25-4 25-6 25-8 26-1 26-2 26-6 26-7 26-8 28-1 28-2 28-3 28-4",
    "lastName": "Physics",
    "userName": "physics",
    "tags": [],
    "attachments": [],
    "followUps": [],
    "references": [],
    "loggedAt": {
      "$date": "2022-02-27T16:33:01.000Z"
    },
    "eventAt": {
      "$date": "2022-02-27T16:33:01.000Z"
    },
    "version": 0,
    "_class": "edu.stanford.slac.elog_plus.model.Entry"
  },
  {
    "_id": {
      "$oid": "65384a2f5ec1e72404bf591c"
    },
    "originId": "MCC_1127028",
    "logbooks": [
      "6536f0b5fbf92e44a767571d"
    ],
    "title": "TMO is done taking beam. Setting up for XPP and MFX.",
    "text": "",
    "lastName": "Duong",
    "firstName": "Tri",
    "userName": "thduong2",
    "tags": [
      "68acd11d-05a8-45f5-b559-55a8d8833373"
    ],
    "attachments": [],
    "followUps": [],
    "references": [],
    "loggedAt": {
      "$date": "2022-02-27T17:01:42.000Z"
    },
    "eventAt": {
      "$date": "2022-02-27T17:01:42.000Z"
    },
    "version": 0,
    "_class": "edu.stanford.slac.elog_plus.model.Entry"
  },
  {
    "_id": {
      "$oid": "65384a2f5ec1e72404bf591d"
    },
    "originId": "MCC_1127029",
    "logbooks": [
      "6536f0b5fbf92e44a767571d"
    ],
    "title": "23-1 through 23-8 MOD faulted. Reset okay.",
    "text": "",
    "lastName": "Duong",
    "firstName": "Tri",
    "userName": "thduong2",
    "tags": [
      "68acd11d-05a8-45f5-b559-55a8d8833373"
    ],
    "attachments": [],
    "followUps": [],
    "references": [],
    "loggedAt": {
      "$date": "2022-02-27T17:04:30.000Z"
    },
    "eventAt": {
      "$date": "2022-02-27T17:04:30.000Z"
    },
    "version": 0,
    "_class": "edu.stanford.slac.elog_plus.model.Entry"
  },
  {
    "_id": {
      "$oid": "65384a2f5ec1e72404bf591e"
    },
    "originId": "MCC_1127030",
    "logbooks": [
      "6536f0b5fbf92e44a767571d"
    ],
    "title": "Delivering ~1.7 mJ to XPP and MFX",
    "text": "",
    "lastName": "Duong",
    "firstName": "Tri",
    "userName": "thduong2",
    "tags": [
      "68acd11d-05a8-45f5-b559-55a8d8833373"
    ],
    "attachments": [],
    "followUps": [],
    "references": [],
    "loggedAt": {
      "$date": "2022-02-27T17:10:01.000Z"
    },
    "eventAt": {
      "$date": "2022-02-27T17:10:01.000Z"
    },
    "version": 0,
    "_class": "edu.stanford.slac.elog_plus.model.Entry"
  },
  {
    "_id": {
      "$oid": "65384a2f5ec1e72404bf591f"
    },
    "originId": "MCC_1127031",
    "logbooks": [
      "6536f0b5fbf92e44a767571d"
    ],
    "title": "Complete charge variation config from 300 pC through 700 pC. Will put in TD11 for now.",
    "text": "Each charge configs are match and SCORE.",
    "lastName": "Duong",
    "firstName": "Tri",
    "userName": "thduong2",
    "tags": [
      "0ba5394e-30cf-47f3-aaca-cfe5794332bd"
    ],
    "attachments": [],
    "followUps": [],
    "references": [],
    "loggedAt": {
      "$date": "2022-02-27T18:05:18.000Z"
    },
    "eventAt": {
      "$date": "2022-02-27T18:05:18.000Z"
    },
    "version": 0,
    "_class": "edu.stanford.slac.elog_plus.model.Entry"
  },
  {
    "_id": {
      "$oid": "65384a2f5ec1e72404bf5920"
    },
    "originId": "MCC_1127032",
    "logbooks": [
      "6536f0b5fbf92e44a767571d"
    ],
    "title": "30-3 in KHD",
    "text": "",
    "lastName": "Saad",
    "firstName": "Alexander",
    "userName": "aasaad",
    "tags": [
      "68acd11d-05a8-45f5-b559-55a8d8833373"
    ],
    "attachments": [],
    "followUps": [],
    "references": [],
    "loggedAt": {
      "$date": "2022-02-27T18:51:59.000Z"
    },
    "eventAt": {
      "$date": "2022-02-27T18:51:59.000Z"
    },
    "version": {
      "$numberLong": "2"
    },
    "_class": "edu.stanford.slac.elog_plus.model.Entry",
    "supersededBy": "65384a2f5ec1e72404bf5922"
  },
  {
    "_id": {
      "$oid": "65384a2f5ec1e72404bf5921"
    },
    "originId": "MCC_1127033",
    "logbooks": [
      "6536f0b5fbf92e44a767571d"
    ],
    "title": "30-3 went into KHD",
    "text": "",
    "lastName": "Duong",
    "firstName": "Tri",
    "userName": "thduong2",
    "tags": [
      "68acd11d-05a8-45f5-b559-55a8d8833373"
    ],
    "attachments": [],
    "followUps": [],
    "references": [],
    "loggedAt": {
      "$date": "2022-02-27T18:52:33.000Z"
    },
    "eventAt": {
      "$date": "2022-02-27T18:52:33.000Z"
    },
    "version": 0,
    "_class": "edu.stanford.slac.elog_plus.model.Entry"
  },
  {
    "_id": {
      "$oid": "65384a2f5ec1e72404bf5922"
    },
    "originId": "MCC_1127034",
    "logbooks": [
      "6536f0b5fbf92e44a7675742"
    ],
    "title": "30-3 in KHD",
    "text": "",
    "lastName": "Saad",
    "firstName": "Alexander",
    "userName": "aasaad",
    "tags": [
      "de6c5693-3eb3-40d7-9b61-53ff2f56af2b"
    ],
    "attachments": [],
    "followUps": [],
    "references": [],
    "loggedAt": {
      "$date": "2022-02-27T19:10:31.000Z"
    },
    "eventAt": {
      "$date": "2022-02-27T18:51:59.000Z"
    },
    "version": 0,
    "_class": "edu.stanford.slac.elog_plus.model.Entry"
  },
  {
    "_id": {
      "$oid": "65384a2f5ec1e72404bf5923"
    },
    "originId": "MCC_1127035",
    "logbooks": [
      "6536f0b5fbf92e44a767571d"
    ],
    "title": "* Re: 30-3 went into KHD. PEM is still looking into it.",
    "text": "",
    "lastName": "Duong",
    "firstName": "Tri",
    "userName": "thduong2",
    "tags": [
      "68acd11d-05a8-45f5-b559-55a8d8833373"
    ],
    "attachments": [],
    "followUps": [],
    "references": [
      "65384a2f5ec1e72404bf5921"
    ],
    "loggedAt": {
      "$date": "2022-02-27T19:25:20.000Z"
    },
    "eventAt": {
      "$date": "2022-02-27T19:25:20.000Z"
    },
    "version": 0,
    "_class": "edu.stanford.slac.elog_plus.model.Entry"
  },
  {
    "_id": {
      "$oid": "65384a2f5ec1e72404bf5924"
    },
    "originId": "MCC_1127036",
    "logbooks": [
      "6536f0b5fbf92e44a767571d",
      "6536f0b5fbf92e44a7675730"
    ],
    "title": "PSV-&gt;Standby Klystrons (3 stations)",
    "text": "PSV-&gt;Standby Klystrons 28-5 28-6 28-7",
    "lastName": "Physics",
    "userName": "physics",
    "tags": [],
    "attachments": [],
    "followUps": [],
    "references": [],
    "loggedAt": {
      "$date": "2022-02-27T19:34:15.000Z"
    },
    "eventAt": {
      "$date": "2022-02-27T19:34:15.000Z"
    },
    "version": 0,
    "_class": "edu.stanford.slac.elog_plus.model.Entry"
  },
  {
    "_id": {
      "$oid": "65384a2f5ec1e72404bf5925"
    },
    "originId": "MCC_1127037",
    "logbooks": [
      "6536f0b5fbf92e44a767572a"
    ],
    "title": "Shift start: Sunday swing",
    "text": "<p>&nbsp;</p>\n<p><b>Operators:</b></p>\n<p>Nguyen</p>\n<p><b>Injector Status:</b></p>\n<p>Autofill</p>\n<p><b>SPEAR Status:</b></p>\n<p>BEAMS</p>\n<p><b>Program:</b></p>\n<p>500mA user beam with topoffs erery 5 minutes</p>\n<p></p>",
    "lastName": "Nguyen",
    "firstName": "Thomas",
    "userName": "tnguyen",
    "tags": [],
    "attachments": [],
    "followUps": [],
    "references": [],
    "loggedAt": {
      "$date": "2022-02-27T19:40:25.000Z"
    },
    "eventAt": {
      "$date": "2022-02-27T19:45:59.000Z"
    },
    "version": 0,
    "_class": "edu.stanford.slac.elog_plus.model.Entry"
  },
  {
    "_id": {
      "$oid": "65384a2f5ec1e72404bf5927"
    },
    "originId": "MCC_1127038",
    "logbooks": [
      "6536f0b5fbf92e44a767572a"
    ],
    "title": "Shift Summary: Sunday Owl Shift",
    "text": "SUMMARY: User beam delivery with no beam losses or missed fills. INJECTOR: Injector in Autofill RUN mode. 350mV Q-meter and 47mA/min inj. rate at 97% Calculated injection efficiency. No tuning required this shift. SPEAR: User beam delivery. No problems to report. BEAM LINES: All open.",
    "lastName": "Calloway",
    "firstName": "David",
    "userName": "calloway",
    "tags": [],
    "attachments": [
      "65384a2f5ec1e72404bf5926"
    ],
    "followUps": [],
    "references": [],
    "loggedAt": {
      "$date": "2022-02-27T19:41:03.000Z"
    },
    "eventAt": {
      "$date": "2022-02-27T19:45:01.000Z"
    },
    "version": 0,
    "_class": "edu.stanford.slac.elog_plus.model.Entry"
  },
  {
    "_id": {
      "$oid": "65384a2f5ec1e72404bf5928"
    },
    "originId": "MCC_1127039",
    "logbooks": [
      "6536f0b5fbf92e44a767571d"
    ],
    "title": "Duong, Ewasiuk out; Barcklay, Wang in",
    "text": "",
    "lastName": "Saad",
    "firstName": "Alexander",
    "userName": "aasaad",
    "tags": [],
    "attachments": [],
    "followUps": [],
    "references": [],
    "loggedAt": {
      "$date": "2022-02-27T19:43:43.000Z"
    },
    "eventAt": {
      "$date": "2022-02-27T20:00:00.000Z"
    },
    "version": 0,
    "_class": "edu.stanford.slac.elog_plus.model.Entry"
  },
  {
    "_id": {
      "$oid": "65384a2f5ec1e72404bf5929"
    },
    "originId": "MCC_1127040",
    "logbooks": [
      "6536f0b5fbf92e44a767571d"
    ],
    "title": "Completed machine characterization before ML MD",
    "text": "Several profile monitors did not work/had no image. LI11 and LI19 wires both missed one wire in Y. See physics log for profiles.",
    "lastName": "Saad",
    "firstName": "Alexander",
    "userName": "aasaad",
    "tags": [
      "0ba5394e-30cf-47f3-aaca-cfe5794332bd"
    ],
    "attachments": [],
    "followUps": [],
    "references": [],
    "loggedAt": {
      "$date": "2022-02-27T19:56:28.000Z"
    },
    "eventAt": {
      "$date": "2022-02-27T19:56:28.000Z"
    },
    "version": 0,
    "_class": "edu.stanford.slac.elog_plus.model.Entry"
  },
  {
    "_id": {
      "$oid": "65384a305ec1e72404bf592a"
    },
    "originId": "MCC_1127041",
    "logbooks": [
      "6536f0b5fbf92e44a767571d"
    ],
    "title": "*** Reminder to consider PSV stations ***",
    "text": "",
    "lastName": "Saad",
    "firstName": "Alexander",
    "userName": "aasaad",
    "tags": [
      "68acd11d-05a8-45f5-b559-55a8d8833373"
    ],
    "attachments": [],
    "followUps": [],
    "references": [],
    "loggedAt": {
      "$date": "2022-02-27T20:59:31.000Z"
    },
    "eventAt": {
      "$date": "2022-02-28T04:30:00.000Z"
    },
    "version": 0,
    "_class": "edu.stanford.slac.elog_plus.model.Entry"
  },
  {
    "_id": {
      "$oid": "65384a305ec1e72404bf592b"
    },
    "originId": "MCC_1127042",
    "logbooks": [
      "6536f0b5fbf92e44a767573d"
    ],
    "title": "Swing Shift HRS Log",
    "text": "\"02/26/22 21:59 - Mike Stivala - C0 (common) - HRS.00.00-SWING Shift Summary Cryoplant/LINAC Mode: Shutdown Plant Walkdown performed, no abnormal observations HRS-Smartsheet to SLAC ELOG Transfer: Yes! Operational Direction: Continuation of C2 80K adsorber dry-out and WHC system instrumentation preparation.\" 02/26/22 21:45 - Mike Stivala - C2 - HRS.CT.IT-Calibrations completed for all C2 gas management (compressor system) pneumatic valves. (PV21010, PV21020, PV21021, PV21031, PV21032, PV21040, &amp; PV21043) 02/26/22 21:10 - Mike Nicoletta - C2 - HRS.CS.OM-Installed all C2 WHC oil pump - motor couplers. 02/26/22 20:25 - Mike Stivala - C2 - HRS.4K.RG-Regeneration heater switched off. LN2 to continue cooling down C2 80K adsorber 'B' for the remainder of the weekend. 02/26/22 20:00 - Mike Stivala - C2 - HRS.UT.IA-Opened C2-MV82170 to introduce instrument air to gas management pneumatic valves. (Each valve isolated from manifold individually).",
    "lastName": "Evans",
    "firstName": "Roland",
    "userName": "rolande",
    "tags": [],
    "attachments": [],
    "followUps": [],
    "references": [],
    "loggedAt": {
      "$date": "2022-02-27T21:32:03.000Z"
    },
    "eventAt": {
      "$date": "2022-02-27T21:32:03.000Z"
    },
    "version": 0,
    "_class": "edu.stanford.slac.elog_plus.model.Entry"
  },
  {
    "_id": {
      "$oid": "65384a305ec1e72404bf592c"
    },
    "originId": "MCC_1127043",
    "logbooks": [
      "6536f0b5fbf92e44a7675742"
    ],
    "title": "Did you know that scrolling the mouse wheel counts as left-clicking in the SCP?",
    "text": "That is all",
    "lastName": "Saad",
    "firstName": "Alexander",
    "userName": "aasaad",
    "tags": [],
    "attachments": [],
    "followUps": [],
    "references": [],
    "loggedAt": {
      "$date": "2022-02-27T22:02:23.000Z"
    },
    "eventAt": {
      "$date": "2022-02-27T22:02:23.000Z"
    },
    "version": 0,
    "_class": "edu.stanford.slac.elog_plus.model.Entry"
  },
  {
    "_id": {
      "$oid": "65384a305ec1e72404bf592d"
    },
    "originId": "MCC_1127044",
    "logbooks": [
      "6536f0b5fbf92e44a767571d"
    ],
    "title": "Filament burnt out. PEM swapped. Timeout ~1 hour * Re: 30-3 went into KHD.",
    "text": "",
    "lastName": "Saad",
    "firstName": "Alexander",
    "userName": "aasaad",
    "tags": [
      "68acd11d-05a8-45f5-b559-55a8d8833373"
    ],
    "attachments": [],
    "followUps": [],
    "references": [
      "65384a2f5ec1e72404bf5923"
    ],
    "loggedAt": {
      "$date": "2022-02-27T22:03:28.000Z"
    },
    "eventAt": {
      "$date": "2022-02-27T22:03:28.000Z"
    },
    "version": 0,
    "_class": "edu.stanford.slac.elog_plus.model.Entry"
  },
  {
    "_id": {
      "$oid": "65384a305ec1e72404bf592e"
    },
    "originId": "MCC_1127045",
    "logbooks": [
      "6536f0b5fbf92e44a767571d"
    ],
    "title": "Note: looks like LI11 feedback was left in compute",
    "text": "Consider re-enabling when re-establishing beam",
    "lastName": "Saad",
    "firstName": "Alexander",
    "userName": "aasaad",
    "tags": [
      "0ba5394e-30cf-47f3-aaca-cfe5794332bd"
    ],
    "attachments": [],
    "followUps": [],
    "references": [],
    "loggedAt": {
      "$date": "2022-02-27T22:09:49.000Z"
    },
    "eventAt": {
      "$date": "2022-02-27T22:09:49.000Z"
    },
    "version": 0,
    "_class": "edu.stanford.slac.elog_plus.model.Entry"
  },
  {
    "_id": {
      "$oid": "65384a305ec1e72404bf592f"
    },
    "originId": "MCC_1127046",
    "logbooks": [
      "6536f0b5fbf92e44a767571d"
    ],
    "title": "MPS fault -- RST1 not out. PPS says its out",
    "text": "",
    "lastName": "Saad",
    "firstName": "Alexander",
    "userName": "aasaad",
    "tags": [
      "68acd11d-05a8-45f5-b559-55a8d8833373"
    ],
    "attachments": [],
    "followUps": [],
    "references": [],
    "loggedAt": {
      "$date": "2022-02-27T22:18:24.000Z"
    },
    "eventAt": {
      "$date": "2022-02-27T22:18:24.000Z"
    },
    "version": 0,
    "_class": "edu.stanford.slac.elog_plus.model.Entry"
  },
  {
    "_id": {
      "$oid": "65384a305ec1e72404bf5930"
    },
    "originId": "MCC_1127047",
    "logbooks": [
      "6536f0b5fbf92e44a767571d"
    ],
    "title": "Went away on its own * Re: MPS fault -- RST1 not out. PPS says its out",
    "text": "All we did was toggle the stopper in then out, but that did not clear the MPS fault.",
    "lastName": "Saad",
    "firstName": "Alexander",
    "userName": "aasaad",
    "tags": [
      "68acd11d-05a8-45f5-b559-55a8d8833373"
    ],
    "attachments": [],
    "followUps": [],
    "references": [
      "65384a305ec1e72404bf592f"
    ],
    "loggedAt": {
      "$date": "2022-02-27T22:22:11.000Z"
    },
    "eventAt": {
      "$date": "2022-02-27T22:22:11.000Z"
    },
    "version": 0,
    "_class": "edu.stanford.slac.elog_plus.model.Entry"
  },
  {
    "_id": {
      "$oid": "65384a305ec1e72404bf5932"
    },
    "originId": "MCC_1127048",
    "logbooks": [
      "6536f0b5fbf92e44a767571d"
    ],
    "title": "* Re: MPS fault -- RST1 not out. PPS says its out",
    "text": "Red and Blue: RST1 MPS realtime and latch statuses Green and Pink: RST1 PPS In/Not_In and Out/Not_Out statuses",
    "lastName": "Saad",
    "firstName": "Alexander",
    "userName": "aasaad",
    "tags": [
      "68acd11d-05a8-45f5-b559-55a8d8833373"
    ],
    "attachments": [
      "65384a305ec1e72404bf5931"
    ],
    "followUps": [],
    "references": [
      "65384a305ec1e72404bf5930"
    ],
    "loggedAt": {
      "$date": "2022-02-27T22:28:06.000Z"
    },
    "eventAt": {
      "$date": "2022-02-27T22:28:06.000Z"
    },
    "version": 0,
    "_class": "edu.stanford.slac.elog_plus.model.Entry"
  },
  {
    "_id": {
      "$oid": "65384a305ec1e72404bf5933"
    },
    "originId": "MCC_1127049",
    "logbooks": [
      "6536f0b5fbf92e44a767571d"
    ],
    "title": "PEM swapping 11-2 SSSB",
    "text": "Energy and transverse feedbacks off in LI11. ML MD users looking at the beam past the DL10 bend (otherwise I would have liked to turn the bends off). TD11 is in.",
    "lastName": "Saad",
    "firstName": "Alexander",
    "userName": "aasaad",
    "tags": [
      "0ba5394e-30cf-47f3-aaca-cfe5794332bd"
    ],
    "attachments": [],
    "followUps": [],
    "references": [],
    "loggedAt": {
      "$date": "2022-02-27T22:31:23.000Z"
    },
    "eventAt": {
      "$date": "2022-02-27T22:31:23.000Z"
    },
    "version": 0,
    "_class": "edu.stanford.slac.elog_plus.model.Entry"
  },
  {
    "_id": {
      "$oid": "65384a305ec1e72404bf5934"
    },
    "originId": "MCC_1127050",
    "logbooks": [
      "6536f0b5fbf92e44a7675724"
    ],
    "title": "XFD End-of-Shift Summary: Day Shift, 02-27-2022 #22145",
    "text": "<b>Date:</b> <i>Day shift, <span>02-27-2022</span></i>\n<br><b>Outgoing Duty Technician:</b> <i><span>Wing Poi Chang</span></i>\n<br><b>Incoming Duty Technician:</b> <i><span>Christina Horimoto</span></i>\n<br><b>End-of-shift configuration:</b>\n<br>HutchStatusModeActivityHutch 1 (AMO)<span><b>Online</b></span><span>BL1/H1</span><span></span>Hutch 2 (SXR)<span>Offline</span><span>BL2/H1</span><span></span>Hutch 3 (XPP)<span><b>Online</b></span><span>FEH</span><span>taking beam</span>Hutch 4 (XCS)<span><b>Online</b></span><span>H5</span><span></span>Hutch 4.5 (MFX)<span><b>Online</b></span><span></span><span>taking beam</span>Hutch 5 (CXI)<span><b>Online</b></span><span></span><span></span>Hutch 6 (MEC)<span><b>Online</b></span><span></span><span>will take beam</span>XRT<span><b>Online</b></span><span>No Access</span><span></span>\n<br><b>Shift notes:<br></b><span>walkthrough all good, No problem found.</span>\n<br><b>Open RSWCFs:</b> <span>1569 CXI Operate CXI with DG2 focusing lenses unlocked (OK to run) 1579 RIX- Drilling into RIX 2.2 flooring (shielding) for qRIX base plate anchors: 8.125\" long anchors (x10), 5\" anchors (x10). (Not ok to run with this form open)</span>\n<br><b>Time Accounting:</b>\n<br>ProgramScheduled Beam TimePlanned DowntimeUnplanned DowntimeActual BeamtimeLinkAMO2002<a rel=\"nofollow\">View Details</a>MFX6006<a rel=\"nofollow\">View Details</a>XPP6006<a rel=\"nofollow\">View Details</a>",
    "lastName": "Chang",
    "firstName": "Wing Poi",
    "userName": "wchang",
    "tags": [],
    "attachments": [],
    "followUps": [],
    "references": [],
    "loggedAt": {
      "$date": "2022-02-27T22:37:49.000Z"
    },
    "eventAt": {
      "$date": "2022-02-27T23:15:00.000Z"
    },
    "version": 0,
    "_class": "edu.stanford.slac.elog_plus.model.Entry"
  },
  {
    "_id": {
      "$oid": "65384a305ec1e72404bf5935"
    },
    "originId": "MCC_1127051",
    "logbooks": [
      "6536f0b5fbf92e44a7675724"
    ],
    "title": "EOS",
    "text": "Title XFD End-of-Shift Summary: Day Shift, 02-27-2022 #22145 Logbooks xfd Author wchang Date: Day shift, 02-27-2022 Outgoing Duty Technician: Wing Poi Chang Incoming Duty Technician: Christina Horimoto End-of-shift configuration: Hutch Status Mode Activity Hutch 1 (AMO) Online BL1/H1 Hutch 2 (SXR) Offline BL2/H1 Hutch 3 (XPP) Online FEH taking beam Hutch 4 (XCS) Online H5 Hutch 4.5 (MFX) Online taking beam Hutch 5 (CXI) Online Hutch 6 (MEC) Online will take beam XRT Online No Access Shift notes: walkthrough all good, No problem found. Open RSWCFs: 1569 CXI Operate CXI with DG2 focusing lenses unlocked (OK to run) 1579 RIX- Drilling into RIX 2.2 flooring (shielding) for qRIX base plate anchors: 8.125\" long anchors (x10), 5\" anchors (x10). (Not ok to run with this form open) Time Accounting: Program Scheduled Beam Time Planned Downtime Unplanned Downtime Actual Beamtime Link AMO 2 0 0 2 View Details MFX 6 0 0 6 View Details XPP 6 0 0 6 View Details Back to Elog",
    "lastName": "Chang",
    "firstName": "Wing Poi",
    "userName": "wchang",
    "tags": [
      "bda8d02e-57a4-4ec7-90fd-46d0187d57a9"
    ],
    "attachments": [],
    "followUps": [],
    "references": [],
    "loggedAt": {
      "$date": "2022-02-27T22:38:46.000Z"
    },
    "eventAt": {
      "$date": "2022-02-27T22:38:46.000Z"
    },
    "version": 0,
    "_class": "edu.stanford.slac.elog_plus.model.Entry"
  },
  {
    "_id": {
      "$oid": "65384a305ec1e72404bf5936"
    },
    "originId": "MCC_1127052",
    "logbooks": [
      "6536f0b5fbf92e44a7675724"
    ],
    "title": "Incoming Duty Tech: Christina Eshelman (1400-2430)",
    "text": "",
    "lastName": "Eshelman",
    "firstName": "Christina",
    "userName": "horimoto",
    "tags": [
      "bda8d02e-57a4-4ec7-90fd-46d0187d57a9"
    ],
    "attachments": [],
    "followUps": [],
    "references": [],
    "loggedAt": {
      "$date": "2022-02-27T22:39:31.000Z"
    },
    "eventAt": {
      "$date": "2022-02-27T22:39:31.000Z"
    },
    "version": 0,
    "_class": "edu.stanford.slac.elog_plus.model.Entry"
  },
  {
    "_id": {
      "$oid": "65384a305ec1e72404bf5937"
    },
    "originId": "MCC_1127053",
    "logbooks": [
      "6536f0b5fbf92e44a767571d"
    ],
    "title": "MCC Shift Change: Swing Shift, Sunday, 27-Feb-2022",
    "text": "LCLS: Deliver 10.7 GeV / 9.8 KeV to MFX and XPP until 2100. LCLS: Setup and deliver 9.65 GeV / 8 KeV to MEC with possibility of switching to 14 GeV / 17 KeV if requested. FACET-II: E327/E331 ML experiment.",
    "lastName": "Osman",
    "firstName": "Ahmed",
    "userName": "aosman",
    "tags": [],
    "attachments": [],
    "followUps": [],
    "references": [],
    "loggedAt": {
      "$date": "2022-02-27T23:56:42.000Z"
    },
    "eventAt": {
      "$date": "2022-02-28T00:00:00.000Z"
    },
    "version": {
      "$numberLong": "2"
    },
    "_class": "edu.stanford.slac.elog_plus.model.Entry",
    "supersededBy": "65384a305ec1e72404bf593d"
  },
  {
    "_id": {
      "$oid": "65384a305ec1e72404bf5938"
    },
    "originId": "MCC_1127054",
    "logbooks": [
      "6536f0b5fbf92e44a767571d"
    ],
    "title": "DAY SHIFT SUMMARY",
    "text": "Comment # Comment 1LCLS: Delivered XLEAP to TMO at varying photon energies ~850-1020 eV (4.5 GeV e-) until 09:00. 2LCLS: Delivered 9.831 keV (10.7 GeV e-), 1.6 mJ to XPP and MFX. 3FACET: Built injector configurations at various charges 300-700 pC. 4FACET: Injector machine learning MD beginning at noon. 5FACET: Solid state subbooster swap at 11-2 (L1SB) in an attempt to improve the station's extreme jitter.\n<br>\n<br>Program Delivered User Off Tuning Config \u0394s Accl. Down Sched. Off FACET-II_comm8.00.00.00.00.00LCLS-MD0.00.00.00.00.01LCLS-MD-CU_SXR0.00.00.00.00.07TMO_user1.00.00.00.00.00XPP-MFX6.90.00.00.10.00\n<br>",
    "lastName": "Osman",
    "firstName": "Ahmed",
    "userName": "aosman",
    "tags": [],
    "attachments": [],
    "followUps": [],
    "references": [],
    "loggedAt": {
      "$date": "2022-02-27T23:57:01.000Z"
    },
    "eventAt": {
      "$date": "2022-02-27T23:59:59.000Z"
    },
    "version": 0,
    "_class": "edu.stanford.slac.elog_plus.model.Entry"
  }
]