[
  {
    "_id": {
      "$oid": "66d8dd51cab05f325bac6aa2"
    },
    "logbooks": [
      "6536f0b5fbf92e44a767571b",
      "6536f0b5fbf92e44a7675725"
    ],
    "title": "Title",
    "text": "",
    "lastName": "Mikulec",
    "firstName": "Boogie",
    "userName": "boogie@slac.stanford.edu",
    "tags": [
      "6804a3ed-f471-4fd9-b486-4f09224d1a92",
      "9f82a1f5-0b44-4092-b026-940554cf5932"
    ],
    "attachments": [],
    "followUps": [],
    "references": [],
    "loggedAt": {
      "$date": "2024-09-04T22:21:05.611Z"
    },
    "createdDate": {
      "$date": "2024-09-04T22:21:05.618Z"
    },
    "createdBy": "boogie@slac.stanford.edu",
    "lastModifiedDate": {
      "$date": "2024-09-04T22:21:05.618Z"
    },
    "lastModifiedBy": "boogie@slac.stanford.edu",
    "version": 0,
    "_class": "edu.stanford.slac.elog_plus.model.Entry",
    "eventAt": {
      "$date": "2024-09-04T22:21:05.611Z"
    }
  }
]