[
  {
    "_id": {
      "$oid": "66ec4f165d602a10e64f2e8b"
    },
    "logbooks": [
      "66b65cc0a9840d1dc754ac19"
    ],
    "title": "Printed Text Document",
    "text": "Thu Sep 19 09:19:33 PDT 2024 text test form mcclogin.slac.stanford.edu using printer\n",
    "lastName": "Token",
    "firstName": "Application",
    "userName": "physics-elog-printer@elog.slac.app$",
    "tags": [],
    "attachments": [],
    "followUps": [],
    "references": [],
    "loggedAt": {
      "$date": "2024-09-19T16:19:34.472Z"
    },
    "createdDate": {
      "$date": "2024-09-19T16:19:34.500Z"
    },
    "createdBy": "physics-elog-printer@elog.slac.app$",
    "lastModifiedDate": {
      "$date": "2024-09-19T16:19:34.500Z"
    },
    "lastModifiedBy": "physics-elog-printer@elog.slac.app$",
    "version": 0,
    "_class": "edu.stanford.slac.elog_plus.model.Entry",
    "eventAt": {
      "$date": "2024-09-19T16:19:34.472Z"
    }
  },
  {
    "_id": {
      "$oid": "66ec86955d602a10e64f2e8d"
    },
    "supersededBy": "66ec86d45d602a10e64f2e8e",
    "logbooks": [
      "6536f0b5fbf92e44a767571b"
    ],
    "title": "Entry at 13:12",
    "text": "",
    "lastName": "Mikulec",
    "firstName": "Boogie",
    "userName": "boogie@slac.stanford.edu",
    "tags": [],
    "attachments": [],
    "followUps": [],
    "references": [],
    "loggedAt": {
      "$date": "2024-09-19T20:16:21.130Z"
    },
    "eventAt": {
      "$date": "2024-09-19T20:16:21.130Z"
    },
    "createdDate": {
      "$date": "2024-09-19T20:16:21.133Z"
    },
    "createdBy": "boogie@slac.stanford.edu",
    "lastModifiedDate": {
      "$date": "2024-09-19T20:17:24.623Z"
    },
    "lastModifiedBy": "boogie@slac.stanford.edu",
    "version": 1,
    "_class": "edu.stanford.slac.elog_plus.model.Entry"
  },
  {
    "_id": {
      "$oid": "66ec86d45d602a10e64f2e8e"
    },
    "logbooks": [
      "6536f0b5fbf92e44a767571b"
    ],
    "title": "Entry at 13:17",
    "text": "",
    "lastName": "Mikulec",
    "firstName": "Boogie",
    "userName": "boogie@slac.stanford.edu",
    "tags": [],
    "attachments": [],
    "followUps": [],
    "references": [],
    "loggedAt": {
      "$date": "2024-09-19T20:17:24.613Z"
    },
    "eventAt": {
      "$date": "2024-09-19T20:16:21.130Z"
    },
    "createdDate": {
      "$date": "2024-09-19T20:17:24.614Z"
    },
    "createdBy": "boogie@slac.stanford.edu",
    "lastModifiedDate": {
      "$date": "2024-09-19T20:17:24.614Z"
    },
    "lastModifiedBy": "boogie@slac.stanford.edu",
    "version": 0,
    "_class": "edu.stanford.slac.elog_plus.model.Entry"
  },
  {
    "_id": {
      "$oid": "66ec88875d602a10e64f2e90"
    },
    "logbooks": [
      "6536f0b5fbf92e44a767571b"
    ],
    "title": "Gif test",
    "text": "",
    "lastName": "Mikulec",
    "firstName": "Boogie",
    "userName": "boogie@slac.stanford.edu",
    "tags": [],
    "attachments": [
      "66ec88805d602a10e64f2e8f"
    ],
    "followUps": [],
    "references": [],
    "loggedAt": {
      "$date": "2024-09-19T20:24:39.701Z"
    },
    "createdDate": {
      "$date": "2024-09-19T20:24:39.708Z"
    },
    "createdBy": "boogie@slac.stanford.edu",
    "lastModifiedDate": {
      "$date": "2024-09-19T20:24:39.708Z"
    },
    "lastModifiedBy": "boogie@slac.stanford.edu",
    "version": 0,
    "_class": "edu.stanford.slac.elog_plus.model.Entry",
    "eventAt": {
      "$date": "2024-09-19T20:24:39.701Z"
    }
  },
  {
    "_id": {
      "$oid": "66ec9b7a5d602a10e64f2e91"
    },
    "logbooks": [
      "6536f0b5fbf92e44a767571b"
    ],
    "title": "Upl",
    "text": "",
    "lastName": "Mikulec",
    "firstName": "Boogie",
    "userName": "boogie@slac.stanford.edu",
    "tags": [],
    "attachments": [],
    "followUps": [],
    "references": [],
    "loggedAt": {
      "$date": "2024-09-19T21:45:30.220Z"
    },
    "createdDate": {
      "$date": "2024-09-19T21:45:30.224Z"
    },
    "createdBy": "boogie@slac.stanford.edu",
    "lastModifiedDate": {
      "$date": "2024-09-19T21:45:30.224Z"
    },
    "lastModifiedBy": "boogie@slac.stanford.edu",
    "version": 0,
    "_class": "edu.stanford.slac.elog_plus.model.Entry",
    "eventAt": {
      "$date": "2024-09-19T21:45:30.220Z"
    }
  },
  {
    "_id": {
      "$oid": "66ec9bd35d602a10e64f2e92"
    },
    "logbooks": [
      "6536f0b5fbf92e44a767571b"
    ],
    "title": "Entry with print queue attachment",
    "text": "",
    "lastName": "Mikulec",
    "firstName": "Boogie",
    "userName": "boogie@slac.stanford.edu",
    "tags": [],
    "attachments": [
      "66ec51445d602a10e64f2e8c"
    ],
    "followUps": [],
    "references": [],
    "loggedAt": {
      "$date": "2024-09-19T21:46:59.941Z"
    },
    "createdDate": {
      "$date": "2024-09-19T21:46:59.945Z"
    },
    "createdBy": "boogie@slac.stanford.edu",
    "lastModifiedDate": {
      "$date": "2024-09-19T21:46:59.945Z"
    },
    "lastModifiedBy": "boogie@slac.stanford.edu",
    "version": 0,
    "_class": "edu.stanford.slac.elog_plus.model.Entry",
    "eventAt": {
      "$date": "2024-09-19T21:46:59.941Z"
    }
  }
]