[
  {
    "_id": {
      "$oid": "66ee0f08130a101bea2c486a"
    },
    "logbooks": [
      "6536f0b5fbf92e44a767571d"
    ],
    "title": "Rat chewed through BSY E/E wiring",
    "text": "<p>womp womp</p>",
    "lastName": "Saad",
    "firstName": "Alexander",
    "userName": "aasaad@slac.stanford.edu",
    "tags": [
      "9c6eb682-32f5-42c3-be93-2e703ebf645a"
    ],
    "attachments": [],
    "followUps": [],
    "references": [],
    "loggedAt": {
      "$date": "2024-09-21T00:10:48.765Z"
    },
    "createdDate": {
      "$date": "2024-09-21T00:10:48.779Z"
    },
    "createdBy": "aasaad@slac.stanford.edu",
    "lastModifiedDate": {
      "$date": "2024-09-21T00:10:48.779Z"
    },
    "lastModifiedBy": "aasaad@slac.stanford.edu",
    "version": 0,
    "_class": "edu.stanford.slac.elog_plus.model.Entry",
    "eventAt": {
      "$date": "2024-09-21T00:10:48.765Z"
    }
  }
]