[
  {
    "_id": {
      "$oid": "66c7d25c483b2c60eca0ed94"
    },
    "logbooks": [
      "66b65cc0a9840d1dc754ac19"
    ],
    "title": "Printed Text Document",
    "text": "",
    "lastName": "Token",
    "firstName": "Application",
    "userName": "physics-elog-printer@elog.slac.app$",
    "tags": [],
    "attachments": [
      "66c7d25b483b2c60eca0ed93"
    ],
    "followUps": [],
    "references": [],
    "loggedAt": {
      "$date": "2024-08-23T00:05:48.295Z"
    },
    "createdDate": {
      "$date": "2024-08-23T00:05:48.300Z"
    },
    "createdBy": "physics-elog-printer@elog.slac.app$",
    "lastModifiedDate": {
      "$date": "2024-08-23T00:05:48.300Z"
    },
    "lastModifiedBy": "physics-elog-printer@elog.slac.app$",
    "version": 0,
    "_class": "edu.stanford.slac.elog_plus.model.Entry",
    "eventAt": {
      "$date": "2024-08-23T00:05:48.295Z"
    }
  },
  {
    "_id": {
      "$oid": "66c7d289483b2c60eca0ed96"
    },
    "logbooks": [
      "66b65cc0a9840d1dc754ac19"
    ],
    "title": "Printed Text Document",
    "text": "",
    "lastName": "Token",
    "firstName": "Application",
    "userName": "physics-elog-printer@elog.slac.app$",
    "tags": [],
    "attachments": [
      "66c7d289483b2c60eca0ed95"
    ],
    "followUps": [],
    "references": [],
    "loggedAt": {
      "$date": "2024-08-23T00:06:33.784Z"
    },
    "eventAt": {
      "$date": "2024-08-23T00:06:33.784Z"
    },
    "createdDate": {
      "$date": "2024-08-23T00:06:33.787Z"
    },
    "createdBy": "physics-elog-printer@elog.slac.app$",
    "lastModifiedDate": {
      "$date": "2024-08-23T00:07:24.330Z"
    },
    "lastModifiedBy": "cassidy@slac.stanford.edu",
    "version": {
      "$numberLong": "2"
    },
    "_class": "edu.stanford.slac.elog_plus.model.Entry",
    "supersededBy": "66c7d2bc483b2c60eca0ed97"
  },
  {
    "_id": {
      "$oid": "66c7d2bc483b2c60eca0ed97"
    },
    "logbooks": [
      "66b65cc0a9840d1dc754ac19"
    ],
    "title": "LCLS Home printed from OPI",
    "text": "",
    "lastName": "Cassidy",
    "firstName": "Christopher",
    "userName": "cassidy@slac.stanford.edu",
    "tags": [],
    "attachments": [
      "66c7d289483b2c60eca0ed95"
    ],
    "followUps": [],
    "references": [],
    "loggedAt": {
      "$date": "2024-08-23T00:07:24.319Z"
    },
    "eventAt": {
      "$date": "2024-08-23T00:06:33.784Z"
    },
    "createdDate": {
      "$date": "2024-08-23T00:07:24.321Z"
    },
    "createdBy": "cassidy@slac.stanford.edu",
    "lastModifiedDate": {
      "$date": "2024-08-23T00:07:24.321Z"
    },
    "lastModifiedBy": "cassidy@slac.stanford.edu",
    "version": 0,
    "_class": "edu.stanford.slac.elog_plus.model.Entry"
  },
  {
    "_id": {
      "$oid": "66c7d2f6483b2c60eca0ed99"
    },
    "logbooks": [
      "66b65cc0a9840d1dc754ac19"
    ],
    "title": "Printed Text Document",
    "text": "",
    "lastName": "Token",
    "firstName": "Application",
    "userName": "physics-elog-printer@elog.slac.app$",
    "tags": [],
    "attachments": [
      "66c7d2f6483b2c60eca0ed98"
    ],
    "followUps": [],
    "references": [],
    "loggedAt": {
      "$date": "2024-08-23T00:08:22.618Z"
    },
    "createdDate": {
      "$date": "2024-08-23T00:08:22.621Z"
    },
    "createdBy": "physics-elog-printer@elog.slac.app$",
    "lastModifiedDate": {
      "$date": "2024-08-23T00:08:22.621Z"
    },
    "lastModifiedBy": "physics-elog-printer@elog.slac.app$",
    "version": 0,
    "_class": "edu.stanford.slac.elog_plus.model.Entry",
    "eventAt": {
      "$date": "2024-08-23T00:08:22.618Z"
    }
  },
  {
    "_id": {
      "$oid": "66c7d2fd483b2c60eca0ed9b"
    },
    "logbooks": [
      "66b65cc0a9840d1dc754ac19"
    ],
    "title": "Printed Text Document",
    "text": "",
    "lastName": "Token",
    "firstName": "Application",
    "userName": "physics-elog-printer@elog.slac.app$",
    "tags": [],
    "attachments": [
      "66c7d2fd483b2c60eca0ed9a"
    ],
    "followUps": [],
    "references": [],
    "loggedAt": {
      "$date": "2024-08-23T00:08:29.971Z"
    },
    "createdDate": {
      "$date": "2024-08-23T00:08:29.974Z"
    },
    "createdBy": "physics-elog-printer@elog.slac.app$",
    "lastModifiedDate": {
      "$date": "2024-08-23T00:08:29.974Z"
    },
    "lastModifiedBy": "physics-elog-printer@elog.slac.app$",
    "version": 0,
    "_class": "edu.stanford.slac.elog_plus.model.Entry",
    "eventAt": {
      "$date": "2024-08-23T00:08:29.971Z"
    }
  }
]