[
  {
    "_id": {
      "$oid": "653847f65ec1e72404bf3744"
    },
    "originId": "MCC_1119317",
    "logbooks": [
      "6536f0b5fbf92e44a767572c"
    ],
    "title": "DAY-Shift Report 1/15/2021 Sat",
    "text": "PROGRAM: SPEAR to BEAMS delivering 500mA to users with top-off every 5 mins. BEAMLINES: All open except BL17. FAULTS: None. EXPERIMENTS: 1030 BL4-3 user support. Linux monitor had died (showing rainbow of colors). Turned monitor off and on again, issue resolved. 1050 Unlocked Lab 113 for BL2-2 user. 1300 Issued lead tape to Dimos from stock room cabinet. 1430 Electrochemical workstation returned to C. Tapio\u00e2\u0080\u0099s office by BL7-3 users. 1500 Loaned gas monitor to N. Strange on BL11-3 and Teflon gasket for CO2 regulator. E.O.D. required while CO2 is in use (today and tomorrow). OPERATIONS: Nothing to report.",
    "lastName": "Gooding",
    "firstName": "Sarah",
    "userName": "sarahed",
    "tags": [],
    "attachments": [],
    "followUps": [],
    "references": [],
    "loggedAt": {
      "$date": "2022-01-16T01:02:31.000Z"
    },
    "eventAt": {
      "$date": "2022-01-16T01:02:31.000Z"
    },
    "version": 0,
    "_class": "edu.stanford.slac.elog_plus.model.Entry"
  },
  {
    "_id": {
      "$oid": "653847f65ec1e72404bf3745"
    },
    "originId": "MCC_1119318",
    "logbooks": [
      "6536f0b5fbf92e44a767573d"
    ],
    "title": "Day Shift HRS-Log",
    "text": "\"01/15/22 14:00 - Randy Hollis - C0 (common) - HRS.00.00-Performed plant walk down Began rebuild of Varian Triscroll Oil change and conditioning of Rolands calibration pump\" 01/15/22 11:30 - Roland Evans - C0 (common) - HRS.00.00-Reviewing redlined documentation for Antonio 01/15/22 07:30 - Roland Evans - C0 (common) - HRS.00.00-Working on &amp; gathering equipment documentation &amp; manuals to be stored in the cryo area for easy access.",
    "lastName": "Stivala",
    "firstName": "Mike",
    "userName": "mstivala",
    "tags": [],
    "attachments": [],
    "followUps": [],
    "references": [],
    "loggedAt": {
      "$date": "2022-01-16T02:46:26.000Z"
    },
    "eventAt": {
      "$date": "2022-01-16T02:46:26.000Z"
    },
    "version": 0,
    "_class": "edu.stanford.slac.elog_plus.model.Entry"
  },
  {
    "_id": {
      "$oid": "653847f65ec1e72404bf3746"
    },
    "originId": "MCC_1119319",
    "logbooks": [
      "6536f0b5fbf92e44a7675730"
    ],
    "title": "Shop: completed repairs on S2 C- stack.",
    "text": "Replaced 3 MOVs in stack. Replaced all snubber caps with 5KV caps. Installed right side gate drive boards.",
    "lastName": "Jenks",
    "firstName": "Stephen",
    "userName": "saj",
    "tags": [],
    "attachments": [],
    "followUps": [],
    "references": [],
    "loggedAt": {
      "$date": "2022-01-16T06:48:24.000Z"
    },
    "eventAt": {
      "$date": "2022-01-16T06:48:24.000Z"
    },
    "version": 0,
    "_class": "edu.stanford.slac.elog_plus.model.Entry"
  },
  {
    "_id": {
      "$oid": "653847f65ec1e72404bf3747"
    },
    "originId": "MCC_1119320",
    "logbooks": [
      "6536f0b5fbf92e44a767572a"
    ],
    "title": "Missed fill - BTS ACMs tripped",
    "text": "",
    "lastName": "Haggart",
    "firstName": "Craig",
    "userName": "haggart",
    "tags": [],
    "attachments": [],
    "followUps": [],
    "references": [],
    "loggedAt": {
      "$date": "2022-01-16T07:10:10.000Z"
    },
    "eventAt": {
      "$date": "2022-01-16T07:10:10.000Z"
    },
    "version": 0,
    "_class": "edu.stanford.slac.elog_plus.model.Entry"
  },
  {
    "_id": {
      "$oid": "653847f65ec1e72404bf3748"
    },
    "originId": "MCC_1119321",
    "logbooks": [
      "6536f0b5fbf92e44a767572a"
    ],
    "title": "All three BTS ACMs showed trigger rate of 11.11 Hz - reset OK",
    "text": "",
    "lastName": "Haggart",
    "firstName": "Craig",
    "userName": "haggart",
    "tags": [],
    "attachments": [],
    "followUps": [],
    "references": [
      "653847f65ec1e72404bf3747"
    ],
    "loggedAt": {
      "$date": "2022-01-16T07:14:47.000Z"
    },
    "eventAt": {
      "$date": "2022-01-16T07:14:47.000Z"
    },
    "version": {
      "$numberLong": "2"
    },
    "_class": "edu.stanford.slac.elog_plus.model.Entry",
    "supersededBy": "653847f75ec1e72404bf3749"
  },
  {
    "_id": {
      "$oid": "653847f75ec1e72404bf3749"
    },
    "originId": "MCC_1119322",
    "logbooks": [
      "6536f0b5fbf92e44a767572a"
    ],
    "title": "All three BTS ACMs showed trigger rate of 11.11 Hz; reset all OK",
    "text": "The 10Hz extraction trigger for BTS ACMs comes from SRS BTS-DG2. Since all three ACMs tripped with exactly the same value, all three get the trigger in parallel, and that SRS has already been swapped out, it seems likely that the glitch originates with the 10Hz pulse feeding the SRS.",
    "lastName": "Haggart",
    "firstName": "Craig",
    "userName": "haggart",
    "tags": [],
    "attachments": [],
    "followUps": [],
    "references": [
      "653847f65ec1e72404bf3747"
    ],
    "loggedAt": {
      "$date": "2022-01-16T07:23:04.000Z"
    },
    "eventAt": {
      "$date": "2022-01-16T07:14:47.000Z"
    },
    "version": 0,
    "_class": "edu.stanford.slac.elog_plus.model.Entry"
  },
  {
    "_id": {
      "$oid": "653847f75ec1e72404bf374b"
    },
    "originId": "MCC_1119323",
    "logbooks": [
      "6536f0b5fbf92e44a767572a"
    ],
    "title": "Shift summary: Saturday swing",
    "text": "SUMMARY: User beam for all of this 12-hour shift. Average fill rate was around 43mA/minute, average calculated efficiency was around 93%. There was one missed fill due to a BTS ACM trip (all three ACMs) when there was no beam. INJECTOR: 300mV Q, no tuning needed. All three BTS ACMs tripped shortly before the 11:10pm fill, when there was no beam through the chopper. All of them displayed a trigger fault (11.11Hz). SPEAR: 500mA autofill topoffs every 5 minutes, as scheduled. There was one missed fill due to the BTS ACM trip.",
    "lastName": "Haggart",
    "firstName": "Craig",
    "userName": "haggart",
    "tags": [],
    "attachments": [
      "653847f75ec1e72404bf374a"
    ],
    "followUps": [],
    "references": [],
    "loggedAt": {
      "$date": "2022-01-16T07:42:35.000Z"
    },
    "eventAt": {
      "$date": "2022-01-16T07:45:00.000Z"
    },
    "version": 0,
    "_class": "edu.stanford.slac.elog_plus.model.Entry"
  },
  {
    "_id": {
      "$oid": "653847f75ec1e72404bf374c"
    },
    "originId": "MCC_1119324",
    "logbooks": [
      "6536f0b5fbf92e44a767572a"
    ],
    "title": "Shift Start, Sun, 16 Jan 2022, Owl.",
    "text": "Program User Beams Injector Autofill is running, fill rate is near 45mA/min. SPEAR BEAMS, 3GeV, 7nm lattice, 500mA. BLs All BLs are open; except BL-17 is shut.",
    "lastName": "Hoover",
    "firstName": "Chris",
    "userName": "hoover",
    "tags": [],
    "attachments": [],
    "followUps": [],
    "references": [],
    "loggedAt": {
      "$date": "2022-01-16T07:52:24.000Z"
    },
    "eventAt": {
      "$date": "2022-01-16T07:45:49.000Z"
    },
    "version": 0,
    "_class": "edu.stanford.slac.elog_plus.model.Entry"
  },
  {
    "_id": {
      "$oid": "653847f75ec1e72404bf374d"
    },
    "originId": "MCC_1119325",
    "logbooks": [
      "6536f0b5fbf92e44a767571d"
    ],
    "title": "Daily BCS Checks - 1/16/2022 - Failed",
    "text": "LCLS BCS checks performed using the 4/29/2021 version of the checklist. [Passed] LI28 --&gt; Summary Chassis --&gt; LI28 PIC GAS PS1 Currently ACTIVE, must not be BYPASS. [Passed] LI28 --&gt; Summary Chassis --&gt; LI28 PIC GAS PS2 Currently ACTIVE, must not be BYPASS. [Passed] LI28 --&gt; PIC Chassis --&gt; IC 951 Status Currently ACTIVE, must not be BYPASS. [Passed] LI28 --&gt; PIC Chassis --&gt; IC 961 Status Currently ACTIVE, must not be BYPASS. [Passed] LI24 --&gt; Summary Chassis --&gt; PIC Summary #1 Currently ACTIVE, must not be BYPASS. [Passed] LI24 --&gt; Summary Chassis --&gt; PIC Summary #2 Currently ACTIVE, must not be BYPASS. [Passed] LI24 --&gt; Summary Chassis --&gt; LION Gas Pressure #1 Currently ACTIVE, must not be BYPASS. [Passed] LI24 --&gt; Summary Chassis --&gt; LION Gas Pressure #2 Currently ACTIVE, must not be BYPASS. [Passed] LI24 --&gt; PIC Chassis --&gt; CH01: BC2LION-1N Currently ACTIVE, must not be BYPASS. [Passed] LI24 --&gt; PIC Chassis --&gt; CH02: BC2LION-1S Currently ACTIVE, must not be BYPASS. [Passed] LCLS Injector --&gt; Summary Chassis --&gt; CH01: PIC Summary #1 Currently ACTIVE, must not be BYPASS. [Passed] LCLS Injector --&gt; Summary Chassis --&gt; CH02: PIC Summary #2 Currently ACTIVE, must not be BYPASS. [Passed] LCLS Injector --&gt; Summary Chassis --&gt; CH03: Dump Flow Switch Currently ACTIVE, must not be BYPASS. [Passed] LCLS Injector --&gt; Summary Chassis --&gt; CH04: Dump Flow Switch Currently ACTIVE, must not be BYPASS. [Passed] LCLS Injector --&gt; Summary Chassis --&gt; CH05: LION Gas Pres #1 Currently ACTIVE, must not be BYPASS. [Passed] LCLS Injector --&gt; Summary Chassis --&gt; CH06: LION Gas Pres #2 Currently ACTIVE, must not be BYPASS. [Passed] LCLS Injector --&gt; PIC Chassis --&gt; INJLION-1N Currently ACTIVE, must not be BYPASS. [Passed] LCLS Injector --&gt; PIC Chassis --&gt; INJLION-1S Currently ACTIVE, must not be BYPASS. [Passed] LCLS Injector --&gt; PIC Chassis --&gt; BC1LION-1N Currently ACTIVE, must not be BYPASS. [Passed] LCLS Injector --&gt; PIC Chassis --&gt; BC1LION-1S Currently ACTIVE, must not be BYPASS. [Passed] B136 / B005 --&gt; DTC --&gt; DTC CH1: BLRCUS (active/inactive) Currently ACTIVE, must not be BYPASS. [Passed] B136 / B005 --&gt; DTC --&gt; DTC CH3: BRCUS1 (active/inactive) Currently ACTIVE, must not be BYPASS. [Passed] B136 / B005 --&gt; Digital Summary Chassis 2 --&gt; CH01: R119B PIC SUM1 Currently ACTIVE, must not be BYPASS. [Passed] B136 / B005 --&gt; Digital Summary Chassis 2 --&gt; CH02: R119B PIC SUM2 Currently ACTIVE, must not be BYPASS. [Passed] B136 / B005 --&gt; Digital Summary Chassis 2 --&gt; CH03: R119C PIC SUM1 Currently ACTIVE, must not be BYPASS. [Passed] B136 / B005 --&gt; Digital Summary Chassis 2 --&gt; CH04: R119C PIC SUM2 Currently ACTIVE, must not be BYPASS. [Passed] B136 / B005 --&gt; Digital Summary Chassis 2 --&gt; CH05: R119D PIC SUM1 Currently ACTIVE, must not be BYPASS. [Passed] B136 / B005 --&gt; Digital Summary Chassis 2 --&gt; CH06: R119D PIC SUM2 Currently ACTIVE, must not be BYPASS. [Passed] B136 / B005 --&gt; Digital Summary Chassis 2 --&gt; CH09: 136 DTC SUM1 Currently ACTIVE, must not be BYPASS. [Passed] B136 / B005 --&gt; Digital Summary Chassis 2 --&gt; CH10: 136 DTC SUM2 Currently ACTIVE, must not be BYPASS. [Passed] B136 / B005 --&gt; Digital Summary Chassis 2 --&gt; CH11: 005 DTC SUM1 Currently ACTIVE, must not be BYPASS. [Passed] B136 / B005 --&gt; Digital Summary Chassis 2 --&gt; CH12: 005 DTC SUM2 Currently ACTIVE, must not be BYPASS. [Passed] B136 / B005 --&gt; Digital Summary Chassis 2 --&gt; CH13: 005 PPS1-BCS Currently ACTIVE, must not be BYPASS. [Passed] B136 / B005 --&gt; Digital Summary Chassis 2 --&gt; CH14: 005 PPS2-BCS Currently ACTIVE, must not be BYPASS. [Passed] B136 / B005 --&gt; Digital Summary Chassis 1 --&gt; CH01: D2 FS1 Currently ACTIVE, must not be BYPASS. [Passed] B136 / B005 --&gt; Digital Summary Chassis 1 --&gt; CH02: D2 FS2 Currently ACTIVE, must not be BYPASS. [Passed] B136 / B005 --&gt; Digital Summary Chassis 1 --&gt; CH03: ST CLTS FS1 Currently ACTIVE, must not be BYPASS. [Passed] B136 / B005 --&gt; Digital Summary Chassis 1 --&gt; CH04: ST CLTS FS2 Currently ACTIVE, must not be BYPASS. [Passed] B136 / B005 --&gt; Digital Summary Chassis 1 --&gt; CH07: BSY PIC GAS PS1 Currently ACTIVE, must not be BYPASS. [Passed] B136 / B005 --&gt; Digital Summary Chassis 1 --&gt; CH08: BSY PIC GAS PS2 Currently ACTIVE, must not be BYPASS. [Passed] B911 --&gt; Bypass and Summary Chassis #1 --&gt; CH01: PIC Summary #1 Currently ACTIVE, must not be BYPASS. [Passed] B911 --&gt; Bypass and Summary Chassis #1 --&gt; CH02: PIC Summary #2 Currently ACTIVE, must not be BYPASS. [Passed] B911 --&gt; Bypass and Summary Chassis #1 --&gt; CH07: BTHW Summary #1 Currently ACTIVE, must not be BYPASS. [Passed] B911 --&gt; Bypass and Summary Chassis #1 --&gt; CH08: BTHW Summary #2 Currently ACTIVE, must not be BYPASS. [Passed] B911 --&gt; Bypass and Summary Chassis #2 (BTHW) --&gt; CH1: PIC Summary #1 Currently ACTIVE, must not be BYPASS. [Passed] B911 --&gt; Bypass and Summary Chassis #2 (BTHW) --&gt; CH2: PIC Summary #2 Currently ACTIVE, must not be BYPASS. [Passed] B911 --&gt; Bypass and Summary Chassis #2 (BTHW) --&gt; CH3: DTC Summary #1 Currently ACTIVE, must not be BYPASS. [Passed] B911 --&gt; Bypass and Summary Chassis #2 (BTHW) --&gt; CH4: DTC Summary #2 Currently ACTIVE, must not be BYPASS. [Passed] B911 --&gt; PIC Chassis 1 --&gt; CH1: LTU-LION-1N Currently ACTIVE, must not be BYPASS. [Passed] B911 --&gt; PIC Chassis 1 --&gt; CH2: LTU-LION-1S Currently ACTIVE, must not be BYPASS. [Passed] B911 --&gt; PIC Chassis 1 --&gt; CH3: LTU-LION-2N Currently ACTIVE, must not be BYPASS. [Passed] B911 --&gt; PIC Chassis 1 --&gt; CH4: LTU-LION-2S Currently ACTIVE, must not be BYPASS. [Passed] B911 --&gt; PIC Chassis 1 --&gt; CH5: LTU-LION-3N Currently ACTIVE, must not be BYPASS. [Passed] B911 --&gt; PIC Chassis 1 --&gt; CH6: LTU-LION-3S Currently ACTIVE, must not be BYPASS. [Passed] B911 --&gt; PIC Chassis 1 --&gt; CH9: LTU-PIC-BTM22-IC1 Currently ACTIVE, must not be BYPASS. [Passed] B911 --&gt; PIC Chassis 1 --&gt; CH10: LTU-PIC-BTM42-IC1 Currently ACTIVE, must not be BYPASS. [Passed] B911 --&gt; PIC Chassis 2 --&gt; CH01: PIC-BTM1-IC1 Currently ACTIVE, must not be BYPASS. [Passed] B911 --&gt; PIC Chassis 2 --&gt; CH02: PIC-BTM01B-IC1 Currently ACTIVE, must not be BYPASS. [Passed] B911 --&gt; PIC Chassis 2 --&gt; CH03: PIC-BTM2-IC1 Currently ACTIVE, must not be BYPASS. [Passed] B911 --&gt; PIC Chassis 2 --&gt; CH05: PIC-BTM3-IC1 Currently ACTIVE, must not be BYPASS. [Passed] B911 --&gt; PIC Chassis 2 --&gt; CH06: PIC-BTM03B-IC1 Currently ACTIVE, must not be BYPASS. [Passed] B911 --&gt; PIC Chassis 2 --&gt; CH07: PIC-BTM4-IC1 Currently ACTIVE, must not be BYPASS. [Passed] B911 --&gt; PIC Chassis 2 --&gt; CH08: PIC-BTM04B-IC1 Currently ACTIVE, must not be BYPASS. [Passed] B911 --&gt; PIC Chassis 2 --&gt; CH09: PIC-TDUND-IC1 Currently ACTIVE, must not be BYPASS. [Passed] B911 --&gt; DTC --&gt; CH1: BYD1 (active/inactive) Currently ACTIVE, must not be BYPASS. [Passed] B911 --&gt; DTC --&gt; CH2: BYD1 (redundant) (active/inactive) Currently ACTIVE, must not be BYPASS. [Passed] B911 --&gt; DTC --&gt; CH3: BY1B (active/inactive) Currently ACTIVE, must not be BYPASS. [Passed] B911 --&gt; DTC --&gt; CH4: BYD1B (active/inactive) Currently ACTIVE, must not be BYPASS. [Passed] B913 --&gt; Digital Summary Chassis #1 --&gt; CH01: PIC SUM #1 Currently ACTIVE, must not be BYPASS. [Passed] B913 --&gt; Digital Summary Chassis #1 --&gt; CH02: PIC SUM #2 Currently ACTIVE, must not be BYPASS. [Passed] B913 --&gt; Digital Summary Chassis #1 --&gt; CH03: LION GAS PSW #1 Currently ACTIVE, must not be BYPASS. [Passed] B913 --&gt; Digital Summary Chassis #1 --&gt; CH04: LION GAS PSW #2 Currently ACTIVE, must not be BYPASS. [Passed] B913 --&gt; Digital Summary Chassis #1 --&gt; CH05: PIC GAS PSW #1 Currently ACTIVE, must not be BYPASS. [Passed] B913 --&gt; Digital Summary Chassis #1 --&gt; CH06: PIC GAS PSW #2 Currently ACTIVE, must not be BYPASS. [Passed] B913 --&gt; PIC Chassis #1 --&gt; CH01: LTU LION-4N Currently ACTIVE, must not be BYPASS. [Passed] B913 --&gt; PIC Chassis #1 --&gt; CH02: LTU LION-4S Currently ACTIVE, must not be BYPASS. [Passed] B913 --&gt; PIC Chassis #1 --&gt; CH03: LTU LION-5N Currently ACTIVE, must not be BYPASS. [Passed] B913 --&gt; PIC Chassis #1 --&gt; CH04: LTU LION-5S Currently ACTIVE, must not be BYPASS. [Passed] B913 --&gt; PIC Chassis #1 --&gt; CH05: LTU LION-6N Currently ACTIVE, must not be BYPASS. [Passed] B913 --&gt; PIC Chassis #1 --&gt; CH06: LTU LION-6S Currently ACTIVE, must not be BYPASS. [Passed] B913 --&gt; PIC Chassis #1 --&gt; CH07: LTU LION-7N Currently ACTIVE, must not be BYPASS. [Passed] B913 --&gt; PIC Chassis #1 --&gt; CH08: LTU LION-7S Currently ACTIVE, must not be BYPASS. [Passed] B913 --&gt; PIC Chassis #1 --&gt; CH10: PIC-TDUNDB-IC1 Currently ACTIVE, must not be BYPASS. [Passed] B921 --&gt; PICS --&gt; DUMP PIC Chassis #1 --&gt; CH01: PIC-BTMQUE/PCPM0-IC1 Currently ACTIVE, must not be BYPASS. [Passed] B921 --&gt; PICS --&gt; DUMP PIC Chassis #1 --&gt; CH03: PIC-PCPM1-IC1 Currently ACTIVE, must not be BYPASS. [Passed] B921 --&gt; PICS --&gt; DUMP PIC Chassis #1 --&gt; CH04: PIC-PCPM1B-IC1 Currently ACTIVE, must not be BYPASS. [Passed] B921 --&gt; PICS --&gt; DUMP PIC Chassis #1 --&gt; CH05: PIC-PCPM2-IC1 Currently ACTIVE, must not be BYPASS. [Passed] B921 --&gt; PICS --&gt; DUMP PIC Chassis #1 --&gt; CH06: PIC-PCPM2B-IC1 Currently ACTIVE, must not be BYPASS. [Passed] B921 --&gt; PICS --&gt; DUMP PIC Chassis #1 --&gt; CH07: PIC-BYD-IC1 Currently ACTIVE, must not be BYPASS. [Passed] B921 --&gt; PICS --&gt; DUMP PIC Chassis #1 --&gt; CH08: PIC-BYDB-IC1 Currently ACTIVE, must not be BYPASS. [Passed] B921 --&gt; PICS --&gt; DUMP PIC Chassis #1 --&gt; CH010: PIC-BTMQUEB/PCPM0B-IC1 Currently ACTIVE, must not be BYPASS. [Passed] B921 --&gt; PICS --&gt; DUMP PIC Chassis #2 --&gt; CH01: PIC-PCPM3-IC1 Currently ACTIVE, must not be BYPASS. [Passed] B921 --&gt; PICS --&gt; DUMP PIC Chassis #2 --&gt; CH02: PIC-PCPM3B-IC1 Currently ACTIVE, must not be BYPASS. [Passed] B921 --&gt; PICS --&gt; DUMP PIC Chassis #2 --&gt; CH03: PIC-PCTCX-IC1 Currently ACTIVE, must not be BYPASS. [Passed] B921 --&gt; PICS --&gt; DUMP PIC Chassis #2 --&gt; CH05: PIC-SFTDMP-IC1 Currently ACTIVE, must not be BYPASS. [Passed] B921 --&gt; PICS --&gt; DUMP PIC Chassis #2 --&gt; CH06: PIC-SFTDMPB-IC1 Currently ACTIVE, must not be BYPASS. [Passed] B921 --&gt; DTC --&gt; DTC1 CH1: BYDSS (active/inactive) Currently ACTIVE, must not be BYPASS. [Passed] B921 --&gt; DTC --&gt; DTC1 CH2: BYDSH (active/inactive) Currently ACTIVE, must not be BYPASS. [Passed] B921 --&gt; Digital Summary Chassis --&gt; CH1: DTC SUM1 Currently ACTIVE, must not be BYPASS. [Passed] B921 --&gt; Digital Summary Chassis --&gt; CH2: DTC SUM2 Currently ACTIVE, must not be BYPASS. [Passed] B921 --&gt; Digital Summary Chassis --&gt; CH3: ND1S Currently ACTIVE, must not be BYPASS. [Passed] B921 --&gt; Digital Summary Chassis --&gt; CH4: ND1H Currently ACTIVE, must not be BYPASS. [Passed] B921 --&gt; Digital Summary Chassis --&gt; CH5: ND2S Currently ACTIVE, must not be BYPASS. [Passed] B921 --&gt; Digital Summary Chassis --&gt; CH9: PIC SUM1 Currently ACTIVE, must not be BYPASS. [Passed] B921 --&gt; Digital Summary Chassis --&gt; CH10: PIC SUM2 Currently ACTIVE, must not be BYPASS. [Passed] B921 --&gt; Digital Summary Chassis --&gt; CH11: EDMP FS1 Currently ACTIVE, must not be BYPASS. [Passed] B921 --&gt; Digital Summary Chassis --&gt; CH12: EDMP FS2 Currently ACTIVE, must not be BYPASS. [Passed] B921 --&gt; Digital Summary Chassis --&gt; CH13: VAT SUM1 Currently ACTIVE, must not be BYPASS. [Passed] B921 --&gt; Digital Summary Chassis --&gt; CH14: VAT SUM2 Currently ACTIVE, must not be BYPASS. [Passed] B921 --&gt; Digital Summary Chassis --&gt; CH15: VAT SUM3 Currently ACTIVE, must not be BYPASS. [Passed] B921 --&gt; Digital Summary Chassis --&gt; CH16: VAT SUM4 Currently ACTIVE, must not be BYPASS. *** ST950/960 status is IN *** [Passed] LI28 --&gt; Summary Chassis --&gt; CH01: PIC Summary 1 Currently ACTIVE, must not be BYPASS. [Passed] LI28 --&gt; Summary Chassis --&gt; CH02: PIC Summary 2 Currently ACTIVE, must not be BYPASS. [Passed] LI28 --&gt; Summary Chassis --&gt; CH03: ST950 Flwswch 1 Currently ACTIVE, must not be BYPASS. [Passed] LI28 --&gt; Summary Chassis --&gt; CH04: ST950 Flwswch 2 Currently ACTIVE, must not be BYPASS. [Passed] LI28 --&gt; Summary Chassis --&gt; CH05: ST960 Flwswch 1 Currently ACTIVE, must not be BYPASS. [Passed] LI28 --&gt; Summary Chassis --&gt; CH06: ST960 Flwswch 2 Currently ACTIVE, must not be BYPASS. [Failed] B136 / B005 --&gt; DTC --&gt; B136 --&gt; DTC CH1: BLRCUS (low trip) Currently at 6.65400167849, must be 6.55 +/- 0.01 [Failed] B136 / B005 --&gt; DTC --&gt; B136 --&gt; DTC CH1: BLRCUS (high trip) Currently at 7.92904554818, must be 7.78 +/- 0.01 [Failed] B136 / B005 --&gt; DTC --&gt; B136 --&gt; DTC CH3: BRCUS1 (low trip) Currently at 6.69245441367, must be 6.6 +/- 0.01 [Failed] B136 / B005 --&gt; DTC --&gt; B136 --&gt; DTC CH3: BRCUS1 (high trip) Currently at 8.01510643168, must be 7.92 +/- 0.01 [Passed] B136 / B005 --&gt; DTC --&gt; B005 --&gt; DTC1 CH1: BY1-BY2 (low trip) Currently at 6.17944609751, must be 6.17 +/- 0.01 [Failed] B136 / B005 --&gt; DTC --&gt; B005 --&gt; DTC1 CH1: BY1-BY2 (high trip) Currently at 7.06263828489, must be 7.09 +/- 0.01 [Passed] B911 --&gt; DTC --&gt; DTC1 CH1: BYD1 (low trip) Currently at 6.45563439384, must be 6.45 +/- 0.01 [Passed] B911 --&gt; DTC --&gt; DTC1 CH1: BYD1 (high trip) Currently at 8.43045700771, must be 8.43 +/- 0.01 [Passed] B911 --&gt; DTC --&gt; DTC1 CH2: BYD1 (redundant) (low trip) Currently at 6.56214236667, must be 6.56 +/- 0.01 [Passed] B911 --&gt; DTC --&gt; DTC1 CH2: BYD1 (redundant) (high trip) Currently at 8.47592889296, must be 8.47 +/- 0.01 [Passed] B911 --&gt; DTC --&gt; DTC1 CH3: BY1B (low trip) Currently at 6.2743572137, must be 6.27 +/- 0.01 [Passed] B911 --&gt; DTC --&gt; DTC1 CH3: BY1B (high trip) Currently at 6.70038910506, must be 6.7 +/- 0.01 [Passed] B911 --&gt; DTC --&gt; DTC1 CH4: BYD1B (low trip) Currently at 6.85633630884, must be 6.86 +/- 0.01 [Passed] B911 --&gt; DTC --&gt; DTC1 CH4: BYD1B (high trip) Currently at 8.81315327687, must be 8.81 +/- 0.01 [Passed] B921 --&gt; DTC --&gt; DTC1 CH1: BYDSS (low trip) Currently at 6.20813305867, must be 6.21 +/- 0.01 [Passed] B921 --&gt; DTC --&gt; DTC1 CH1: BYDSS (high trip) Currently at 6.79987792782, must be 6.8 +/- 0.01 [Passed] B921 --&gt; DTC --&gt; DTC1 CH2: BYDSH (low trip) Currently at 6.1681544213, must be 6.17 +/- 0.01 [Passed] B921 --&gt; DTC --&gt; DTC1 CH2: BYDSH (high trip) Currently at 7.25795376516, must be 7.26 +/- 0.01 [Passed] B136 / B005 --&gt; R119B PICs --&gt; CH01: PCBSY4-IC1 Currently ACTIVE, must not be BYPASS. [Passed] B136 / B005 --&gt; R119B PICs --&gt; CH02: PCBSY5-IC1 Currently ACTIVE, must not be BYPASS. [Passed] B136 / B005 --&gt; R119B PICs --&gt; CH04: ST34B-IC1 Currently ACTIVE, must not be BYPASS. [Passed] B136 / B005 --&gt; R119B PICs --&gt; CH05: PCBP33-IC1 Currently ACTIVE, must not be BYPASS. [Passed] B136 / B005 --&gt; R119B PICs --&gt; CH08: ST60-IC1 Currently ACTIVE, must not be BYPASS. [Passed] B136 / B005 --&gt; R119C PICs --&gt; CH07: BLRCUS-IC1 Currently ACTIVE, must not be BYPASS. [Passed] B136 / B005 --&gt; R119C PICs --&gt; CH08: ST61-IC1 Currently ACTIVE, must not be BYPASS. [Passed] B136 / B005 --&gt; R119C PICs --&gt; CH10: PCSP3S-IC1 Currently ACTIVE, must not be BYPASS. [Passed] B136 / B005 --&gt; R119D PICs --&gt; CH01: PCSP4S-IC1 Currently ACTIVE, must not be BYPASS. [Passed] B136 / B005 --&gt; R119D PICs --&gt; CH05: STCLTS-IC1 Currently ACTIVE, must not be BYPASS. [Passed] B136 / B005 --&gt; R119D PICs --&gt; CH07: ST34A-IC1 Currently ACTIVE, must not be BYPASS. [Passed] B136 / B005 --&gt; R119D PICs --&gt; CH10: D2-IC1 Currently ACTIVE, must not be BYPASS. *** D2 stopper status is IN *** *** ST34 stopper status is IN *** *** STCLTS stopper status is IN *** [Passed] B136 / B005 --&gt; DTC --&gt; B005 --&gt; DTC1 CH1: BY1-BY2 (active/inactive) Currently BYPASS, must not be ACTIVE. LCLS BCS checks failed. FACET BCS checks performed using the 3/1/2021 version of the checklist. [Passed] LI20 --&gt; PIC Summary 1 Currently ACTIVE, must not be BYPASS. [Passed] LI20 --&gt; PIC Summary 2 Currently ACTIVE, must not be BYPASS. [Passed] LI20 --&gt; LION Gas Pressure Switch 1 Currently ACTIVE, must not be BYPASS. [Passed] LI20 --&gt; LION Gas Pressure Switch 2 Currently ACTIVE, must not be BYPASS. [Passed] LI20 --&gt; PIC Gas Pressure Switch 1 Currently ACTIVE, must not be BYPASS. [Passed] LI20 --&gt; PIC Gas Pressure Switch 2 Currently ACTIVE, must not be BYPASS. [Passed] LI20 --&gt; FACET-II Dump Flow Switch 1 Currently ACTIVE, must not be BYPASS. [Passed] LI20 --&gt; FACET-II Dump Flow Switch 2 Currently ACTIVE, must not be BYPASS. [Passed] LI20 --&gt; B1 Dump Flow Switch 1 Currently ACTIVE, must not be BYPASS. [Passed] LI20 --&gt; B1 Dump Flow Switch 2 Currently ACTIVE, must not be BYPASS. [Passed] LI20 --&gt; LI19 LION 1N Currently OK, must not be BYPASS. [Passed] LI20 --&gt; LI19 LION 1S Currently OK, must not be BYPASS. [Passed] LI20 --&gt; LI19 LION 2N Currently OK, must not be BYPASS. [Passed] LI20 --&gt; LI19 LION 2S Currently OK, must not be BYPASS. [Passed] LI20 --&gt; LI19 LION 3N Currently OK, must not be BYPASS. [Passed] LI20 --&gt; LI19 LION 3S Currently OK, must not be BYPASS. [Passed] LI20 --&gt; SCAVEXT-LION-1N Currently OK, must not be BYPASS. [Passed] LI20 --&gt; SCAVEXT-LION-1S Currently OK, must not be BYPASS. [Passed] LI20 --&gt; FDMP-IC1 Currently OK, must not be BYPASS. [Passed] LI20 --&gt; FDMP-IC2 Currently OK, must not be BYPASS. FACET BCS checks successful.",
    "lastName": "Physics",
    "userName": "physics",
    "tags": [],
    "attachments": [],
    "followUps": [],
    "references": [],
    "loggedAt": {
      "$date": "2022-01-16T08:15:07.000Z"
    },
    "eventAt": {
      "$date": "2022-01-16T08:15:07.000Z"
    },
    "version": 0,
    "_class": "edu.stanford.slac.elog_plus.model.Entry"
  },
  {
    "_id": {
      "$oid": "653847f75ec1e72404bf374f"
    },
    "originId": "MCC_1119326",
    "logbooks": [
      "6536f0b5fbf92e44a767572a"
    ],
    "title": "Steady injection near 45mA/min.",
    "text": "",
    "lastName": "Hoover",
    "firstName": "Chris",
    "userName": "hoover",
    "tags": [],
    "attachments": [
      "653847f75ec1e72404bf374e"
    ],
    "followUps": [],
    "references": [],
    "loggedAt": {
      "$date": "2022-01-16T09:32:57.000Z"
    },
    "eventAt": {
      "$date": "2022-01-16T09:32:57.000Z"
    },
    "version": 0,
    "_class": "edu.stanford.slac.elog_plus.model.Entry"
  },
  {
    "_id": {
      "$oid": "653847f75ec1e72404bf3750"
    },
    "originId": "MCC_1119327",
    "logbooks": [
      "6536f0b5fbf92e44a767572c"
    ],
    "title": "NIGHT-SHIFT Report 2022-01-15/16, Sat/Sun",
    "text": "NIGHT-SHIFT Report 2022-01-15/16, Sat/Sun PROGRAM: User Beam, 500 mA, 300 s top-off injection BEAMLINES: All open except BL17 FAULTS: 0110 LN Tank T5B level falls below 100 ins, sounding building alarm. Alarm silenced. Fill anticipated within 23 hrs EXPERIMENTS: No concerns",
    "lastName": "Pople",
    "firstName": "John",
    "userName": "pople",
    "tags": [],
    "attachments": [],
    "followUps": [],
    "references": [],
    "loggedAt": {
      "$date": "2022-01-16T13:33:16.000Z"
    },
    "eventAt": {
      "$date": "2022-01-16T13:33:16.000Z"
    },
    "version": 0,
    "_class": "edu.stanford.slac.elog_plus.model.Entry"
  },
  {
    "_id": {
      "$oid": "653847f75ec1e72404bf3751"
    },
    "originId": "MCC_1119328",
    "logbooks": [
      "6536f0b5fbf92e44a767573d"
    ],
    "title": "Swing shift HRS-log",
    "text": "01/15/22 18:30 - Mike Stivala - C1 - HRS.CS.MC-Significant oil leak observed at C1-SG21449 (WHC 214 Oil return from He aftercooler sight glass). This should be repaired before startup as identical equipment leak on WHC 216 was the most substantial leak of our previous run.",
    "lastName": "Nicoletta",
    "firstName": "Mike",
    "userName": "mnicolet",
    "tags": [],
    "attachments": [],
    "followUps": [],
    "references": [],
    "loggedAt": {
      "$date": "2022-01-16T13:58:20.000Z"
    },
    "eventAt": {
      "$date": "2022-01-16T13:58:20.000Z"
    },
    "version": 0,
    "_class": "edu.stanford.slac.elog_plus.model.Entry"
  },
  {
    "_id": {
      "$oid": "653847f75ec1e72404bf3752"
    },
    "originId": "MCC_1119329",
    "logbooks": [
      "6536f0b5fbf92e44a767572a"
    ],
    "title": "Shift start: Sunday swing",
    "text": "<p><strong>Operators:</strong></p>\n<p>Haggart</p>\n<p><strong>Injector Status:</strong></p>\n<p>RUN mode, 300mV Q</p>\n<p><strong>SPEAR Status:</strong></p>\n<p>BEAMS mode, 500mA stored current</p>\n<p><strong>Program:</strong></p>\n<p>User beam with 500mA autofill topoffs every 5 minutes</p>",
    "lastName": "Haggart",
    "firstName": "Craig",
    "userName": "haggart",
    "tags": [],
    "attachments": [],
    "followUps": [],
    "references": [],
    "loggedAt": {
      "$date": "2022-01-16T19:37:09.000Z"
    },
    "eventAt": {
      "$date": "2022-01-16T19:45:59.000Z"
    },
    "version": 0,
    "_class": "edu.stanford.slac.elog_plus.model.Entry"
  },
  {
    "_id": {
      "$oid": "653847f75ec1e72404bf3753"
    },
    "originId": "MCC_1119330",
    "logbooks": [
      "6536f0b5fbf92e44a767572a"
    ],
    "title": "Shift Summary, Sun, 16 Jan 2022, Owl.",
    "text": "Summary User Beams, no losses, no missed refills. Injector 500mA refills all shift; fill rate is near 45mA/min. SPEAR 3GeV 500mA 7nm lattice User beam. BLs All BLs open this shift, except BL-17 is shut.",
    "lastName": "Hoover",
    "firstName": "Chris",
    "userName": "hoover",
    "tags": [],
    "attachments": [],
    "followUps": [],
    "references": [],
    "loggedAt": {
      "$date": "2022-01-16T19:52:57.000Z"
    },
    "eventAt": {
      "$date": "2022-01-16T20:00:25.000Z"
    },
    "version": 0,
    "_class": "edu.stanford.slac.elog_plus.model.Entry"
  },
  {
    "_id": {
      "$oid": "653847f75ec1e72404bf3754"
    },
    "originId": "MCC_1119331",
    "logbooks": [
      "6536f0b5fbf92e44a7675730"
    ],
    "title": "20-8(LOB): Calibrate klystron heater, CATER 154488",
    "text": "Dave asked to calibrate klystron heater for this station. Connected pulse and triax HV cables. Removed all the ground hooks inside the modulator. Removed the blue lock for CB7, but I couldn't remove the 120Vac because I have no key for this blue lock? Therefore, I stopped work, installed ground hooks back and blue lock for CB7. Also there was no VVS.",
    "lastName": "Nguyen",
    "firstName": "Phillip",
    "userName": "phillip",
    "tags": [],
    "attachments": [],
    "followUps": [],
    "references": [],
    "loggedAt": {
      "$date": "2022-01-16T22:07:44.000Z"
    },
    "eventAt": {
      "$date": "2022-01-16T22:07:44.000Z"
    },
    "version": 0,
    "_class": "edu.stanford.slac.elog_plus.model.Entry"
  },
  {
    "_id": {
      "$oid": "653847f75ec1e72404bf3755"
    },
    "originId": "MCC_1119332",
    "logbooks": [
      "6536f0b5fbf92e44a767571d"
    ],
    "title": "Linac West Interlock Checks Update:",
    "text": "We got through most of the interlock checks that were not checked Thursday 11/13. What is left to initially check as of 11/14: PPS Warning System Statuses: All Search resets, zone clear statuses, housing lights flashing and audible warning alarms - Presets: PR-7E, PR-5H, PR-3H - Sector 6 , yellow light, Manway Door and Hatch Statuses (the search key from sector 4 was unable to be turned in the keypod, could have done this in permitted but I forgot that this was possible) - Sectors 5-1 yellow light - Sector 4 yellow light and annunciator status - Sector 0: Manway Checks, Keybank checks Left to recheck with new procedural edits: - 0/1 boundary gate door checks + SAT Level Checks - Any fixes that were implemented from 11/13 CATERs that would require re-checking interlocks in the field New CATERS as of 11/14: 154603 - Sector 10A key-banks have keys that will not release 154604 - Sector 6 manway does not allow the sector 4 search key to turn in its key-pod. 154605 - The sector 4 right key-bank only allows personnel keys to be released when the search key is in. Procedural Edits: I have put comments and made slight changes to the interlock checklist via sharepoint Those included changing the language for the emergency entry/exit paddles to pull, instead of push and hold, as well as formatting comments: The AOR Interlock check tables have strange formatting that is only viewable in print preview that changes the structure of the document when printed.",
    "lastName": "Garske",
    "firstName": "Maddy",
    "userName": "mwgarske",
    "tags": [],
    "attachments": [],
    "followUps": [],
    "references": [],
    "loggedAt": {
      "$date": "2022-01-16T22:34:10.000Z"
    },
    "eventAt": {
      "$date": "2022-01-15T02:58:01.000Z"
    },
    "version": {
      "$numberLong": "2"
    },
    "_class": "edu.stanford.slac.elog_plus.model.Entry",
    "supersededBy": "653847f75ec1e72404bf3756"
  },
  {
    "_id": {
      "$oid": "653847f75ec1e72404bf3756"
    },
    "originId": "MCC_1119333",
    "logbooks": [
      "6536f0b5fbf92e44a767571d"
    ],
    "title": "Linac West Interlock Checks Update:",
    "text": "We got through most of the interlock checks that were not checked Thursday 11/13. What is left to initially check as of 11/14: PPS Warning System Statuses: All Search resets, zone clear statuses, housing lights flashing and audible warning alarms - Presets: PR-7E, PR-5H, PR-3H - Sector 6 , yellow light, Manway Door and Hatch Statuses (the search key from sector 4 was unable to be turned in the keypod, could have done this in permitted but I forgot that this was possible) - Sectors 5-1 yellow light - Sector 4 yellow light and annunciator status - Sector 0: Manway Checks, Keybank checks Left to recheck with new procedural edits: - 0/1 boundary gate door checks + SAT Level Checks - Any fixes that were implemented from 11/13 CATERs that would require re-checking interlocks in the field New CATERS as of 11/14: 154603 - Sector 10A key-banks have keys that will not release 154604 - Sector 6 manway does not allow the sector 4 search key to turn in its key-pod. 154605 - The sector 4 right key-bank only allows personnel keys to be released when the search key is in. Procedural Edits: I have put comments and made slight changes to the interlock checklist via sharepoint Those included changing the language for the emergency entry/exit paddles to pull, instead of push and hold, as well as formatting comments: The AOR Interlock check tables have strange formatting that is only viewable in print preview that changes the structure of the document when printed.",
    "lastName": "Garske",
    "firstName": "Maddy",
    "userName": "mwgarske",
    "tags": [],
    "attachments": [],
    "followUps": [],
    "references": [],
    "loggedAt": {
      "$date": "2022-01-16T22:52:27.000Z"
    },
    "eventAt": {
      "$date": "2022-01-15T02:58:01.000Z"
    },
    "version": 0,
    "_class": "edu.stanford.slac.elog_plus.model.Entry"
  },
  {
    "_id": {
      "$oid": "653847f85ec1e72404bf3758"
    },
    "originId": "MCC_1119334",
    "logbooks": [
      "6536f0b5fbf92e44a767572a"
    ],
    "title": "Going to TUNE mode between fills",
    "text": "Fill rate has been steadily dropping. Will see if it can be turned around.",
    "lastName": "Haggart",
    "firstName": "Craig",
    "userName": "haggart",
    "tags": [],
    "attachments": [
      "653847f75ec1e72404bf3757"
    ],
    "followUps": [],
    "references": [],
    "loggedAt": {
      "$date": "2022-01-16T23:06:26.000Z"
    },
    "eventAt": {
      "$date": "2022-01-16T23:06:26.000Z"
    },
    "version": 0,
    "_class": "edu.stanford.slac.elog_plus.model.Entry"
  },
  {
    "_id": {
      "$oid": "653847f85ec1e72404bf3759"
    },
    "originId": "MCC_1119335",
    "logbooks": [
      "6536f0b5fbf92e44a767571d"
    ],
    "title": "Ignition disabled, acr unstaffed",
    "text": "",
    "lastName": "Schuh",
    "firstName": "Peter",
    "userName": "schuh",
    "tags": [],
    "attachments": [],
    "followUps": [],
    "references": [],
    "loggedAt": {
      "$date": "2022-01-16T23:08:43.000Z"
    },
    "eventAt": {
      "$date": "2022-01-16T23:08:43.000Z"
    },
    "version": 0,
    "_class": "edu.stanford.slac.elog_plus.model.Entry"
  },
  {
    "_id": {
      "$oid": "653847f85ec1e72404bf375a"
    },
    "originId": "MCC_1119336",
    "logbooks": [
      "6536f0b5fbf92e44a767571d"
    ],
    "title": "Ignition enabled for linac west pps testing",
    "text": "A few hours of work to address caters.",
    "lastName": "Schuh",
    "firstName": "Peter",
    "userName": "schuh",
    "tags": [],
    "attachments": [],
    "followUps": [],
    "references": [],
    "loggedAt": {
      "$date": "2022-01-16T23:09:36.000Z"
    },
    "eventAt": {
      "$date": "2022-01-16T20:08:46.000Z"
    },
    "version": 0,
    "_class": "edu.stanford.slac.elog_plus.model.Entry"
  },
  {
    "_id": {
      "$oid": "653847f85ec1e72404bf375b"
    },
    "originId": "MCC_1119337",
    "logbooks": [
      "6536f0b5fbf92e44a767572a"
    ],
    "title": "Q meter is fine (300mV), will try a few traj corrs",
    "text": "",
    "lastName": "Haggart",
    "firstName": "Craig",
    "userName": "haggart",
    "tags": [],
    "attachments": [],
    "followUps": [],
    "references": [],
    "loggedAt": {
      "$date": "2022-01-16T23:11:00.000Z"
    },
    "eventAt": {
      "$date": "2022-01-16T23:11:00.000Z"
    },
    "version": 0,
    "_class": "edu.stanford.slac.elog_plus.model.Entry"
  }
]